service_id,monday,tuesday,wednesday,thursday,friday,saturday,sunday,start_date,end_date
0,0,0,0,0,0,1,1,20251227,20251228
1,0,0,1,0,0,0,0,20251231,20251231
2,0,0,0,0,0,1,0,20251227,20251227
3,1,1,1,1,1,0,0,20251215,20261211
4,0,0,0,0,1,0,0,20251226,20251226
5,0,0,0,0,0,1,1,20251214,20261212
6,1,1,1,1,1,0,0,20251215,20261211
7,0,0,0,0,0,0,0,20251222,20261030
8,0,0,0,0,0,0,0,20251215,20261211
9,0,0,0,0,0,1,1,20251214,20261212
10,0,0,0,0,0,1,1,20260117,20260614
11,0,0,0,0,0,1,1,20260117,20260614
12,0,0,0,0,0,0,0,20251215,20261211
13,0,0,0,0,0,0,0,20251215,20261211
14,0,0,0,0,0,0,0,20251215,20261211
15,0,0,0,0,0,0,0,20251214,20261212
16,0,0,0,0,0,0,0,20251214,20261212
17,0,0,1,1,1,0,0,20260121,20260123
18,1,1,0,0,0,0,0,20260119,20260120
19,0,0,0,0,0,0,1,20251214,20251214
20,1,1,1,1,1,1,1,20251214,20261212
21,1,1,1,1,1,1,1,20251214,20261212
22,0,0,0,0,0,1,0,20251220,20261212
23,1,1,1,1,1,0,1,20251214,20261211
24,0,0,0,0,0,0,1,20251214,20261206
25,1,1,1,1,1,1,0,20251215,20261212
26,1,1,1,1,1,0,0,20251215,20260202
27,1,1,1,1,1,0,0,20260203,20261211
28,0,0,0,0,0,0,0,20260203,20261211
29,0,0,0,0,0,1,1,20251214,20260201
30,0,0,0,0,0,0,0,20260207,20261212
31,1,1,1,1,1,0,0,20251215,20260202
32,1,1,1,1,1,0,0,20260203,20261211
33,0,0,0,0,0,1,1,20251214,20260201
34,0,0,0,0,0,1,1,20260207,20261212
35,0,0,0,0,0,1,0,20251220,20251220
36,0,0,0,0,0,0,1,20260208,20261206
37,0,0,0,0,0,0,1,20251214,20260201
38,1,0,0,0,0,0,1,20251214,20251215
39,1,1,0,0,0,0,0,20251215,20251216
40,1,1,1,1,1,1,0,20251215,20261212
41,1,1,1,1,1,1,1,20251214,20261212
42,1,0,0,0,0,0,0,20251215,20251215
43,0,0,1,1,0,0,0,20260128,20260129
44,1,1,1,1,1,1,1,20251214,20261212
45,1,1,1,1,0,0,0,20260112,20260115
46,1,1,1,1,1,1,1,20251214,20261212
47,1,1,1,0,0,0,0,20251215,20251217
48,1,0,0,0,0,0,0,20260406,20260406
49,1,1,0,0,0,0,0,20251229,20251230
50,1,1,1,1,1,1,1,20251214,20261212
51,1,1,1,1,1,1,1,20251214,20261212
52,1,1,1,1,1,1,1,20251214,20261212
53,1,1,1,1,1,0,0,20251215,20261211
54,0,1,1,1,0,0,0,20260127,20260129
55,0,1,1,1,0,0,0,20260120,20260122
56,0,0,0,0,0,1,0,20261205,20261205
57,1,1,1,1,1,1,1,20251214,20261212
58,1,1,1,1,1,0,0,20251215,20261211
59,0,0,0,0,0,1,1,20251214,20261212
60,1,0,0,0,0,0,1,20251214,20261207
61,0,0,0,0,0,1,0,20251220,20261212
62,0,0,0,1,0,0,0,20251225,20260101
63,0,0,1,0,0,0,0,20251224,20251224
64,1,1,1,1,1,0,0,20260112,20260615
65,0,1,0,0,0,0,0,20251216,20251216
66,1,1,1,1,0,0,0,20260112,20260615
67,1,1,1,1,1,0,0,20260112,20260615
68,0,0,0,0,0,1,1,20251214,20261212
69,0,0,1,0,0,0,0,20251224,20251231
70,1,1,1,1,1,0,0,20251215,20251219
71,1,1,1,1,1,1,1,20251214,20261212
72,1,1,1,1,1,0,0,20251215,20261211
73,1,1,1,1,1,0,0,20251215,20260615
74,1,1,1,1,1,0,0,20251215,20260615
75,1,1,1,1,1,0,0,20251215,20260615
76,1,1,1,1,1,0,0,20251215,20260615
77,1,1,1,1,1,0,0,20251215,20261211
78,1,1,1,1,1,0,0,20251215,20260615
79,0,0,0,0,0,1,1,20251214,20261212
80,1,1,1,1,1,0,0,20251215,20261211
81,0,0,0,0,0,1,1,20251214,20261212
82,1,1,1,1,1,1,1,20251214,20261212
83,1,1,1,1,1,1,1,20251214,20261212
84,1,1,1,1,1,0,1,20251214,20251219
85,1,1,1,1,1,0,0,20251215,20261211
86,0,0,0,0,0,1,1,20251214,20261212
87,1,1,1,1,1,0,0,20251215,20261211
88,0,1,0,0,0,0,0,20260127,20260127
89,1,1,1,1,1,0,0,20251215,20260331
90,1,1,1,1,1,1,0,20251215,20260119
91,1,1,1,1,1,1,1,20251214,20260119
92,0,0,0,0,0,0,1,20251214,20260118
93,0,0,0,0,0,1,1,20260117,20260118
94,0,0,0,0,0,0,1,20260118,20260118
95,0,0,0,0,0,1,0,20260117,20260117
96,0,0,0,0,0,1,1,20251214,20260329
97,1,1,1,1,1,1,1,20251214,20260331
98,1,1,1,1,1,0,0,20251215,20260331
99,1,1,1,1,1,1,1,20251214,20260119
100,1,1,1,1,1,1,1,20251214,20260119
101,1,1,1,1,1,0,0,20251215,20260331
102,1,1,1,1,1,1,1,20251214,20260331
103,0,0,0,0,0,1,1,20251214,20260329
104,0,0,0,0,1,1,1,20251214,20260329
105,0,0,0,0,0,1,1,20251214,20260329
106,0,0,0,0,0,1,1,20260606,20260919
107,1,1,1,1,1,1,1,20251214,20260119
108,0,1,1,1,0,0,0,20260113,20260115
109,1,1,1,1,1,1,1,20251214,20260118
110,1,1,1,1,1,1,1,20251214,20260118
111,0,0,0,0,1,0,0,20251219,20260327
112,1,1,1,1,1,1,1,20251214,20260209
113,1,1,1,1,1,1,1,20260210,20261212
114,1,1,1,1,1,1,1,20251214,20260118
115,0,0,0,0,0,0,0,20260711,20261212
116,0,0,0,1,1,0,1,20251214,20260118
117,1,1,1,0,0,1,0,20251215,20260117
118,1,1,1,1,1,0,0,20251215,20261211
119,0,0,0,0,0,1,1,20251214,20261212
120,1,1,1,1,1,1,1,20251214,20261212
121,1,1,1,1,1,0,0,20251215,20261211
122,1,1,1,1,1,0,0,20251215,20261211
123,1,1,1,1,1,1,1,20251214,20261212
124,1,1,1,1,1,1,1,20251214,20261212
125,1,1,1,1,1,1,1,20251214,20261212
126,1,1,1,1,1,1,1,20251214,20261212
127,1,1,1,1,1,0,0,20251215,20261211
128,1,1,1,1,1,0,0,20251215,20260213
129,0,0,0,0,0,1,1,20251214,20260215
130,0,0,0,0,0,1,1,20260103,20260104
131,1,1,0,0,0,0,0,20260223,20260224
132,0,0,0,0,0,0,1,20251228,20251228
133,0,0,0,0,0,1,1,20251214,20260301
134,0,0,0,0,0,1,1,20251214,20260301
135,0,0,0,0,0,1,0,20251220,20261212
136,0,0,0,0,0,1,1,20251214,20260301
137,1,1,1,1,1,0,0,20251215,20261211
138,1,1,1,0,1,1,1,20251214,20260301
139,1,1,1,1,1,1,1,20251214,20260301
140,1,1,1,1,1,1,0,20251215,20260228
141,0,0,0,0,0,0,1,20251214,20260301
142,1,1,1,1,1,0,0,20251215,20260119
143,1,1,1,1,0,1,0,20251215,20260228
144,0,0,0,0,0,0,1,20251214,20260301
145,1,1,1,1,0,0,0,20260216,20260220
146,1,1,1,1,1,0,0,20260216,20260220
147,1,0,0,0,0,0,1,20251214,20260302
148,1,1,1,1,1,1,1,20251214,20260307
149,0,0,0,0,0,1,1,20251221,20251227
150,1,1,1,1,1,1,1,20260301,20260307
151,1,1,1,1,1,0,1,20260301,20260306
152,0,0,0,0,0,1,1,20251220,20260104
153,1,1,1,1,0,0,0,20260119,20260129
154,0,0,0,0,0,1,0,20251220,20260117
155,1,1,1,1,1,1,1,20260221,20260227
156,0,0,0,0,0,0,1,20251214,20260118
157,1,1,1,1,0,1,0,20251215,20260228
158,0,0,0,0,0,1,1,20251214,20260118
159,1,1,1,1,1,1,1,20251214,20260301
160,1,1,1,1,1,0,0,20260105,20260109
161,1,1,1,1,1,1,1,20251214,20260119
162,1,1,1,0,1,0,0,20251215,20260119
163,0,0,0,0,0,0,1,20260117,20260125
164,0,0,0,0,0,0,1,20260111,20260111
165,1,1,1,1,1,1,1,20251214,20260307
166,0,1,0,0,0,0,0,20260203,20260221
167,0,0,0,0,0,1,1,20260131,20260201
168,1,1,1,1,1,1,1,20251214,20260119
169,0,0,0,0,0,1,0,20260113,20260123
170,0,0,0,0,0,0,1,20260114,20260124
171,0,0,0,0,0,0,0,20260114,20260125
172,0,0,0,0,0,0,1,20260125,20260125
173,1,1,1,0,1,0,0,20251215,20260119
174,0,0,0,0,0,0,0,20251220,20260101
175,1,1,1,1,1,0,0,20251215,20260119
176,0,0,0,0,0,0,0,20251215,20260119
177,0,1,1,0,0,0,0,20251216,20251217
178,0,0,0,0,0,1,1,20260403,20261028
179,0,0,0,0,0,1,0,20251220,20260214
180,0,0,0,0,1,0,0,20251219,20260213
181,0,0,0,1,0,0,0,20251225,20251225
182,0,0,0,0,0,1,1,20260403,20261028
183,0,0,0,0,0,1,1,20260117,20260125
184,1,0,0,0,0,0,0,20260119,20260119
185,0,0,0,0,0,0,1,20260118,20260125
186,1,0,0,0,0,1,0,20260117,20260124
187,1,0,0,0,0,1,1,20260117,20260125
188,0,0,0,0,0,1,0,20260117,20260124
189,0,0,1,1,0,0,0,20260114,20260115
190,0,0,0,1,0,0,0,20260101,20260101
191,0,1,0,0,0,0,0,20251223,20251223
192,0,0,0,0,0,1,1,20251214,20260118
193,1,1,1,1,1,0,0,20251215,20261211
194,1,1,1,1,1,1,1,20251214,20260119
195,0,0,0,0,1,0,0,20251215,20260119
196,0,0,0,0,0,1,1,20251214,20260118
197,0,0,0,0,0,1,0,20251220,20260117
198,0,0,0,0,0,0,1,20251214,20260118
199,0,0,0,0,0,1,1,20251214,20251224
200,1,1,1,1,1,0,0,20251215,20251223
201,0,0,0,0,0,1,1,20251214,20251221
202,0,0,0,1,1,0,0,20251218,20251219
203,0,0,0,1,0,0,0,20251218,20251218
204,0,0,0,0,1,0,0,20251219,20251219
205,1,0,1,1,1,0,0,20251215,20251223
206,1,1,1,1,1,1,1,20251216,20261212
207,1,0,0,0,0,0,1,20260118,20260125
208,1,1,1,1,1,1,1,20251214,20251223
209,0,0,0,0,0,1,1,20260110,20260111
210,1,0,0,1,1,1,1,20260301,20260407
211,1,1,1,1,1,1,0,20260105,20260110
212,0,0,0,0,0,1,0,20260110,20260110
213,0,0,1,1,1,1,0,20260301,20260407
214,0,0,0,0,0,0,0,20260308,20260406
215,1,0,1,1,1,1,0,20260301,20260407
216,0,0,0,0,1,0,0,20260109,20260109
217,1,1,1,1,0,0,0,20260105,20260108
218,1,1,1,1,0,1,0,20260105,20260110
219,0,0,0,0,1,0,1,20260109,20260111
220,1,1,1,1,0,1,1,20260105,20260111
221,1,1,1,1,1,1,1,20260105,20260111
222,1,1,1,1,1,0,1,20260105,20260111
223,0,1,0,0,1,1,0,20251219,20251223
224,0,0,0,0,0,1,0,20260221,20260221
225,1,1,1,1,0,0,0,20260119,20260122
226,1,1,1,1,1,0,0,20260309,20261211
227,1,0,0,0,0,0,0,20260105,20260105
228,0,0,0,1,1,1,1,20260115,20260118
229,1,1,1,0,0,0,1,20260111,20260114
230,0,0,0,1,1,0,0,20260219,20260220
231,1,1,1,1,1,1,1,20260106,20260125
232,1,1,1,1,1,1,1,20260105,20260124
233,1,1,1,1,1,0,0,20260105,20260123
234,1,1,1,1,1,1,1,20260105,20260125
235,0,0,0,0,0,1,1,20260110,20260125
236,0,0,0,0,0,0,1,20260111,20260125
237,1,1,1,1,1,0,0,20260107,20260130
238,1,1,1,1,1,0,0,20260106,20260130
239,1,1,1,1,1,0,1,20260105,20260125
240,0,0,0,0,0,1,0,20260110,20260124
241,1,1,1,1,0,0,1,20251214,20251222
242,1,1,1,1,1,1,1,20260105,20260112
243,0,0,0,0,0,1,0,20260103,20260103
244,0,0,0,0,1,0,0,20260114,20260125
245,0,0,0,1,0,0,0,20260113,20260124
246,1,1,1,1,1,1,1,20260113,20260124
247,0,0,0,0,0,0,0,20260109,20260128
248,0,0,0,0,0,0,0,20260110,20260129
249,0,0,0,0,0,0,0,20260109,20260128
250,0,0,0,0,0,0,1,20260201,20260201
251,1,1,1,0,0,0,0,20260112,20260128
252,0,0,1,0,0,0,0,20260107,20260107
253,0,0,0,0,0,1,1,20251220,20261212
254,1,1,1,1,1,1,1,20260118,20260124
255,0,0,0,0,0,0,0,20251217,20261211
256,1,1,1,1,1,0,0,20260114,20260123
257,1,1,1,1,1,0,0,20260126,20260130
258,0,0,1,1,0,0,0,20251217,20251218
259,0,0,0,0,0,1,1,20260110,20260614
260,0,1,1,1,1,1,1,20260106,20260111
261,1,1,1,1,1,1,0,20260105,20260615
262,0,0,0,0,0,0,1,20260111,20260614
263,1,1,1,1,1,0,0,20260105,20260615
264,1,1,1,1,1,1,1,20260105,20260615
265,1,1,1,1,1,0,0,20260105,20260615
266,0,0,1,0,0,0,0,20251217,20251217
267,1,0,0,0,0,1,1,20260110,20260112
268,1,0,0,0,0,0,0,20260105,20260119
269,0,1,1,1,1,0,0,20260106,20260123
270,0,0,1,1,0,0,0,20260204,20260205
271,0,0,0,0,0,0,0,20260105,20260320
272,0,0,0,0,0,0,0,20260105,20260320
273,0,0,0,0,0,0,0,20260105,20260320
274,1,1,0,0,0,0,0,20260202,20260203
275,0,0,0,0,0,0,1,20260110,20260125
276,0,0,0,0,0,1,0,20260124,20260124
277,0,0,0,0,0,0,0,20260105,20260220
278,0,0,0,0,0,0,0,20260110,20260125
279,0,0,0,0,0,1,1,20260124,20260125
280,1,1,1,1,0,0,0,20260126,20260129
281,1,0,0,0,0,0,0,20260111,20260126
282,1,1,1,1,1,0,0,20260105,20260615
283,0,0,0,0,0,0,0,20251220,20261212
284,0,0,0,0,0,0,0,20251220,20261212
285,0,0,0,0,0,0,0,20251220,20261212
286,0,0,0,0,0,0,0,20251220,20261212
287,0,0,0,0,0,0,0,20251220,20261212
288,1,1,0,0,1,0,0,20251219,20260119
289,1,0,0,0,0,0,0,20251222,20251222
290,0,0,1,0,0,0,0,20260128,20260128
291,1,1,1,1,1,0,0,20251222,20261211
292,1,1,1,1,1,0,0,20260225,20261211
293,1,1,1,1,1,0,0,20251223,20260224
294,0,0,0,0,0,0,0,20260125,20260730
295,0,0,0,0,0,0,0,20260126,20260731
296,1,1,1,1,1,1,1,20260106,20260131
297,1,1,1,1,1,0,1,20260106,20260131
298,1,1,1,1,1,0,0,20260107,20260130
299,0,0,0,0,0,1,1,20260110,20260201
300,0,1,1,1,1,1,0,20260107,20260131
301,0,0,0,0,0,1,1,20260110,20260131
302,0,0,0,0,0,0,0,20260104,20260326
303,0,0,0,0,0,0,0,20260107,20260128
304,1,1,1,1,0,0,0,20260105,20260122
305,0,0,0,0,1,1,1,20260109,20260125
306,1,0,0,0,0,1,1,20260103,20260105
307,1,1,1,1,1,0,0,20251222,20261211
308,1,1,1,1,1,0,0,20251222,20261211
309,1,1,1,1,1,1,1,20251220,20261212
310,0,0,0,0,0,1,0,20260207,20260207
311,1,1,1,1,1,1,1,20251220,20261212
312,0,0,0,0,0,1,0,20260102,20260131
313,0,0,0,0,0,0,0,20260102,20260131
314,1,1,1,1,1,0,0,20251222,20261211
315,1,1,1,1,1,0,0,20251222,20261211
316,1,1,1,1,1,1,1,20260103,20260131
317,1,1,1,1,1,1,0,20260103,20260226
318,1,1,1,1,1,1,0,20260103,20260226
319,1,1,1,1,1,1,0,20260103,20260226
320,1,1,1,1,1,1,1,20260104,20260130
321,0,0,0,0,0,0,0,20260102,20260227
322,1,1,1,1,1,0,0,20260105,20260130
323,0,0,0,0,0,0,0,20260103,20260228
324,0,0,0,1,1,1,0,20260102,20260227
325,1,1,1,1,1,0,0,20251222,20261211
326,0,0,0,0,0,0,0,20251222,20261211
327,0,0,0,0,0,0,1,20251221,20251221
328,1,1,1,1,1,1,1,20251224,20260118
329,1,1,1,1,1,0,0,20251229,20260116
330,0,0,0,0,0,1,1,20251224,20260118
331,1,0,0,0,0,0,0,20260105,20260112
332,0,0,0,0,0,1,1,20260101,20261212
333,0,0,0,1,1,0,0,20260108,20260109
334,1,0,0,0,0,0,0,20251229,20251229
335,0,0,0,0,0,0,0,20260108,20260212
336,0,0,0,0,0,0,0,20260108,20260212
337,0,0,0,0,0,0,0,20260110,20260208
338,0,1,0,0,0,0,0,20260217,20260217
339,0,0,1,0,0,0,0,20260218,20260218
340,1,1,1,1,1,1,1,20260216,20260226
341,1,1,1,1,1,1,1,20260216,20260225
342,0,0,0,0,1,0,1,20260220,20260222
343,1,1,1,1,1,1,0,20260216,20260225
344,1,1,1,1,1,1,1,20260215,20260225
345,0,0,0,0,1,0,1,20260215,20260222
346,0,1,1,1,0,0,0,20260203,20260205
347,0,1,0,0,0,0,0,20251230,20251230
348,0,0,0,0,0,0,0,20260112,20260212
349,0,0,0,0,0,0,0,20260110,20260212
350,0,0,0,0,0,0,0,20260110,20260212
351,0,0,0,0,1,0,0,20260102,20260102
352,1,1,1,0,0,0,0,20260302,20260304
353,0,0,0,0,1,1,1,20260109,20260111
354,0,1,0,0,0,0,0,20260210,20260210
355,0,1,1,0,0,0,0,20260324,20260325
356,1,1,1,1,1,1,1,20260109,20260116
357,1,0,0,0,1,1,1,20260109,20260112
358,1,1,1,1,1,1,1,20260109,20260117
359,1,1,1,1,1,1,1,20260112,20260119
360,1,1,1,1,1,0,0,20260126,20260213
361,1,1,1,1,1,0,0,20260126,20260206
362,1,1,1,1,1,0,0,20260126,20260213
363,0,0,0,0,0,1,1,20260115,20260215
364,0,0,0,0,0,1,1,20260201,20260208
365,0,0,0,0,0,1,1,20260207,20260208
366,0,0,0,0,0,0,1,20260104,20260104
367,0,1,1,0,0,0,0,20260224,20260225
368,0,0,0,0,0,0,0,20260106,20260325
369,0,0,0,0,0,0,0,20260203,20260327
370,0,0,0,0,0,0,0,20260204,20260328
371,0,0,0,0,0,0,0,20260207,20260327
372,0,0,0,0,0,1,0,20260204,20260221
373,1,1,0,0,0,0,0,20260209,20260210
374,1,1,1,1,1,1,1,20260308,20261212
375,1,1,1,1,1,0,0,20260115,20260123
376,0,0,0,0,0,1,1,20260117,20260215
377,1,1,1,1,1,0,0,20260107,20261211
378,0,1,0,0,0,0,0,20260106,20260106
379,1,0,0,0,0,0,0,20260209,20260209
380,0,0,0,0,0,0,1,20260208,20260208
381,0,0,0,0,0,1,1,20260307,20260308
382,1,1,1,1,1,1,1,20260109,20260125
383,1,1,1,0,0,1,1,20260307,20260311
384,1,1,1,1,1,0,0,20260119,20260130
385,0,0,0,0,1,0,0,20260123,20260130
386,1,1,1,1,1,0,0,20260202,20260213
387,0,1,1,1,1,0,0,20260120,20260130
388,0,0,0,0,0,1,1,20260207,20261212
389,0,0,0,0,0,1,1,20260207,20261212
390,1,1,1,1,1,0,0,20260701,20260831
391,0,0,0,0,0,1,1,20260207,20261212
392,0,0,0,0,0,1,1,20260207,20261212
393,1,1,1,1,1,0,0,20260202,20261211
394,0,0,0,0,0,1,0,20260131,20260214
395,1,1,1,1,1,1,1,20260216,20261212
396,1,1,1,1,1,1,1,20260216,20261212
397,1,1,1,1,1,1,1,20260216,20261212
398,1,1,1,1,1,1,1,20260216,20261212
399,0,0,0,0,0,0,0,20260115,20260213
400,0,0,0,0,0,0,0,20260115,20260213
401,0,0,0,0,0,0,0,20260116,20260214
402,0,0,0,0,1,0,0,20260116,20260116
403,1,1,1,1,1,0,0,20260108,20261211
404,1,1,1,1,1,1,1,20260108,20261212
405,1,1,1,1,0,0,0,20260202,20260205
406,0,0,0,0,0,1,1,20260124,20260224
407,0,1,0,0,0,0,0,20260113,20260113
408,1,1,1,1,1,1,1,20260311,20261212
409,1,1,0,0,0,0,1,20260308,20260310
410,1,1,1,1,1,1,1,20260308,20260423
411,0,0,1,1,1,0,0,20260128,20260130
412,1,1,1,1,0,0,0,20260209,20260212
413,1,0,0,0,1,1,1,20260205,20260224
414,0,0,0,0,0,1,1,20260124,20260208
415,0,0,0,0,0,1,0,20260124,20260207
416,0,0,0,0,0,0,1,20260125,20260208
417,0,0,0,1,0,0,0,20260108,20260108
418,1,1,1,1,1,0,0,20260122,20260227
419,0,0,0,0,0,0,0,20260312,20261211
420,1,1,1,1,1,1,0,20260224,20260305
421,1,1,1,1,1,1,1,20260224,20260305
422,1,1,1,1,1,0,0,20260119,20260127
423,1,1,1,1,1,1,0,20260120,20260130
424,1,1,1,1,1,1,1,20260120,20260130
425,1,1,0,1,1,0,0,20260212,20260217
426,1,1,1,1,1,0,0,20260211,20260217
427,0,0,0,0,0,1,1,20260214,20260215
428,1,1,1,1,1,0,0,20260224,20260305
429,0,0,0,0,0,1,1,20260228,20260301
430,1,1,1,1,1,1,1,20260211,20260217
431,1,1,1,1,1,1,1,20260120,20260129
432,0,1,1,1,1,0,0,20260113,20260116
433,1,1,1,1,1,1,1,20260119,20260129
434,1,0,1,1,1,0,0,20260114,20260119
435,0,0,0,1,1,0,1,20260122,20260129
436,1,1,1,1,0,0,0,20260224,20260305
437,0,0,1,0,0,0,0,20260121,20260121
438,0,0,0,0,1,0,0,20260227,20260227
439,0,0,0,0,0,0,1,20260301,20260301
440,1,1,1,0,0,0,0,20260223,20260225
441,1,1,1,0,0,1,0,20260119,20260128
442,1,1,1,1,1,1,1,20260126,20260216
443,0,1,1,0,0,0,0,20260113,20260114
444,0,0,0,0,1,0,0,20260130,20260130
445,1,1,1,1,1,0,0,20260209,20260213
446,0,0,1,1,0,0,0,20260225,20260226
447,1,1,1,1,0,0,0,20260223,20260226
448,0,0,0,0,0,0,0,20260701,20261212
449,1,0,1,0,0,0,0,20260216,20260218
450,1,1,1,1,1,0,0,20260316,20260320
451,1,1,1,1,1,1,0,20260302,20261212
452,1,1,1,1,1,1,1,20260302,20261212
453,0,1,1,0,0,0,0,20260217,20260218
454,0,0,0,0,1,0,0,20260123,20260227
455,0,0,0,0,1,0,0,20260306,20260306
456,0,0,0,0,0,0,0,20260313,20261211
457,0,0,0,0,0,0,0,20260313,20261211
458,0,0,0,0,0,0,0,20260313,20261212
459,0,0,0,0,0,0,0,20260313,20261212
460,0,0,0,0,0,0,0,20260313,20261211
461,1,1,1,1,0,0,1,20260308,20260312
462,1,1,1,1,1,1,1,20260313,20261212
463,0,0,0,0,0,0,0,20260313,20260630
464,0,1,1,1,1,1,1,20260113,20260118
465,0,0,1,1,1,0,0,20260114,20260116
466,0,0,1,1,1,1,0,20260114,20260117
467,1,1,1,1,1,1,1,20260113,20260228
468,0,0,0,0,0,1,1,20260117,20260228
469,1,1,1,1,1,0,0,20260113,20260227
470,1,1,0,1,1,1,0,20260212,20260217
471,0,0,0,0,0,0,1,20260215,20260215
472,1,0,1,1,1,0,0,20260211,20260216
473,0,0,0,0,0,1,1,20260221,20260301
474,1,0,0,0,0,0,0,20260112,20260112
475,0,0,0,1,1,0,0,20260226,20260227
476,1,1,1,1,1,0,0,20260120,20260130
477,0,0,0,0,0,1,0,20260307,20260307
478,0,0,0,0,0,1,0,20260131,20260207
479,0,0,0,0,0,1,1,20260131,20260208
480,0,0,0,0,0,0,1,20260201,20260208
481,0,0,0,0,0,0,1,20260308,20261206
482,1,1,1,1,1,0,0,20260216,20261211
483,0,0,0,0,0,0,0,20260216,20261211
484,0,0,0,0,0,0,0,20260223,20260320
485,0,0,0,1,0,1,0,20260131,20260214
486,1,0,0,0,0,1,1,20260131,20260202
487,1,1,1,0,0,0,0,20260209,20260211
488,1,1,1,1,0,1,0,20260131,20260214
489,1,1,1,1,0,0,0,20260201,20260213
490,0,0,0,0,0,1,0,20260131,20260214
491,1,0,0,0,0,1,0,20260131,20260214
492,0,1,1,1,0,0,0,20260210,20260212
493,0,0,0,0,0,1,1,20260124,20260315
494,0,0,0,0,0,1,1,20260321,20261212
495,1,1,1,1,1,0,0,20260119,20260316
496,1,1,1,1,1,0,0,20260317,20261211
497,0,0,0,0,0,1,1,20260321,20261212
498,1,1,1,1,1,0,0,20260317,20261211
499,0,0,1,0,0,0,0,20260114,20260114
500,0,0,1,1,1,0,0,20260121,20260130
501,1,1,1,1,1,0,0,20260119,20260123
502,1,1,1,0,0,0,0,20260202,20260204
503,1,1,1,1,1,0,0,20260202,20261211
504,1,1,1,1,1,1,1,20260202,20261212
505,0,0,1,1,0,0,0,20260311,20260312
506,1,1,1,1,1,1,1,20260202,20261212
507,0,1,0,0,0,0,0,20260202,20260210
508,0,0,0,0,0,0,0,20260202,20261203
509,0,0,1,0,0,0,0,20260202,20260211
510,0,0,0,0,0,0,0,20260201,20261203
511,0,0,0,0,0,0,0,20260202,20261203
512,0,0,0,0,0,0,0,20260201,20261129
513,0,0,0,0,0,0,0,20260201,20261203
514,0,0,0,0,0,0,0,20260201,20261203
515,0,0,0,0,0,0,0,20260201,20261203
516,0,0,0,0,0,0,0,20260201,20261203
517,0,1,0,0,0,0,0,20260224,20260224
518,0,0,0,0,0,0,0,20260201,20261203
519,0,0,0,0,0,0,0,20260201,20261203
520,0,0,0,0,0,0,0,20260201,20261203
521,1,1,1,1,1,1,0,20260202,20261203
522,1,1,1,1,1,1,1,20260201,20261203
523,0,0,1,0,0,0,0,20260225,20260225
524,1,1,1,1,1,1,1,20260201,20261203
525,1,1,1,1,1,1,1,20260201,20261203
526,0,0,0,1,0,0,0,20260226,20260226
527,1,0,0,0,0,0,0,20260202,20260202
528,0,0,0,1,0,0,0,20260115,20260115
529,1,1,1,1,1,1,1,20260226,20260613
530,1,1,1,1,1,0,0,20260226,20260612
531,0,0,0,0,0,1,1,20260228,20260613
532,0,0,0,0,0,1,1,20260228,20260613
533,0,0,0,1,0,0,0,20260129,20260129
534,1,1,1,1,1,0,0,20260311,20260526
535,1,1,1,1,1,0,0,20260216,20261211
536,1,1,1,1,1,1,1,20260311,20260526
537,0,0,0,0,0,1,1,20260307,20260322
538,0,0,0,0,0,1,1,20260314,20260524
539,0,0,0,0,0,1,1,20260321,20260322
540,1,1,1,1,1,0,1,20260118,20260123
541,1,1,1,1,1,1,1,20260119,20260125
542,1,1,1,1,1,1,0,20260119,20260124
543,1,1,1,1,0,1,1,20260119,20260125
544,1,1,1,0,1,1,1,20260118,20260124
545,0,0,0,0,0,1,0,20260314,20260314
546,0,0,1,1,1,1,0,20260204,20260207
547,1,1,1,1,1,1,1,20260226,20260613
548,1,1,1,1,1,1,1,20260226,20260613
549,1,1,1,1,1,1,1,20260226,20260613
550,0,0,0,0,0,0,0,20260226,20260613
551,0,0,0,0,0,0,0,20260226,20260612
552,0,0,0,0,0,0,0,20260228,20260613
553,0,0,0,0,0,1,0,20260314,20260523
554,0,0,0,0,0,1,1,20260329,20260613
555,0,0,0,0,0,1,1,20260228,20260328
556,0,0,0,0,0,1,1,20260118,20261212
557,1,1,1,1,1,0,0,20260302,20260306
558,0,0,0,1,1,0,0,20260305,20260306
559,1,1,1,0,0,1,0,20260202,20261202
560,0,0,0,1,1,0,1,20260201,20261203
561,1,1,1,1,1,1,1,20260201,20261203
562,1,1,1,1,1,1,1,20260201,20261203
563,0,0,0,1,0,0,0,20260122,20260122
564,0,1,1,0,0,0,0,20260203,20260204
565,0,0,0,1,0,0,0,20260205,20260205
566,1,1,0,0,0,0,0,20260216,20260217
567,0,0,1,1,0,0,0,20260218,20260219
568,1,0,0,0,0,0,0,20260223,20260223
569,0,1,1,1,0,0,0,20260224,20260226
570,1,1,1,1,0,0,0,20260302,20260305
571,1,0,0,0,0,0,0,20260302,20260302
572,0,1,1,1,1,0,0,20260303,20260306
573,0,0,0,0,0,1,0,20260214,20260214
574,0,0,0,1,1,0,0,20260205,20260206
575,0,0,0,0,0,1,1,20260201,20260706
576,1,1,1,1,1,1,1,20260201,20260709
577,1,1,1,1,0,0,0,20260202,20260709
578,1,1,1,1,1,0,0,20260216,20260225
579,0,0,0,0,0,1,1,20260221,20260222
580,1,1,1,1,1,0,0,20260202,20260630
581,0,0,0,0,0,0,0,20260131,20260214
582,0,0,0,0,0,0,0,20260309,20261211
583,1,1,1,1,1,1,0,20260309,20261212
584,0,0,0,0,0,0,1,20260308,20261206
585,1,1,1,1,1,0,0,20260309,20261211
586,1,1,1,1,1,0,0,20260309,20261211
587,0,0,0,0,0,0,1,20260308,20261206
588,0,0,0,0,0,1,0,20260314,20261212
589,1,0,0,0,0,0,0,20260131,20260212
590,1,1,1,1,1,0,0,20260202,20260630
591,0,0,0,0,0,0,0,20260206,20260224
592,1,1,1,1,1,1,1,20260308,20261212
593,0,0,0,0,0,0,0,20260220,20260227
594,0,0,0,0,1,0,0,20260206,20260227
595,0,0,0,0,0,0,0,20260204,20260228
596,1,0,0,0,0,0,1,20260206,20260225
597,1,0,0,0,0,1,1,20260204,20260228
598,0,1,0,0,0,0,0,20260120,20260120
599,1,1,1,1,1,0,0,20260309,20261211
600,1,1,0,0,0,0,1,20260201,20260203
601,1,1,1,1,1,0,0,20260121,20260130
602,0,0,0,0,0,0,0,20260204,20260227
603,0,0,0,1,0,0,0,20260302,20260407
604,0,0,0,0,0,1,1,20260301,20260406
605,0,1,1,1,1,0,0,20260310,20261211
606,1,1,1,1,1,0,0,20260309,20261211
607,0,0,0,1,0,0,0,20260212,20260219
608,0,0,1,0,0,0,0,20260311,20260311
609,0,0,0,0,0,1,1,20260308,20261212
610,1,1,1,1,1,0,0,20260223,20260227
611,0,1,1,0,0,0,0,20260303,20260304
612,0,0,0,0,1,1,1,20260403,20260405
613,0,0,0,0,0,0,0,20260308,20260324
614,0,0,0,0,0,0,0,20260325,20261212
615,0,1,1,1,1,0,0,20260217,20260220
616,0,0,0,0,0,0,0,20260308,20260322
617,0,0,0,0,0,0,0,20260328,20260628
618,1,1,1,1,1,0,0,20260325,20261211
619,0,0,0,0,0,1,1,20260308,20260322
620,0,0,0,0,0,1,1,20260328,20261212
621,1,1,1,1,1,1,1,20260308,20260324
622,1,1,1,1,1,1,1,20260325,20261212
623,1,1,1,1,1,0,0,20260309,20260324
624,1,1,1,1,1,0,0,20260325,20261211
625,0,0,0,0,1,1,0,20260313,20260321
626,0,0,0,0,1,1,0,20260327,20261212
627,1,1,1,1,0,0,1,20260308,20260324
628,1,1,1,1,0,0,1,20260325,20261210
629,0,0,0,0,0,1,1,20260328,20261212
630,1,1,1,1,1,0,0,20260216,20261211
631,1,1,1,1,1,0,1,20260211,20260217
632,1,0,1,1,1,0,1,20260211,20260216
633,0,0,1,1,1,0,0,20260304,20260306
634,0,0,0,0,0,0,1,20260308,20260308
635,0,1,0,1,1,0,0,20260212,20260217
636,0,1,1,1,1,1,1,20260303,20260308
637,0,0,0,0,0,1,1,20260328,20261101
638,0,0,0,0,0,1,1,20260328,20261101
639,0,0,0,0,0,1,1,20260328,20261101
640,0,0,0,0,0,1,1,20260328,20261101
641,1,0,1,1,1,1,1,20260211,20260216
642,1,0,1,1,1,1,0,20260211,20260216
643,0,1,1,1,1,1,0,20260303,20260307
644,1,1,1,1,1,0,0,20260216,20260701
645,1,1,1,1,1,0,0,20260216,20260701
646,1,1,1,1,1,0,0,20260216,20260701
647,1,1,1,1,1,0,0,20260216,20260701
648,1,1,1,1,1,0,0,20260216,20260701
649,1,1,1,1,1,0,0,20260216,20260701
650,1,1,1,1,1,0,0,20260216,20260701
651,1,1,1,1,1,0,0,20260216,20260701
652,1,1,1,1,1,0,0,20260216,20260701
653,1,1,1,1,1,0,0,20260216,20260701
654,1,1,1,1,1,0,0,20260216,20260701
655,1,1,1,1,1,0,0,20260216,20260701
656,1,1,1,1,1,0,0,20260216,20260701
657,1,1,1,1,1,0,0,20260216,20260701
658,1,1,1,1,1,0,0,20260216,20260701
659,1,1,1,1,1,0,0,20260216,20260701
660,1,1,1,1,1,0,0,20260216,20260701
661,1,1,1,1,1,0,0,20260216,20260701
662,1,1,1,1,1,0,0,20260216,20260701
663,1,1,1,1,1,0,0,20260216,20260701
664,1,1,1,1,1,0,0,20260216,20260701
665,1,1,1,1,0,0,0,20260216,20260701
666,0,0,0,0,1,0,0,20260220,20260626
667,0,0,0,0,1,0,0,20260123,20260123
668,0,0,0,0,0,1,0,20260404,20260404
669,0,0,0,0,0,1,1,20260606,20260928
670,0,0,1,1,1,0,0,20260204,20260206
671,1,1,0,0,0,0,0,20260309,20260310
672,1,0,0,0,0,0,0,20260309,20260309
673,0,1,0,0,0,0,0,20260310,20260310
674,0,1,0,1,0,0,0,20260310,20260312
675,0,0,0,1,0,0,0,20260312,20260312
676,0,0,0,0,0,1,0,20260131,20260131
677,0,1,1,1,1,0,0,20260324,20260327
678,1,1,1,1,1,0,0,20260323,20260327
679,1,1,1,1,0,0,0,20260323,20260326
680,0,0,0,0,0,1,0,20260321,20261031
681,0,0,0,0,0,1,0,20260321,20261031
682,0,0,0,0,0,1,0,20260321,20261031
683,1,1,1,1,1,0,0,20260126,20261211
684,0,0,0,0,0,1,1,20260131,20261212
685,1,1,1,1,1,0,0,20260304,20260803
686,1,1,1,1,1,1,1,20260303,20260803
687,1,1,1,1,1,1,1,20260303,20260802
688,1,1,1,1,1,1,1,20260303,20260802
689,0,0,0,0,1,0,1,20260306,20260802
690,1,1,1,1,1,1,0,20260304,20260803
691,1,0,0,0,0,0,0,20260126,20260126
692,0,0,0,0,0,0,0,20260307,20260329
693,1,1,1,1,1,0,0,20260216,20261211
694,1,1,1,1,1,0,0,20260216,20261211
695,1,1,1,1,1,0,0,20260128,20261211
696,0,0,0,0,0,1,1,20260131,20261212
697,1,1,1,1,1,0,0,20260128,20261211
698,1,1,1,1,1,0,0,20260128,20261211
699,1,1,1,1,1,0,0,20260128,20261211
700,0,0,0,0,0,1,0,20260214,20261212
701,1,1,1,1,1,1,1,20260128,20261211
702,1,1,1,1,1,0,0,20260128,20261211
703,0,0,0,0,0,1,1,20260131,20261212
704,1,1,1,1,1,0,0,20260128,20261211
705,1,1,1,1,1,1,0,20260128,20261211
706,1,1,1,1,1,0,0,20260128,20261211
707,0,0,0,0,0,1,0,20260214,20261212
708,1,1,1,1,1,1,0,20260128,20261211
709,1,1,1,1,1,1,1,20260128,20261212
710,1,1,1,1,1,0,0,20260128,20261211
711,0,0,0,0,0,0,0,20260214,20261212
712,0,0,0,0,0,0,1,20260322,20261101
713,1,1,1,1,1,0,0,20260128,20261211
714,1,1,1,1,1,1,1,20260128,20261211
715,0,0,0,0,0,0,0,20260214,20261212
716,1,1,1,1,1,0,1,20260128,20261212
717,1,1,1,1,1,0,0,20260128,20261211
718,1,1,1,1,1,0,0,20260128,20261211
719,1,1,1,1,1,1,1,20260205,20260228
720,1,1,1,0,0,0,0,20260216,20260218
721,1,1,1,1,1,1,1,20260303,20260803
722,0,0,0,0,0,1,0,20260307,20260801
723,1,1,1,1,0,0,0,20260303,20260730
724,0,0,0,0,0,0,0,20260131,20261212
725,1,1,1,1,1,0,0,20260128,20261212
726,1,1,1,1,1,1,1,20260128,20261211
727,1,1,1,1,1,0,0,20260128,20261211
728,0,0,0,0,0,1,0,20260321,20261031
729,0,0,0,0,0,0,1,20260322,20261101
730,0,0,0,0,0,0,0,20260131,20261212
731,1,1,1,1,1,1,1,20260128,20261211
732,1,1,1,1,1,1,1,20260128,20261211
733,0,0,0,0,0,1,1,20260321,20261101
734,0,0,0,0,0,0,1,20260214,20261212
735,0,0,0,0,0,1,1,20260131,20261212
736,0,0,0,0,0,0,1,20260131,20261212
737,0,0,0,0,0,1,0,20260321,20261031
738,0,0,0,0,0,0,1,20260131,20261212
739,0,0,0,0,0,1,0,20260321,20261031
740,1,1,1,1,1,0,0,20260129,20261211
741,1,1,1,1,1,0,0,20260129,20261211
742,0,0,0,0,0,1,1,20260131,20261212
743,1,1,1,1,1,0,1,20260130,20261212
744,0,0,0,0,0,0,0,20260129,20261212
745,1,1,1,1,1,0,0,20260420,20260904
746,1,1,1,1,1,1,1,20260418,20260904
747,1,1,1,1,1,1,1,20260418,20260904
748,1,1,1,1,1,0,0,20260420,20260904
749,0,0,0,0,0,1,1,20260418,20260830
750,0,0,0,0,0,1,1,20260418,20260830
751,1,1,1,1,1,1,1,20260128,20261212
752,1,1,1,1,1,1,0,20260211,20260217
753,1,1,1,1,1,0,0,20260129,20261211
754,1,1,1,1,1,0,0,20260129,20261211
755,1,1,1,1,1,0,0,20260129,20261211
756,1,1,1,1,1,0,0,20260129,20261211
757,1,1,1,1,1,0,0,20260129,20261211
758,1,0,0,0,0,0,1,20260129,20261212
759,0,0,0,0,0,0,0,20260129,20261212
760,1,1,1,1,1,0,0,20260129,20261211
761,1,1,1,1,1,1,1,20260129,20261212
762,1,1,1,1,1,0,0,20260129,20261211
763,1,1,1,1,1,0,0,20260129,20261211
764,1,1,1,1,1,1,1,20260129,20261212
765,0,0,0,0,0,0,0,20260203,20260731
766,0,0,0,0,0,0,0,20260203,20260731
767,0,0,0,0,0,0,0,20260314,20260801
768,1,1,1,1,1,0,0,20260309,20261211
769,1,1,1,1,1,1,0,20260302,20260313
770,1,1,1,1,1,0,0,20260302,20260313
771,0,1,1,1,1,1,0,20260305,20260311
772,0,1,1,1,1,0,0,20260305,20260311
773,0,1,1,1,1,1,1,20260210,20260215
774,1,0,0,1,1,0,0,20260309,20260313
775,0,1,0,0,0,0,0,20260201,20260210
776,0,0,0,0,0,0,1,20260222,20260222
777,0,0,1,0,0,0,0,20260203,20260211
778,1,1,1,1,1,0,0,20260211,20260220
779,1,1,1,1,1,1,1,20260211,20260220
780,0,0,0,0,0,0,0,20260321,20260328
781,0,0,0,0,0,1,1,20260403,20261101
782,0,0,0,0,0,1,0,20260516,20260516
783,0,0,0,0,0,1,1,20260403,20261212
784,0,0,0,0,0,0,0,20260403,20261031
785,0,1,1,1,1,0,0,20260224,20260227
786,0,0,0,0,0,1,0,20260328,20260328
787,0,0,0,0,0,0,0,20260316,20260326
788,1,0,0,0,0,0,0,20260316,20260316
789,1,0,1,1,1,0,0,20260204,20260209
790,1,1,0,1,1,0,0,20260205,20260210
791,0,0,0,0,0,1,0,20260214,20260221
792,0,0,0,0,0,1,1,20260214,20260222
793,1,1,1,1,1,0,0,20260213,20260223
794,1,1,1,1,1,1,1,20260213,20260223
795,0,0,0,0,0,0,1,20260215,20260222
796,1,1,1,1,1,1,1,20260216,20260701
797,1,1,1,1,1,0,0,20260216,20260701
798,1,1,1,1,1,1,0,20260213,20260223
799,1,1,1,1,1,0,1,20260213,20260223
800,1,1,1,1,1,1,1,20260216,20260701
801,0,0,0,0,1,0,0,20260213,20260220
802,0,0,0,0,0,1,1,20260221,20260628
803,0,0,0,0,1,0,1,20260213,20260222
804,1,0,0,0,0,0,1,20260215,20260216
805,0,0,0,0,0,0,0,20260317,20260326
806,0,0,0,0,0,0,0,20260228,20260322
807,1,0,0,0,0,0,0,20260223,20261207
808,1,1,1,1,1,1,1,20260217,20261212
809,1,1,1,1,1,1,1,20260218,20261212
810,0,1,0,0,0,0,0,20260203,20260203
811,1,1,1,1,1,1,1,20260315,20260528
812,1,1,1,1,1,0,1,20260315,20260528
813,0,0,0,0,0,1,0,20260321,20260523
814,1,0,0,0,1,0,0,20260306,20260309
815,1,0,0,0,1,1,1,20260306,20260309
816,0,0,1,1,1,1,0,20260318,20260321
817,0,1,1,1,1,0,0,20260407,20260410
818,0,0,0,0,0,0,0,20260318,20260410
819,1,0,0,0,0,0,0,20260309,20261207
820,1,1,1,1,1,1,1,20260315,20260528
821,0,0,0,0,0,1,0,20260418,20260418
822,0,0,1,1,1,1,1,20260327,20260412
823,0,0,1,1,1,0,0,20260218,20260220
824,0,0,0,1,1,1,0,20260219,20260221
825,1,1,1,1,1,1,1,20260401,20260411
826,1,1,1,1,1,1,1,20260413,20260423
827,0,0,0,0,0,0,0,20260307,20260424
828,1,1,0,0,0,0,0,20260323,20260324
829,0,0,1,0,0,0,0,20260204,20260204
830,0,0,1,1,0,0,0,20260304,20260305
831,1,1,1,1,1,1,0,20260413,20260423
832,1,1,1,1,1,0,0,20260205,20260630
833,0,0,0,0,0,0,0,20260329,20260419
834,1,0,0,0,0,0,0,20260329,20260423
835,0,0,1,1,1,0,0,20260325,20260327
836,0,0,0,0,1,0,0,20260327,20260327
837,0,0,1,1,0,0,0,20260325,20260326
838,0,0,0,0,1,0,0,20260306,20260327
839,0,0,0,0,0,0,1,20260308,20260329
840,0,0,0,0,0,0,0,20260718,20260815
841,0,0,0,0,1,0,0,20260313,20260313
842,1,1,1,1,1,1,1,20260316,20260331
843,1,1,1,1,1,0,0,20260316,20260331
844,0,0,0,0,0,1,1,20260321,20260329
845,0,0,0,0,0,1,1,20260530,20260531
846,0,0,0,0,0,0,1,20260208,20260222
847,0,0,0,0,0,0,1,20260207,20260222
848,0,0,0,0,0,0,1,20260208,20260222
849,1,1,1,1,1,0,0,20260330,20260507
850,1,1,0,0,0,1,1,20260328,20260331
851,1,1,0,0,0,0,0,20260330,20260331
852,0,0,0,0,0,1,0,20260425,20260425
853,0,0,0,0,0,1,1,20260328,20260329
854,1,1,0,0,0,0,1,20260329,20260331
855,1,1,1,1,1,0,0,20260206,20260630
856,0,0,0,0,0,0,1,20260412,20260510
857,1,1,1,1,1,0,0,20260331,20260507
858,1,1,1,0,0,1,1,20260221,20260225
859,0,0,0,0,0,0,1,20260329,20260329
860,1,1,0,0,0,1,0,20260328,20260331
861,0,0,0,0,0,0,0,20260403,20260530
862,0,0,0,0,0,0,0,20260403,20260530
863,0,0,0,0,0,0,0,20260403,20260530
864,0,0,0,0,0,0,0,20260328,20260523
865,0,0,0,0,0,0,0,20260403,20260530
866,0,0,0,1,0,0,0,20260317,20260409
867,0,0,0,0,0,0,0,20260405,20261129
868,0,0,0,0,1,0,0,20260213,20260213
869,1,1,1,1,1,1,1,20260315,20260331
870,1,1,1,0,0,1,0,20260328,20260401
871,1,1,1,0,0,1,1,20260328,20260401
872,1,1,1,1,1,0,1,20260222,20260227
873,1,1,1,1,1,1,0,20260316,20260331
874,1,1,1,1,1,0,1,20260316,20260331
875,1,1,1,1,1,0,0,20260209,20261211
876,1,1,1,1,1,1,1,20260226,20260305
877,1,1,1,1,1,1,0,20260226,20260305
878,0,0,0,0,1,0,0,20260206,20260206
879,1,1,1,1,1,0,0,20260226,20260305
880,0,1,1,0,0,0,0,20260407,20260408
881,1,0,0,0,0,1,1,20260404,20260406
882,0,0,1,1,0,0,0,20260302,20260313
883,1,1,1,0,0,0,0,20260316,20260318
884,1,1,1,1,1,0,0,20260401,20260420
885,1,1,1,1,1,1,0,20260316,20260331
886,0,0,0,0,0,0,0,20260208,20261212
887,0,0,0,0,0,1,0,20260418,20261212
888,0,0,0,0,0,1,0,20260328,20260411
889,0,0,0,0,0,0,0,20261028,20261117
890,1,1,1,1,1,0,0,20260415,20261211
891,1,1,0,0,0,0,0,20260330,20260414
892,1,1,0,0,1,1,1,20260328,20260414
893,1,1,1,1,1,1,1,20260415,20261212
894,1,1,1,1,0,1,1,20260328,20260414
895,1,1,1,1,1,1,1,20260216,20260224
896,1,1,0,0,0,0,0,20260316,20260317
897,0,0,1,0,0,0,0,20260318,20260318
898,1,0,0,0,0,0,1,20260301,20260302
899,0,0,0,0,0,1,0,20260228,20260228
900,1,1,1,1,1,1,1,20260308,20261212
901,1,1,1,1,1,1,1,20260301,20260311
902,0,0,0,0,0,1,1,20260301,20260308
903,1,1,1,1,1,0,0,20260302,20260311
904,1,1,1,1,1,0,0,20260302,20260310
905,0,1,1,0,0,0,0,20260210,20260211
906,0,0,0,0,0,1,1,20260314,20260426
907,0,0,0,0,0,1,1,20260501,20261212
908,1,1,1,1,1,0,0,20260309,20260313
909,0,0,0,0,0,1,1,20260214,20260315
910,1,1,1,1,1,0,0,20260416,20261211
911,0,1,1,1,0,0,0,20260330,20260415
912,1,1,1,1,1,1,1,20260416,20261212
913,1,1,1,1,0,1,1,20260328,20260415
914,0,0,0,0,0,1,1,20260307,20260329
915,0,0,0,0,0,0,0,20260310,20260429
916,0,0,0,0,0,0,1,20260307,20260329
917,0,0,0,1,0,0,0,20260219,20260219
918,0,0,0,0,0,1,1,20260307,20260315
919,0,0,0,0,0,0,0,20260214,20261212
920,0,0,1,0,0,0,0,20260211,20260211
921,0,0,0,0,0,1,1,20260314,20260315
922,1,0,0,0,0,1,1,20260214,20260217
923,0,0,0,0,0,1,0,20260411,20260411
924,1,1,0,0,0,1,1,20260314,20260317
925,0,0,0,1,1,1,0,20260212,20260214
926,0,0,0,1,0,0,0,20260212,20260212
927,0,0,0,0,1,1,0,20260213,20260214
928,1,1,1,1,1,0,0,20260223,20260320
929,1,1,1,1,1,0,0,20260224,20260320
930,0,0,0,0,0,0,1,20260322,20260329
931,1,1,1,1,1,0,1,20260316,20260331
932,0,0,1,0,1,1,0,20260325,20260328
933,0,0,1,1,1,1,0,20260325,20260328
934,1,1,1,1,1,0,1,20260302,20260313
935,1,1,1,1,1,0,0,20260217,20260313
936,0,0,0,0,1,0,0,20260220,20260313
937,0,0,0,0,0,1,0,20260221,20260314
938,1,1,1,1,1,0,0,20260303,20260313
939,0,0,0,0,0,1,0,20260307,20260321
940,1,1,1,1,1,0,0,20260306,20260326
941,1,1,1,1,1,1,1,20260308,20260326
942,1,1,1,1,1,0,0,20260309,20260326
943,0,0,0,0,0,1,1,20260307,20260322
944,1,1,1,1,1,0,0,20260305,20260325
945,1,1,1,1,1,1,1,20260305,20260325
946,1,1,1,1,1,1,0,20260303,20260313
947,1,1,1,0,1,0,1,20260313,20260326
948,0,0,0,0,0,1,0,20260314,20260321
949,1,1,1,0,1,1,1,20260313,20260326
950,0,0,1,0,0,0,0,20260422,20260422
951,0,0,0,0,0,1,0,20260321,20260328
952,0,0,1,1,0,0,0,20260401,20260402
953,0,1,1,1,1,0,0,20260317,20260323
954,1,1,1,1,1,1,1,20260312,20260420
955,1,1,0,1,0,0,0,20260319,20260324
956,0,0,0,0,1,0,0,20260320,20260320
957,1,1,0,1,1,0,0,20260319,20260324
958,1,1,0,1,0,1,1,20260319,20260324
959,0,1,0,1,1,1,1,20260319,20260324
960,1,0,0,0,0,0,0,20260323,20260323
961,1,1,0,1,1,1,1,20260319,20260324
962,1,1,1,1,1,1,1,20260305,20260325
963,1,1,1,1,1,1,1,20260306,20260326
964,0,0,0,0,1,1,0,20260306,20260307
965,0,0,0,0,0,0,1,20260308,20260322
966,1,1,1,1,1,1,0,20260309,20260326
967,1,1,1,1,1,0,0,20260309,20260325
968,1,1,1,1,1,0,1,20260305,20260325
969,1,1,1,1,1,1,1,20260401,20260420
970,1,1,1,1,1,1,1,20260303,20260313
971,1,1,1,1,1,1,1,20260302,20260313
972,1,1,1,1,1,1,1,20260401,20260419
973,1,1,1,1,1,0,0,20260217,20261211
974,1,1,1,1,1,1,1,20260302,20260312
975,1,1,1,1,1,0,0,20260302,20260312
976,1,1,1,1,1,1,1,20260402,20260420
977,0,0,0,1,1,0,0,20260310,20260322
978,0,0,0,1,1,0,0,20260310,20260320
979,1,1,1,1,0,0,0,20260316,20260319
980,0,0,0,1,1,1,1,20260226,20260301
981,0,0,0,1,1,1,0,20260226,20260228
982,0,0,0,1,0,0,0,20260305,20260305
983,0,0,0,0,0,0,0,20260307,20260403
984,1,1,1,1,1,1,1,20260301,20260308
985,0,0,0,0,0,0,1,20260405,20260405
986,0,0,0,0,1,1,1,20260227,20260301
987,1,0,0,0,0,1,1,20260228,20260302
988,1,1,1,1,0,0,1,20260305,20260325
989,0,0,0,0,1,1,0,20260306,20260321
990,1,1,1,1,1,0,0,20260413,20260417
991,0,0,0,0,1,0,0,20260417,20260417
992,1,1,1,1,0,0,0,20260413,20260416
993,1,1,1,1,1,0,0,20260402,20260420
994,1,1,1,1,1,1,0,20260401,20260420
995,0,0,0,1,1,0,0,20260416,20260417
996,1,1,1,0,0,0,0,20260413,20260415
997,0,1,1,1,1,0,0,20260414,20260417
998,0,1,1,1,1,0,0,20260401,20260417
999,1,0,0,0,0,0,0,20260413,20260413
1000,1,1,1,1,1,1,0,20260402,20260420
1001,0,0,0,0,1,1,0,20260410,20260411
1002,0,0,1,0,0,0,0,20260304,20260304
1003,0,0,0,0,0,1,1,20260403,20260419
1004,1,1,1,0,0,0,0,20260323,20260325
1005,0,1,1,1,1,1,0,20260401,20260418
1006,0,1,1,1,0,0,0,20260401,20260415
1007,0,1,1,1,1,0,0,20260310,20260325
1008,0,1,1,1,1,0,0,20260310,20260325
1009,0,0,0,0,0,1,1,20260228,20260501
1010,1,1,1,1,1,0,0,20260319,20260331
1011,1,1,1,1,1,1,1,20260223,20260430
1012,1,1,1,0,1,1,0,20260223,20260307
1013,1,1,1,1,1,0,0,20260309,20260318
1014,1,1,1,1,1,0,0,20260310,20260318
1015,1,1,1,1,1,1,1,20260313,20260430
1016,0,0,1,1,1,0,0,20260311,20260313
1017,0,0,0,1,1,0,0,20260312,20260313
1018,0,0,0,0,0,1,1,20260418,20260830
1019,0,0,0,0,0,1,1,20260418,20260419
1020,0,0,0,0,0,0,1,20260419,20260419
1021,1,1,1,1,1,1,1,20260223,20260318
1022,0,0,0,0,0,0,0,20260319,20260430
1023,1,1,1,1,1,0,0,20260224,20260319
1024,0,0,0,0,0,0,0,20260320,20260430
1025,0,0,0,0,0,0,0,20260321,20260501
1026,1,0,0,0,0,1,1,20260403,20260412
1027,0,1,1,1,1,1,0,20260224,20260501
1028,1,1,1,1,1,1,1,20260401,20260415
1029,1,1,1,1,1,1,1,20260223,20260307
1030,1,1,1,1,1,1,1,20260308,20260320
1031,1,1,1,1,1,1,1,20260403,20260430
1032,0,0,0,0,0,0,0,20260313,20260428
1033,0,1,1,1,1,0,0,20260223,20260428
1034,0,0,0,0,0,1,1,20260228,20260307
1035,0,0,0,0,0,1,1,20260308,20260321
1036,0,0,0,0,0,1,1,20260403,20260426
1037,1,1,1,1,1,0,0,20260223,20260318
1038,1,1,1,0,1,0,0,20260223,20260306
1039,1,1,1,1,0,0,0,20260309,20260312
1040,1,1,1,0,1,0,0,20260313,20260318
1041,0,0,0,1,0,0,0,20260319,20260319
1042,0,0,0,1,1,1,0,20260320,20260327
1043,0,0,0,0,0,1,0,20260620,20260620
1044,1,0,0,0,1,1,1,20260402,20260412
1045,0,1,1,0,0,0,0,20260310,20260311
1046,0,0,0,0,0,0,0,20260402,20260410
1047,0,0,0,0,0,1,1,20260307,20260329
1048,1,1,0,1,1,0,0,20260312,20260317
1049,1,1,1,1,1,1,1,20260302,20260331
1050,1,1,1,1,1,1,0,20260302,20260331
1051,1,1,1,1,0,1,0,20260302,20260331
1052,1,1,1,1,1,0,0,20260302,20260309
1053,1,1,1,1,1,0,0,20260310,20260317
1054,1,0,1,1,1,0,0,20260318,20260323
1055,0,0,0,0,0,1,1,20260301,20260307
1056,1,1,1,1,1,0,0,20260323,20260402
1057,1,1,1,1,1,0,0,20260323,20260401
1058,1,1,1,1,1,0,1,20260323,20260401
1059,1,1,1,1,1,0,0,20260324,20260402
1060,1,1,1,1,1,1,0,20260324,20260402
1061,0,0,0,0,0,0,1,20260314,20260411
1062,1,1,1,1,0,0,1,20260301,20260308
1063,1,1,1,1,1,0,0,20260302,20260327
1064,1,1,1,1,1,0,0,20260312,20260526
1065,1,1,1,1,1,1,1,20260311,20260525
1066,0,0,0,1,1,0,0,20260326,20260327
1067,0,0,0,1,0,0,0,20260326,20260326
1068,0,0,0,1,1,0,0,20260319,20260320
1069,0,0,0,1,1,1,1,20260319,20260322
1070,1,1,1,1,1,0,0,20260319,20260326
1071,1,1,1,1,1,1,1,20260319,20260326
1072,0,0,0,0,1,1,0,20260320,20260321
1073,1,0,0,0,0,1,0,20260307,20260309
1074,1,1,1,0,0,1,1,20260314,20260318
1075,0,0,0,0,1,1,1,20260306,20260308
1076,0,0,0,0,1,0,1,20260306,20260308
1077,1,0,0,0,0,1,1,20260307,20260309
1078,0,1,0,0,1,0,0,20260313,20260326
1079,0,0,1,0,0,0,0,20260314,20260323
1080,0,0,1,0,0,1,0,20260304,20260307
1081,0,0,0,1,0,0,1,20260305,20260308
1082,0,0,0,0,0,1,1,20260418,20260830
1083,1,0,1,1,1,1,1,20260422,20260427
1084,1,1,1,1,1,1,1,20260421,20260427
1085,1,1,1,1,1,1,1,20260313,20260326
1086,0,1,1,1,1,1,1,20260421,20260426
1087,0,0,0,0,0,1,1,20260619,20260920
1088,0,0,1,1,1,0,0,20260225,20260227
1089,1,1,1,1,1,1,1,20260309,20260318
1090,0,0,1,1,1,0,0,20260327,20260410
1091,1,1,0,0,0,1,1,20260307,20260310
1092,1,1,1,0,0,0,0,20260309,20260311
1093,1,1,1,1,1,1,1,20260402,20260412
1094,0,1,1,1,0,0,0,20260402,20260410
1095,0,1,1,1,0,0,0,20260401,20260410
1096,0,0,0,0,0,0,0,20260307,20260424
1097,0,0,0,1,0,0,0,20260307,20260329
1098,0,0,0,0,0,0,0,20260323,20260424
1099,0,1,0,0,0,0,0,20260324,20260324
1100,0,0,0,0,0,0,0,20260226,20261211
1101,0,1,0,0,0,0,0,20260421,20260421
1102,0,1,1,1,0,0,0,20260331,20260402
1103,0,0,0,0,0,0,1,20260315,20260315
1104,1,1,1,0,0,0,1,20260315,20260318
1105,1,1,1,1,1,1,1,20260302,20260311
1106,0,1,0,0,0,0,0,20260303,20260303
1107,0,0,0,0,0,1,1,20260411,20260426
1108,0,0,0,0,0,0,1,20260406,20260419
1109,1,1,1,1,0,0,0,20260401,20260420
1110,1,1,1,1,0,1,0,20260401,20260420
1111,0,0,0,0,1,0,0,20260402,20260417
1112,0,0,0,0,0,1,0,20260403,20260418
1113,0,0,0,0,0,1,1,20260403,20260419
1114,0,0,0,1,1,1,1,20260326,20260329
1115,0,0,0,0,0,0,0,20260328,20260426
1116,0,0,0,0,0,0,0,20260307,20260411
1117,0,0,0,1,1,0,1,20260326,20260329
1118,0,0,0,0,0,0,0,20260321,20260419
1119,1,1,1,1,1,1,1,20260311,20260430
1120,0,0,0,0,1,1,1,20260403,20260524
1121,1,1,1,1,1,0,0,20260310,20260430
1122,1,1,1,1,1,1,1,20260309,20260430
1123,0,0,0,0,1,1,1,20260403,20260524
1124,1,1,1,1,1,0,0,20260309,20260430
1125,1,1,1,1,1,1,1,20260309,20260429
1126,0,1,1,0,1,0,0,20260320,20260325
1127,1,1,1,1,1,0,0,20260309,20260429
1128,0,1,0,0,0,0,0,20260505,20260505
1129,1,0,0,0,0,0,0,20260330,20260330
1130,0,0,1,0,0,0,0,20260310,20260420
1131,1,1,1,0,0,0,0,20260309,20260420
1132,0,0,0,0,0,0,0,20260314,20260419
1133,0,1,1,0,0,0,0,20260310,20260420
1134,1,1,1,0,0,0,0,20260309,20260420
1135,0,0,1,0,0,0,0,20260309,20260420
1136,1,1,1,1,1,0,0,20260309,20260430
1137,0,0,0,0,0,0,1,20260621,20260621
1138,1,1,1,0,0,0,0,20260309,20260420
1139,1,1,0,0,1,0,0,20260306,20260310
1140,0,0,0,0,0,0,0,20260315,20260419
1141,0,0,0,0,0,0,0,20260314,20260418
1142,1,0,1,0,0,0,0,20260309,20260420
1143,1,1,1,1,1,0,1,20260302,20260311
1144,1,1,0,0,1,1,1,20260306,20260310
1145,1,0,0,0,0,0,0,20260309,20260420
1146,1,1,0,0,1,1,0,20260306,20260310
1147,0,0,0,0,0,0,1,20260315,20260426
1148,0,0,0,0,0,1,0,20260314,20260425
1149,1,1,1,1,1,0,0,20260421,20260430
1150,0,0,0,0,0,1,1,20260425,20260426
1151,0,0,0,0,0,0,1,20260426,20260426
1152,1,1,1,1,1,1,1,20260421,20260430
1153,1,1,1,1,1,1,1,20260421,20260429
1154,1,1,1,1,1,0,0,20260421,20260429
1155,0,0,0,0,0,1,1,20260314,20260426
1156,1,1,1,1,1,1,0,20260421,20260429
1157,1,1,1,1,1,0,0,20260310,20260430
1158,1,1,1,1,1,1,1,20260319,20260331
1159,1,1,1,1,1,1,1,20260319,20260330
1160,1,1,1,1,1,0,0,20260309,20261211
1161,1,1,1,1,1,0,0,20260319,20260330
1162,1,1,1,1,1,1,0,20260319,20260330
1163,0,1,1,1,0,0,0,20260402,20260413
1164,1,1,1,1,1,0,0,20260414,20260420
1165,1,1,1,1,1,0,0,20260401,20260420
1166,0,0,0,1,0,0,0,20260402,20260402
1167,0,1,1,1,1,1,1,20260401,20260419
1168,0,0,0,0,0,0,0,20260310,20260424
1169,0,0,0,0,0,0,0,20260310,20260424
1170,0,0,0,0,0,0,0,20260309,20260424
1171,0,0,0,0,0,0,0,20260309,20260424
1172,0,0,0,0,0,0,0,20260309,20260423
1173,1,1,1,0,0,1,0,20260307,20260311
1174,0,0,0,0,0,1,1,20260328,20260412
1175,0,0,1,1,1,1,0,20260327,20260411
1176,0,1,1,1,1,1,1,20260401,20260411
1177,1,0,0,0,0,1,1,20260403,20260411
1178,0,0,0,0,1,0,0,20260918,20260918
1179,0,0,0,0,0,0,0,20260307,20260606
1180,0,0,0,0,0,0,1,20260315,20260528
1181,0,1,1,1,1,0,0,20260421,20260424
1182,1,1,1,1,1,0,0,20260420,20260424
1183,1,1,1,1,1,0,0,20260309,20261211
1184,1,1,1,1,1,0,0,20260309,20261211
1185,1,1,1,1,0,0,0,20260420,20260423
1186,1,1,0,0,0,0,0,20260413,20260414
1187,1,1,1,1,1,0,0,20260324,20260330
1188,1,0,0,0,0,0,0,20260330,20260423
1189,1,0,1,1,1,1,0,20260316,20260321
1190,0,1,0,1,1,1,1,20260317,20260322
1191,0,0,0,0,0,0,0,20260329,20260419
1192,1,0,0,0,0,0,1,20260329,20260423
1193,1,1,1,1,1,0,0,20260413,20260423
1194,0,0,0,0,0,0,1,20260329,20260419
1195,1,1,1,1,1,1,1,20260412,20260423
1196,0,1,1,0,0,0,0,20260804,20260805
1197,0,0,0,0,0,0,1,20260809,20260809
1198,1,0,1,1,1,0,0,20260311,20260321
1199,0,1,1,1,1,1,1,20260317,20260322
1200,0,1,0,0,0,0,0,20260317,20260317
1201,0,0,1,1,1,1,1,20260318,20260322
1202,0,0,0,0,0,1,1,20260412,20260419
1203,1,1,1,1,1,0,0,20260413,20260422
1204,1,1,1,1,1,1,1,20260412,20260422
1205,1,1,0,0,1,1,1,20260430,20261212
1206,0,0,0,0,0,1,1,20260411,20260426
1207,0,0,1,1,0,0,0,20260318,20260319
1208,0,0,0,0,0,0,0,20260314,20260329
1209,0,0,0,0,0,0,0,20260323,20260404
1210,0,1,0,0,0,0,0,20260407,20260407
1211,0,0,0,0,1,0,0,20260424,20260424
1212,0,0,0,0,1,0,0,20260320,20260327
1213,0,0,0,1,1,1,0,20260507,20260509
1214,1,1,1,1,1,0,0,20260330,20260807
1215,1,1,1,1,1,0,0,20260330,20260807
1216,1,1,1,1,1,0,0,20260330,20260807
1217,1,1,1,1,1,0,0,20260330,20260807
1218,1,1,1,1,1,0,0,20260330,20260807
1219,1,1,1,1,1,0,0,20260330,20260807
1220,1,1,1,1,1,0,0,20260330,20260807
1221,1,1,1,1,1,0,0,20260330,20260807
1222,1,1,1,1,1,1,1,20260324,20260330
1223,0,0,0,0,0,1,1,20260411,20260412
1224,0,0,0,1,1,0,0,20260507,20260508
1225,0,0,0,1,0,0,0,20260409,20260430
1226,0,0,0,0,0,1,0,20260509,20260509
1227,0,0,1,1,1,0,0,20260318,20260320
1228,0,0,0,1,1,0,0,20260409,20260410
1229,1,1,1,1,1,1,1,20260314,20260328
1230,1,1,1,1,1,0,0,20260316,20260528
1231,0,0,0,0,0,1,1,20260315,20260524
1232,0,0,0,1,1,0,1,20260313,20260326
1233,0,0,0,0,1,0,0,20260501,20260501
1234,0,0,0,0,1,0,0,20260508,20260508
1235,0,0,0,1,0,0,0,20260507,20260507
1236,1,1,1,1,1,0,0,20260325,20260401
1237,0,0,0,0,0,0,0,20260324,20260402
1238,1,1,1,1,1,0,0,20260313,20260326
1239,1,1,1,1,1,0,0,20260313,20261211
1240,1,1,1,1,1,0,1,20260401,20260420
1241,1,1,1,1,1,1,1,20260401,20260420
1242,1,1,1,1,1,0,0,20260615,20261211
1243,1,1,1,1,1,1,1,20260614,20261212
1244,1,1,1,1,1,0,1,20260614,20261211
1245,0,0,0,0,0,1,0,20260620,20261212
1246,1,1,1,1,1,0,0,20260615,20261211
1247,1,1,1,1,1,0,0,20260615,20261211
1248,0,0,0,0,0,0,0,20260312,20260402
1249,0,0,0,0,0,0,0,20260311,20260402
1250,0,0,1,0,1,0,0,20260311,20260313
1251,0,0,1,0,0,0,0,20260401,20260401
1252,0,0,0,0,0,1,0,20260502,20260502
1253,0,0,0,0,0,1,0,20260606,20260606
1254,0,0,0,0,0,0,1,20260524,20260524
1255,1,1,1,1,1,1,1,20260316,20260613
1256,1,1,1,1,1,0,0,20260316,20260612
1257,0,0,0,0,0,1,1,20260321,20260613
1258,1,1,0,0,0,0,0,20260504,20260505
1259,0,0,0,0,1,0,0,20260410,20260410
1260,0,1,1,1,0,0,0,20260407,20260409
1261,1,1,0,0,0,0,0,20260407,20260430
1262,0,1,1,0,1,0,0,20260407,20260410
1263,1,1,1,1,1,0,0,20260316,20260327
1264,0,0,0,0,0,1,1,20260328,20261212
1265,0,0,0,0,0,0,0,20260706,20261028
1266,1,0,1,1,1,0,0,20260422,20260427
1267,0,0,0,0,0,0,0,20260407,20260428
1268,0,0,1,1,1,1,0,20260408,20260411
1269,0,1,0,0,0,0,0,20260428,20260428
1270,0,0,1,0,0,0,0,20260429,20260429
1271,0,0,0,0,0,0,0,20260408,20260429
1272,0,0,0,0,0,0,0,20260408,20260429
1273,1,1,1,1,1,1,1,20260413,20260420
1274,1,1,1,1,1,0,1,20260413,20260419
1275,1,1,1,1,1,1,1,20260413,20260419
1276,1,1,1,1,1,1,1,20260414,20260420
1277,0,0,0,0,0,1,0,20260718,20260809
1278,0,0,0,0,1,1,0,20260417,20260418
1279,1,0,0,0,1,1,1,20260407,20260418
1280,1,0,0,0,1,1,1,20260411,20260418
1281,1,1,0,0,0,1,1,20260412,20260419
1282,1,0,0,0,1,0,1,20260407,20260417
1283,1,0,0,0,0,1,1,20260321,20260323
1284,1,1,1,1,0,0,0,20260427,20260430
1285,0,0,0,0,0,1,1,20260321,20260404
1286,0,0,0,0,1,0,0,20260320,20260402
1287,0,0,0,0,1,1,0,20260320,20260404
1288,1,1,1,1,1,0,0,20260408,20260430
1289,1,1,1,1,1,0,0,20260407,20260430
1290,0,0,0,0,0,0,0,20260403,20260905
1291,0,0,0,0,0,0,0,20260501,20260905
1292,1,1,1,1,0,0,0,20260409,20260422
1293,0,0,0,0,1,0,0,20260410,20260417
1294,0,0,0,0,0,1,1,20260411,20260419
1295,1,1,1,1,1,0,0,20260409,20260422
1296,0,0,0,0,0,1,0,20260411,20260418
1297,0,0,0,0,0,0,1,20260412,20260419
1298,1,1,1,1,0,1,1,20260409,20260422
1299,0,1,1,1,1,1,1,20260409,20260422
1300,1,0,0,0,0,0,0,20260413,20260420
1301,0,1,1,1,1,1,1,20260409,20260422
1302,1,1,1,1,1,1,1,20260409,20260422
1303,0,0,0,1,1,1,0,20260416,20260418
1304,0,0,0,1,1,0,1,20260416,20260419
1305,0,0,0,1,1,1,1,20260416,20260419
1306,0,0,0,1,0,0,0,20260416,20260416
1307,1,1,1,0,0,0,0,20260414,20260421
1308,0,0,0,1,0,0,1,20260416,20260419
1309,0,0,1,1,0,0,0,20260408,20260409
1310,0,1,1,0,0,0,0,20260602,20260603
1311,0,0,1,1,1,1,0,20260401,20260404
1312,0,0,0,0,0,0,0,20260408,20260603
1313,0,0,0,0,1,1,0,20260403,20260404
1314,1,1,1,1,1,1,1,20260325,20260401
1315,0,0,0,0,0,0,0,20260323,20260402
1316,1,1,1,1,1,1,1,20260324,20260401
1317,1,1,1,1,1,0,0,20260324,20260401
1318,1,1,1,1,1,1,1,20260325,20260331
1319,1,1,1,1,1,0,0,20260325,20260331
1320,1,1,0,0,0,0,0,20260511,20260512
1321,0,0,1,1,1,0,0,20260401,20260403
1322,1,1,0,0,0,0,0,20260427,20260428
1323,0,0,0,0,0,0,0,20260501,20260829
1324,1,1,1,1,1,0,0,20260315,20260326
1325,1,1,1,1,1,1,1,20260315,20260326
1326,1,1,1,1,1,0,0,20260330,20260630
1327,0,1,0,0,0,0,0,20260331,20260331
1328,1,1,1,0,0,0,0,20260330,20260401
1329,1,1,1,1,1,0,0,20260407,20260413
1330,1,1,1,1,1,1,1,20260407,20260413
1331,1,1,1,1,1,0,0,20260511,20260515
1332,0,0,0,0,0,1,1,20260516,20260517
1333,0,0,0,0,0,0,0,20260318,20261212
1334,1,1,1,1,1,1,1,20260511,20260517
1335,0,0,0,0,0,0,0,20260415,20260611
1336,0,0,1,0,0,0,0,20260415,20260415
1337,0,0,0,0,0,0,0,20260416,20260611
1338,0,0,0,0,0,1,1,20260405,20260419
1339,1,1,1,1,0,0,0,20260407,20260423
1340,0,0,0,0,1,0,0,20260410,20260424
1341,1,1,1,1,1,0,0,20260407,20260424
1342,0,0,0,0,1,1,0,20260405,20260424
1343,1,1,1,1,1,1,0,20260407,20260424
1344,1,1,1,1,1,1,1,20260407,20260424
1345,0,1,1,1,0,0,0,20260428,20260430
1346,0,0,0,0,1,0,0,20260619,20260619
1347,0,0,1,0,0,0,0,20260408,20260408
1348,0,0,0,0,0,0,0,20260407,20260424
1349,1,1,1,1,1,1,1,20260330,20260430
1350,1,0,0,0,1,1,1,20260403,20260406
1351,1,1,0,0,1,1,1,20260403,20260407
1352,1,1,1,1,1,1,1,20260408,20260425
1353,1,1,1,1,1,0,0,20260408,20260424
1354,1,1,1,1,1,1,1,20260407,20260425
1355,0,0,0,0,0,1,1,20260411,20260425
1356,1,1,1,1,1,0,0,20260519,20260527
1357,1,1,1,1,1,1,1,20260518,20260527
1358,1,1,1,1,1,0,0,20260518,20260527
1359,0,0,0,0,0,1,1,20260523,20260524
1360,1,1,1,1,1,1,1,20260518,20260526
1361,1,1,1,1,1,0,0,20260518,20260526
1362,0,0,0,0,0,1,1,20260404,20260405
1363,0,1,1,0,0,0,0,20260331,20260401
1364,0,0,1,1,1,0,0,20260408,20260410
1365,0,0,0,1,0,0,0,20260409,20260409
1366,1,1,1,1,1,0,1,20260325,20260628
1367,0,0,1,0,0,0,0,20260325,20260325
1368,1,1,1,1,1,0,0,20260323,20260331
1369,1,1,1,1,1,1,0,20260511,20260516
1370,0,1,1,1,1,1,1,20260512,20260517
1371,1,1,1,1,1,1,1,20260325,20260628
1372,1,1,1,1,0,0,0,20260601,20260604
1373,1,1,0,0,0,0,0,20260601,20260604
1374,0,0,0,0,0,0,0,20260418,20260517
1375,0,0,0,0,0,0,0,20260418,20260516
1376,1,1,1,1,1,1,1,20260519,20260527
1377,1,1,0,0,0,0,0,20260406,20260407
1378,1,1,1,1,1,1,0,20260518,20260527
1379,1,0,0,1,1,1,1,20260625,20260629
1380,0,0,0,1,1,1,1,20260625,20260628
1381,0,0,0,1,1,0,1,20260625,20260628
1382,0,0,0,0,0,1,0,20260627,20260627
1383,1,0,0,0,1,0,0,20260626,20260629
1384,1,0,0,0,1,1,1,20260626,20260629
1385,0,0,0,0,0,1,1,20260627,20260628
1386,0,0,0,1,1,0,0,20260625,20260626
1387,0,0,0,0,0,0,0,20260707,20260820
1388,0,0,1,0,0,0,0,20260527,20260527
1389,0,0,0,1,1,0,0,20260423,20260424
1390,1,1,1,0,0,0,0,20260420,20260422
1391,1,0,0,0,1,1,0,20260626,20260629
1392,0,0,0,0,0,0,1,20260628,20260628
1393,0,0,0,0,1,1,0,20260522,20260523
1394,0,0,0,1,0,0,0,20260709,20260709
1395,0,1,1,1,1,1,1,20260414,20260419
1396,1,1,0,0,0,0,0,20260413,20260428
1397,0,1,1,0,0,0,0,20260414,20260429
1398,0,0,1,1,0,0,0,20260506,20260507
1399,1,1,1,1,1,1,1,20260603,20261212
1400,1,1,0,1,1,1,1,20260501,20260602
1401,0,0,0,0,0,0,0,20260714,20260806
1402,0,0,0,0,0,0,0,20260716,20260811
1403,0,1,0,0,0,0,0,20260721,20260721
1404,0,0,0,0,0,0,0,20260401,20260428
1405,0,0,0,0,0,0,0,20260331,20260424
1406,0,1,1,0,0,0,0,20260401,20260428
1407,0,0,0,0,0,0,0,20260401,20260428
1408,1,0,0,0,0,0,0,20260427,20260427
1409,0,0,0,1,0,0,0,20260723,20260723
1410,1,1,1,1,1,1,1,20260408,20260414
1411,0,1,1,0,0,0,1,20260414,20260419
1412,1,0,0,0,0,0,0,20260420,20260420
1413,1,1,1,1,1,0,0,20260427,20260501
1414,0,0,0,0,0,0,1,20260510,20260510
1415,1,1,1,1,1,0,0,20260508,20260515
1416,0,0,0,0,0,1,1,20260509,20260510
1417,1,1,1,1,1,1,1,20260508,20260515
1418,1,1,1,1,1,1,1,20260508,20260514
1419,0,0,0,0,0,1,1,20260403,20260411
1420,0,1,0,0,0,0,0,20260728,20260728
1421,0,1,0,0,0,0,0,20260804,20260804
1422,0,0,0,1,0,0,0,20260813,20260813
1423,0,1,0,0,0,0,0,20260818,20260818
1424,0,0,0,0,1,1,1,20260515,20260517
1425,0,0,0,0,1,0,0,20260515,20260515
1426,0,0,0,0,0,0,0,20260605,20261212
1427,1,1,1,1,1,1,1,20260430,20260604
1428,0,0,1,1,1,1,1,20260408,20260412
1429,0,0,0,0,0,0,1,20260503,20260503
1430,0,0,0,0,0,0,1,20260412,20260412
1431,0,0,0,0,0,0,1,20260517,20260517
1432,0,0,0,0,0,1,0,20260530,20260530
1433,0,0,0,0,0,0,1,20260531,20260531
1434,0,0,1,1,1,0,0,20260415,20260417
1435,0,0,1,1,0,0,0,20260415,20260416
1436,1,1,1,1,1,1,1,20260509,20260515
1437,1,1,1,0,1,0,0,20260508,20260515
1438,0,0,0,1,0,1,1,20260509,20260514
1439,0,0,0,0,0,1,1,20260606,20261212
1440,0,0,0,0,0,1,1,20260411,20260501
1441,0,1,0,0,0,0,0,20260414,20260414
1442,1,1,1,1,1,0,0,20260409,20260430
1443,1,0,0,0,0,0,0,20260511,20260511
1444,1,1,1,1,1,1,1,20260523,20260531
1445,1,1,1,1,1,0,0,20260525,20260529
1446,0,1,1,1,0,0,0,20260512,20260514
1447,1,1,1,1,1,0,0,20260525,20260601
1448,1,1,1,1,0,0,0,20260511,20260514
1449,0,0,0,0,0,0,0,20260615,20261212
1450,0,0,0,0,0,0,1,20260524,20260531
1451,0,0,0,0,0,0,0,20260614,20261206
1452,0,0,0,0,0,0,0,20260614,20261212
1453,1,0,0,1,0,0,0,20260511,20260514
1454,1,1,1,1,1,1,1,20260408,20260430
1455,0,0,0,0,1,1,0,20260619,20261212
1456,1,1,1,1,0,0,0,20260615,20261210
1457,1,1,1,1,1,1,1,20260614,20261212
1458,0,0,0,0,0,1,0,20260620,20261212
1459,0,0,0,0,0,1,1,20260614,20261212
1460,1,1,1,1,0,1,1,20260411,20260416
1461,1,1,1,1,1,1,1,20260411,20260520
1462,1,1,1,1,1,1,0,20260411,20260417
1463,1,1,1,1,1,0,1,20260412,20260417
1464,1,1,1,1,1,1,1,20260411,20260417
1465,1,1,1,1,0,0,0,20260408,20260520
1466,1,1,1,1,0,1,0,20260411,20260416
1467,0,0,0,0,1,1,1,20260501,20260517
1468,0,1,1,1,1,0,0,20260505,20260521
1469,0,0,0,0,0,1,1,20260502,20260517
1470,1,1,1,1,0,0,0,20260504,20260521
1471,1,1,1,1,1,1,1,20260501,20260520
1472,1,1,1,0,0,0,0,20260511,20260513
1473,0,0,0,0,0,0,0,20260616,20261211
1474,1,1,1,0,0,1,1,20260418,20260422
1475,1,1,1,1,1,0,0,20260513,20260609
1476,0,0,0,0,0,1,1,20260516,20260607
1477,1,0,0,0,0,0,0,20260518,20260518
1478,0,0,0,0,0,1,0,20260412,20260511
1479,1,1,1,1,1,0,1,20260513,20260609
1480,0,0,0,0,0,1,0,20260516,20260606
1481,0,0,0,0,0,1,0,20260412,20260511
1482,1,1,1,1,1,1,1,20260502,20260609
1483,1,1,1,1,1,1,1,20260501,20260609
1484,1,1,1,1,1,0,0,20260615,20261211
1485,1,1,1,1,1,0,0,20260615,20261211
1486,0,0,0,0,0,0,1,20260614,20261206
1487,0,0,0,0,0,1,0,20260620,20261212
1488,0,0,0,0,0,1,0,20260620,20261212
1489,0,0,0,0,0,0,1,20260614,20261206
1490,1,1,1,1,1,0,0,20260615,20261211
1491,0,0,0,0,0,1,1,20260614,20261212
1492,1,1,1,1,1,0,0,20260615,20261211
1493,0,0,0,0,1,0,0,20260619,20261211
1494,1,1,1,1,0,0,0,20260615,20261210
1495,1,1,1,1,0,0,0,20260615,20261210
1496,1,1,1,1,0,0,0,20260615,20261210
1497,1,1,1,1,1,0,1,20260614,20261211
1498,0,0,0,0,0,1,0,20260620,20261212
1499,0,0,0,0,1,0,0,20260619,20261211
1500,1,1,1,1,1,1,1,20260614,20261212
1501,1,1,1,1,1,0,0,20260615,20261211
1502,1,1,1,1,1,1,1,20260501,20260609
1503,1,1,1,1,1,1,1,20260501,20260608
1504,1,1,1,1,1,0,0,20260415,20261211
1505,1,1,1,1,1,0,1,20260415,20261211
1506,0,0,0,0,0,0,1,20260419,20261206
1507,0,0,0,0,0,1,0,20260418,20261212
1508,0,0,0,0,0,1,1,20260418,20261212
1509,1,1,1,1,1,0,1,20260415,20261211
1510,1,1,1,1,1,0,0,20260415,20261211
1511,0,0,0,0,0,1,1,20260418,20261212
1512,0,0,0,0,0,1,0,20260418,20261212
1513,1,1,1,1,1,1,1,20260415,20261212
1514,1,1,1,1,1,0,0,20260415,20261211
1515,1,1,1,1,1,1,1,20260415,20261212
1516,0,0,0,0,1,0,0,20260417,20261211
1517,1,1,1,1,1,0,0,20260415,20261211
1518,1,1,1,1,1,1,1,20260415,20261212
1519,1,1,1,1,1,0,0,20260415,20261211
1520,1,1,1,1,1,0,0,20260415,20261211
1521,1,1,1,1,1,1,1,20260415,20261212
1522,1,1,1,1,1,0,0,20260415,20261211
1523,1,1,1,1,1,0,0,20260415,20261211
1524,1,1,1,1,1,0,0,20260415,20261211
1525,0,0,0,0,0,1,1,20260418,20261212
1526,1,1,1,1,1,0,0,20260415,20261211
1527,1,1,1,1,1,1,1,20260415,20261212
1528,1,1,1,1,1,0,0,20260415,20261211
1529,1,1,1,1,1,0,0,20260415,20261211
1530,1,1,1,1,1,0,0,20260415,20261211
1531,1,1,1,1,1,1,1,20260415,20261212
1532,1,1,1,1,1,0,0,20260415,20261211
1533,1,1,1,1,1,1,1,20260415,20261212
1534,1,1,1,1,1,0,0,20260415,20261211
1535,1,1,1,1,1,1,1,20260415,20261212
1536,1,1,1,1,1,0,0,20260415,20261211
1537,1,1,1,1,1,0,0,20260415,20261211
1538,0,0,0,0,0,0,0,20260415,20261211
1539,0,0,0,0,0,1,0,20260418,20261212
1540,0,1,0,0,0,0,0,20261117,20261117
1541,0,1,0,0,0,0,0,20260915,20260915
1542,1,1,1,1,1,1,1,20260415,20261212
1543,0,0,0,0,1,0,0,20260417,20261211
1544,1,1,1,1,0,0,0,20260415,20261210
1545,1,0,0,0,0,0,0,20261116,20261116
1546,0,0,0,0,0,0,0,20260415,20261211
1547,0,0,0,0,0,0,0,20260415,20261212
1548,0,0,0,0,0,0,0,20260415,20261212
1549,0,0,0,0,0,0,0,20260415,20261212
1550,0,0,0,0,0,0,0,20260415,20261212
1551,0,0,0,0,0,0,0,20260415,20261212
1552,0,0,0,0,0,0,0,20260415,20261212
1553,0,0,0,0,0,0,0,20260415,20261211
1554,0,0,0,0,0,0,0,20260418,20261212
1555,0,0,0,0,0,0,0,20260415,20261211
1556,0,0,0,0,0,0,0,20260415,20261212
1557,0,0,0,0,0,0,0,20260415,20261212
1558,0,0,0,0,0,0,0,20260415,20261211
1559,0,0,0,0,0,0,0,20260415,20261212
1560,0,0,0,0,0,0,0,20260415,20261212
1561,0,1,0,1,0,1,0,20260416,20261212
1562,0,1,0,1,0,0,1,20260416,20261210
1563,0,1,1,1,1,1,1,20260415,20260430
1564,1,1,1,1,1,0,1,20260424,20261212
1565,0,1,1,1,1,1,1,20260415,20260430
1566,1,1,1,1,1,1,1,20260528,20261211
1567,1,1,1,1,1,1,1,20260415,20261212
1568,1,1,1,1,1,1,1,20260415,20260430
1569,1,1,1,1,1,1,1,20260415,20260501
1570,0,0,0,0,0,1,1,20260418,20261101
1571,0,0,0,0,0,1,1,20260418,20261101
1572,0,0,0,0,0,1,1,20260418,20261101
1573,0,0,0,0,0,1,1,20260418,20261101
1574,0,0,0,0,0,0,0,20260415,20261212
1575,0,0,0,0,0,0,0,20260415,20261212
1576,0,0,0,0,0,0,0,20260415,20261212
1577,0,0,0,0,0,0,0,20260415,20261211
1578,0,1,0,0,0,1,1,20260425,20260428
1579,0,1,1,1,0,0,0,20260519,20260521
1580,1,1,1,1,1,0,0,20260413,20260430
1581,0,0,0,0,0,1,1,20260418,20260503
1582,1,1,0,0,0,0,1,20260412,20260414
1583,0,1,1,1,1,1,1,20260501,20261212
1584,0,1,1,1,1,1,1,20260501,20261212
1585,0,1,1,1,1,1,1,20260502,20261212
1586,0,1,1,1,1,1,1,20260501,20261212
1587,0,1,1,1,1,1,1,20260501,20261212
1588,0,1,1,1,1,1,0,20260502,20261212
1589,0,0,0,0,1,0,1,20260502,20261212
1590,1,1,1,1,1,1,1,20260501,20261212
1591,0,1,1,1,1,1,1,20260501,20261212
1592,0,0,0,0,0,1,0,20261128,20261128
1593,1,1,1,1,1,1,1,20260523,20260831
1594,0,0,0,0,0,0,0,20260523,20260831
1595,0,1,1,1,1,1,1,20260502,20261212
1596,1,1,1,1,1,1,1,20260501,20261212
1597,1,1,1,1,1,1,1,20260502,20261212
1598,0,1,1,1,1,1,1,20260522,20260828
1599,0,1,1,1,1,1,1,20260523,20260829
1600,0,0,0,0,0,1,1,20261128,20261212
1601,0,1,1,1,1,1,1,20260418,20260904
1602,0,0,0,0,0,0,0,20260514,20260525
1603,0,1,0,1,0,0,1,20260423,20261210
1604,1,0,1,0,1,1,0,20260424,20261212
1605,1,1,1,1,1,1,1,20260413,20260503
1606,1,1,1,1,0,0,0,20260413,20260429
1607,1,1,1,1,1,0,0,20260407,20260429
1608,1,1,1,1,1,0,0,20260407,20260430
1609,0,0,0,0,1,0,0,20260417,20260430
1610,1,1,1,1,1,1,1,20260501,20260609
1611,0,1,1,1,0,0,0,20260421,20260423
1612,0,0,0,0,0,0,1,20260412,20260510
1613,1,0,0,0,0,0,1,20260413,20260503
1614,1,1,1,1,1,1,1,20260430,20261212
1615,0,1,1,1,1,1,0,20260414,20260502
1616,1,1,1,1,1,0,0,20260420,20260430
1617,1,1,1,1,0,0,1,20260518,20260526
1618,1,0,0,0,0,0,0,20260420,20260427
1619,0,1,1,1,1,1,1,20260414,20260430
1620,1,1,1,1,1,0,0,20260414,20260430
1621,1,1,1,1,1,1,1,20260413,20260430
1622,0,0,0,0,0,1,1,20260418,20260426
1623,1,1,1,1,1,0,0,20260413,20260429
1624,1,1,1,1,1,1,1,20260413,20260429
1625,0,0,0,0,1,0,0,20260814,20260814
1626,0,0,0,0,0,0,0,20260716,20260823
1627,0,0,0,0,0,0,0,20260716,20260821
1628,0,0,0,0,0,0,0,20260718,20260823
1629,1,1,1,1,1,1,1,20260414,20260430
1630,0,0,0,0,1,0,0,20260417,20260424
1631,0,0,0,0,1,1,0,20260417,20260425
1632,0,0,0,0,0,0,1,20260419,20260426
1633,1,1,1,1,1,1,0,20260519,20260527
1634,1,1,1,1,0,1,1,20260518,20260527
1635,0,0,0,0,1,0,0,20260522,20260522
1636,1,1,1,1,0,1,0,20260518,20260527
1637,1,1,1,1,0,1,0,20260518,20260526
1638,0,1,1,1,1,0,0,20260512,20260515
1639,1,1,1,1,0,1,0,20260511,20260516
1640,1,1,1,1,1,0,1,20260511,20260517
1641,0,0,0,0,0,0,0,20260430,20260520
1642,0,0,0,0,0,1,0,20260501,20260517
1643,1,1,1,0,0,0,1,20260426,20260429
1644,0,0,0,0,0,1,0,20260418,20261212
1645,1,1,1,1,1,0,0,20260415,20261211
1646,1,1,1,1,1,1,0,20260415,20261212
1647,0,0,0,0,0,1,0,20260418,20261212
1648,1,1,1,1,1,1,0,20260415,20261212
1649,0,0,0,0,0,0,1,20260419,20261206
1650,1,1,1,1,1,0,0,20260415,20261211
1651,0,0,0,0,0,1,0,20260418,20261212
1652,1,1,1,1,1,1,1,20260502,20260609
1653,0,0,0,0,1,1,0,20260821,20260822
1654,0,0,0,0,0,0,1,20260823,20260823
1655,0,0,0,0,0,1,0,20260821,20260822
1656,0,0,0,0,1,0,1,20260821,20260823
1657,0,0,0,0,1,1,1,20260821,20260823
1658,0,0,0,0,0,0,0,20260606,20261212
1659,0,0,0,0,1,0,0,20260821,20260821
1660,0,0,0,0,0,1,1,20260822,20260823
1661,0,0,0,0,0,1,0,20260704,20260829
1662,1,1,1,1,1,0,0,20260410,20260630
1663,0,0,0,0,0,1,1,20260718,20260726
1664,0,0,0,0,0,1,0,20260905,20260905
1665,1,1,1,1,1,0,0,20260518,20260522
1666,1,1,1,1,1,0,0,20260415,20261211
1667,1,1,1,1,1,0,0,20260528,20260612
1668,0,0,0,0,0,1,0,20260530,20260613
1669,0,0,0,0,0,0,1,20260531,20260607
1670,1,1,1,1,1,0,1,20260528,20260612
1671,0,0,0,0,0,1,1,20260530,20260613
1672,1,1,1,1,1,1,0,20260528,20260612
1673,0,0,0,0,0,1,0,20260530,20260606
1674,1,0,0,0,0,0,0,20260608,20260608
1675,0,1,0,0,0,0,0,20260609,20260609
1676,0,0,0,0,1,1,1,20260426,20260510
1677,1,1,1,1,0,0,0,20260427,20260515
1678,1,1,1,1,1,1,1,20260426,20260515
1679,1,1,1,1,1,0,0,20260615,20261211
1680,1,1,1,1,1,1,1,20260614,20261212
1681,1,1,1,1,1,0,0,20260615,20261211
1682,1,1,1,1,1,0,0,20260615,20261211
1683,1,1,1,1,1,1,1,20260614,20261212
1684,1,1,1,1,1,0,0,20260615,20261211
1685,1,1,1,1,1,1,1,20260614,20261212
1686,0,0,0,0,0,1,1,20260615,20260830
1687,1,1,1,1,1,1,1,20260614,20261212
1688,1,1,1,1,1,1,1,20260614,20261212
1689,0,0,0,0,0,1,1,20260704,20260830
1690,1,1,1,1,1,0,0,20260615,20261211
1691,1,1,1,1,1,1,1,20260420,20260528
1692,1,1,1,1,1,1,1,20260529,20260605
1693,0,0,0,0,0,0,0,20260415,20261211
1694,0,0,0,0,0,0,0,20260415,20261211
1695,0,0,0,0,0,0,0,20260415,20261211
1696,1,1,1,1,1,1,1,20260614,20261212
1697,1,1,1,1,1,0,0,20260615,20261211
1698,0,0,0,0,0,1,1,20260614,20261212
1699,0,0,0,0,0,0,0,20260415,20261211
1700,0,0,0,0,1,0,0,20260619,20261211
1701,0,0,1,1,0,0,0,20260415,20261211
1702,1,1,1,1,1,1,1,20260528,20260612
1703,0,0,0,0,0,1,1,20260614,20260920
1704,1,1,1,1,1,1,1,20260424,20260605
1705,1,1,1,0,0,0,1,20260614,20261212
1706,1,1,1,1,1,1,1,20260831,20261212
1707,1,1,1,1,1,1,1,20260613,20260830
1708,1,1,1,1,1,1,1,20260901,20261212
1709,1,1,1,1,1,1,1,20260614,20260831
1710,1,1,0,0,0,0,0,20260629,20260630
1711,0,0,0,0,0,1,1,20260620,20261212
1712,0,0,0,0,0,1,1,20260620,20261028
1713,0,1,1,1,0,0,0,20260414,20260416
1714,0,0,0,0,0,1,1,20260620,20261028
1715,0,0,0,0,0,1,1,20260614,20260920
1716,1,1,1,1,1,0,0,20260615,20260626
1717,0,0,0,0,0,1,1,20260411,20261212
1718,0,0,0,0,0,1,0,20260912,20260912
1719,0,0,0,1,0,0,0,20260430,20260515
1720,1,1,1,1,1,0,0,20260615,20261211
1721,1,1,1,1,1,0,0,20260701,20260831
1722,1,1,1,0,0,0,1,20260426,20260514
1723,0,0,0,0,1,1,1,20260724,20260726
1724,0,0,0,0,0,0,0,20260614,20261212
1725,0,0,0,0,0,0,0,20260619,20261212
1726,0,0,0,0,0,1,1,20260411,20261212
1727,0,0,0,0,0,0,0,20260614,20261210
1728,1,0,0,0,0,0,0,20260629,20260824
1729,0,0,0,0,0,0,0,20260614,20261212
1730,0,0,0,0,0,1,1,20260614,20261212
1731,1,1,1,1,1,0,0,20260615,20261211
1732,1,1,1,1,1,1,1,20260614,20261212
1733,1,1,1,1,1,0,0,20260615,20261211
1734,0,0,0,0,0,1,1,20260411,20261101
1735,1,1,1,1,1,1,1,20260614,20261212
1736,0,0,0,0,0,0,1,20260614,20261206
1737,1,1,1,1,1,1,1,20260614,20261212
1738,0,0,0,0,0,0,1,20260614,20261206
1739,0,0,0,0,0,0,1,20260614,20261206
1740,1,1,1,1,1,0,0,20260629,20260831
1741,0,0,0,1,1,0,0,20260615,20261211
1742,1,1,1,1,1,0,0,20260629,20260831
1743,0,0,0,0,0,0,0,20260615,20261211
1744,0,0,0,0,0,0,1,20261004,20261206
1745,0,0,0,0,1,0,0,20260619,20261211
1746,0,0,0,0,0,1,0,20260704,20260704
1747,0,0,0,0,0,0,1,20260705,20260705
1748,0,0,0,0,0,1,0,20260711,20260711
1749,0,0,0,0,0,0,1,20260712,20260712
1750,0,0,0,0,0,1,0,20260411,20261024
1751,0,0,0,0,0,0,1,20260412,20261025
1752,0,0,1,0,0,1,0,20261028,20261031
1753,0,0,0,0,1,0,0,20260828,20260828
1754,0,0,0,0,0,0,0,20260618,20261212
1755,0,0,0,0,0,0,0,20260614,20261206
1756,1,1,1,1,1,1,1,20260617,20261212
1757,1,1,1,1,1,1,1,20260617,20261212
1758,1,1,1,1,1,1,1,20260617,20261212
1759,1,1,1,1,1,1,1,20260617,20261212
1760,1,1,1,1,1,1,1,20260415,20261212
1761,0,0,0,0,0,1,0,20260411,20261031
1762,0,0,0,0,0,0,1,20260412,20261212
1763,1,1,1,1,1,0,0,20260415,20261211
1764,0,0,0,0,0,0,1,20260412,20261101
1765,0,0,0,0,0,1,0,20260411,20261031
1766,0,0,0,0,0,0,1,20261108,20261206
1767,0,0,0,0,0,1,0,20260801,20260801
1768,1,1,1,1,1,0,0,20260430,20261211
1769,1,0,0,0,0,0,0,20260706,20260706
1770,0,0,0,0,0,1,1,20260614,20261212
1771,1,1,1,1,1,0,0,20260615,20261211
1772,0,0,0,0,0,1,1,20260614,20261212
1773,1,1,1,1,1,0,0,20260615,20261211
1774,0,0,0,0,0,0,0,20260703,20261212
1775,1,1,1,1,1,1,1,20260614,20261212
1776,0,0,0,0,0,0,0,20260615,20261211
1777,1,1,1,1,1,0,1,20260410,20261212
1778,0,0,0,0,0,0,0,20260704,20260822
1779,1,1,1,1,1,1,1,20260614,20261212
1780,1,1,1,1,1,0,0,20260504,20260522
1781,1,1,1,1,1,1,1,20260614,20261212
1782,1,1,1,1,0,0,0,20260413,20261210
1783,1,1,1,1,1,0,0,20260505,20260522
1784,1,1,1,1,1,1,1,20260614,20261212
1785,1,1,1,1,1,1,1,20260614,20261212
1786,1,1,1,1,1,0,0,20260901,20261211
1787,1,1,1,0,0,0,0,20260504,20260506
1788,1,1,1,1,1,1,1,20260614,20261212
1789,1,1,1,1,1,1,1,20260507,20260524
1790,0,0,0,0,0,1,1,20260614,20261212
1791,1,1,1,1,1,0,0,20260615,20261211
1792,0,0,0,0,0,1,1,20260614,20261212
1793,1,1,1,1,1,0,0,20260615,20261211
1794,0,0,0,0,0,1,0,20260620,20261212
1795,1,1,1,1,1,1,1,20260507,20260523
1796,0,0,0,0,0,1,1,20260508,20260524
1797,1,1,1,1,1,1,1,20260418,20260426
1798,1,1,1,1,1,1,1,20260427,20260609
1799,1,1,1,1,1,1,1,20260427,20260609
1800,0,0,0,0,0,0,1,20260418,20260426
1801,0,0,0,0,0,1,1,20260501,20260607
1802,0,0,0,0,0,1,1,20260418,20260607
1803,1,1,1,0,1,0,0,20260427,20260610
1804,1,1,1,1,1,0,0,20260420,20260609
1805,1,1,1,1,1,0,0,20260420,20260616
1806,1,1,1,1,1,1,1,20260420,20260616
1807,1,1,1,1,1,1,0,20260420,20260616
1808,1,1,1,1,1,1,0,20260420,20260616
1809,1,1,1,1,1,1,1,20260420,20260616
1810,0,0,0,0,0,0,0,20260412,20260511
1811,0,0,0,0,0,1,0,20260425,20260613
1812,0,0,0,0,0,0,0,20260616,20261210
1813,1,0,0,0,0,0,1,20260614,20260615
1814,1,1,1,1,0,0,1,20260503,20260608
1815,1,1,1,1,1,0,1,20260503,20260608
1816,0,0,0,0,0,0,0,20260516,20260606
1817,1,1,1,1,1,0,0,20260526,20260703
1818,0,0,0,0,0,1,1,20260530,20260704
1819,1,1,1,1,1,1,1,20260526,20260704
1820,0,0,0,0,0,1,0,20260501,20260606
1821,1,1,1,1,1,0,0,20260504,20260609
1822,0,0,0,1,1,1,1,20260423,20260426
1823,1,0,0,0,1,0,0,20260424,20260427
1824,0,0,0,0,0,1,0,20260815,20260815
1825,0,0,0,0,0,0,1,20260426,20260614
1826,1,1,1,1,1,0,1,20260420,20260616
1827,0,0,0,0,0,1,0,20260425,20260613
1828,1,1,1,1,0,1,0,20260420,20260616
1829,0,0,0,0,1,0,0,20260424,20260612
1830,1,1,0,0,0,0,0,20260420,20260421
1831,1,1,1,1,1,1,1,20260504,20260523
1832,1,1,1,1,1,1,1,20260529,20260613
1833,1,1,1,1,1,1,1,20260528,20260613
1834,1,1,1,1,1,0,0,20260529,20260612
1835,0,0,0,0,0,1,1,20260502,20260607
1836,1,1,1,1,1,0,0,20260414,20261212
1837,0,0,0,0,0,1,1,20260418,20261031
1838,0,0,0,0,0,1,1,20260502,20260607
1839,0,0,0,0,0,1,0,20260613,20260613
1840,0,0,0,0,1,1,1,20260425,20260510
1841,0,0,0,1,0,0,0,20260430,20260507
1842,0,0,0,1,1,1,0,20260425,20260509
1843,0,0,0,0,0,0,1,20260426,20260510
1844,0,0,0,0,0,1,0,20260501,20260606
1845,1,1,1,1,1,0,0,20260504,20260609
1846,0,0,0,0,0,1,1,20260501,20260607
1847,0,0,0,0,0,0,0,20260505,20260520
1848,1,1,1,1,1,1,1,20260501,20260608
1849,1,0,0,0,0,1,1,20260425,20260427
1850,0,0,1,0,0,0,0,20260506,20260506
1851,1,1,1,1,1,1,0,20260420,20260425
1852,1,1,1,1,1,0,0,20260416,20261211
1853,1,1,1,1,1,1,1,20260417,20261212
1854,0,1,0,0,0,0,0,20260512,20260512
1855,0,0,0,0,0,0,0,20260523,20260822
1856,1,0,0,0,0,1,1,20260516,20260518
1857,1,1,1,1,1,1,1,20260416,20260425
1858,0,0,0,1,0,0,0,20260423,20260423
1859,1,1,1,1,1,1,1,20260501,20260608
1860,0,0,0,0,0,1,1,20260501,20260607
1861,1,1,1,1,1,1,1,20260417,20261212
1862,0,0,1,1,1,0,0,20260417,20260430
1863,1,1,1,1,1,0,1,20260419,20261211
1864,1,1,1,1,1,0,0,20260601,20261211
1865,1,1,1,1,1,0,0,20260601,20261211
1866,1,1,1,1,1,0,0,20260420,20261211
1867,1,0,0,0,0,0,0,20260504,20260504
1868,1,1,1,1,1,1,1,20260614,20260829
1869,1,1,1,1,1,1,1,20260419,20261212
1870,0,1,1,1,1,1,1,20260421,20260430
1871,0,1,1,1,1,0,1,20260421,20260501
1872,0,1,1,1,1,1,1,20260421,20260501
1873,0,1,1,0,0,1,1,20260421,20260501
1874,1,1,1,1,1,1,1,20260420,20261211
1875,0,0,1,1,1,0,0,20260421,20260501
1876,1,1,1,1,1,0,1,20260420,20260527
1877,0,1,0,0,0,1,0,20260509,20260512
1878,0,0,0,0,0,1,0,20260711,20260822
1879,1,1,1,1,0,0,0,20260505,20260515
1880,0,1,1,1,1,0,0,20260519,20260522
1881,1,1,1,1,0,0,0,20260518,20260521
1882,0,0,1,0,0,0,0,20260520,20260520
1883,1,1,1,1,1,1,1,20260501,20260519
1884,1,1,1,1,1,0,0,20260512,20260522
1885,1,1,1,1,1,1,1,20260511,20260522
1886,1,1,1,1,1,0,0,20260511,20260522
1887,1,1,1,1,1,0,0,20260511,20260521
1888,1,1,1,1,1,1,1,20260511,20260521
1889,1,1,1,1,1,1,1,20260512,20260522
1890,0,1,1,1,1,1,1,20260523,20260830
1891,0,0,0,0,1,1,1,20260501,20260503
1892,0,0,1,1,1,0,0,20260422,20260424
1893,1,1,1,0,0,0,0,20260427,20260429
1894,0,1,1,1,0,0,0,20260616,20260618
1895,1,1,1,0,1,1,1,20260501,20260506
1896,0,0,1,1,0,0,0,20260513,20260514
1897,0,0,0,0,1,1,0,20260424,20260425
1898,0,0,0,0,1,1,0,20260501,20260502
1899,1,1,1,1,1,0,0,20260616,20261211
1900,0,0,0,0,0,1,1,20260627,20261004
1901,1,1,1,1,0,0,0,20260504,20260515
1902,1,1,1,1,1,1,0,20260505,20260515
1903,0,0,0,0,1,1,1,20260501,20260510
1904,0,0,0,0,1,1,1,20260508,20260510
1905,1,1,1,1,1,1,1,20260505,20260515
1906,0,0,0,0,0,1,0,20260523,20260523
1907,1,1,1,1,1,0,0,20260505,20260515
1908,1,1,1,1,1,1,1,20260504,20260515
1909,1,1,0,0,1,0,0,20260511,20260515
1910,0,1,1,1,0,1,0,20260512,20260516
1911,0,0,0,0,1,0,1,20260515,20260517
1912,1,1,1,1,1,1,0,20260501,20260515
1913,1,1,1,1,1,1,1,20260713,20260826
1914,1,1,1,1,1,0,0,20260713,20260826
1915,1,1,1,1,1,0,0,20260713,20260825
1916,1,1,1,1,0,0,0,20260504,20260507
1917,1,1,1,1,1,1,1,20260713,20260825
1918,1,1,1,1,1,0,0,20260714,20260826
1919,0,0,0,0,0,1,1,20260718,20260823
1920,1,1,1,1,1,1,1,20260714,20260826
1921,0,0,0,0,0,1,1,20260502,20260503
1922,0,1,1,1,0,0,0,20260505,20260507
1923,1,1,1,1,1,1,1,20260527,20261212
1924,1,1,1,1,1,0,0,20260427,20261211
1925,0,1,1,1,1,0,0,20260526,20260529
1926,1,1,1,1,1,1,1,20260603,20260611
1927,1,1,1,1,1,0,0,20260604,20260612
1928,1,1,1,1,1,1,1,20260604,20260612
1929,0,1,1,1,1,1,1,20260526,20260531
1930,0,0,0,0,0,1,1,20260606,20260607
1931,1,1,1,1,1,1,1,20260603,20260612
1932,1,1,1,1,1,0,0,20260603,20260611
1933,0,0,0,0,1,0,0,20260717,20260821
1934,1,1,0,0,0,0,1,20260614,20260616
1935,1,1,1,1,1,1,1,20260630,20261212
1936,1,1,1,1,1,1,1,20260617,20260629
1937,1,1,1,1,0,0,0,20260505,20260520
1938,1,1,1,1,1,1,1,20260505,20260520
1939,0,0,0,0,0,1,1,20260508,20260517
1940,1,1,1,1,0,0,0,20260504,20260520
1941,1,1,1,1,0,0,0,20260504,20260528
1942,1,1,1,1,0,0,0,20260504,20260529
1943,1,1,1,1,0,0,0,20260504,20260520
1944,1,1,1,1,1,1,1,20260504,20260519
1945,1,1,1,1,0,0,0,20260504,20260519
1946,1,1,1,1,1,1,1,20260504,20260520
1947,0,0,0,0,0,0,1,20260510,20260517
1948,1,1,1,1,1,1,0,20260504,20260519
1949,1,1,1,0,0,0,1,20260504,20260519
1950,0,0,0,0,1,1,0,20260507,20260516
1951,1,1,1,1,1,1,1,20260629,20260717
1952,0,0,0,0,0,1,0,20260718,20260822
1953,0,0,1,1,0,0,0,20260520,20260521
1954,1,1,0,0,0,0,0,20260518,20260519
1955,0,0,0,0,0,1,0,20260808,20260808
1956,0,0,0,0,1,1,0,20260717,20260822
1957,1,1,1,1,1,1,0,20260714,20260826
1958,1,1,1,1,1,1,1,20260615,20261212
1959,0,0,0,0,0,0,0,20260601,20261211
1960,0,0,0,0,0,1,1,20260606,20261212
1961,0,0,0,0,0,0,0,20260601,20261212
1962,0,0,0,0,0,0,0,20260606,20261212
1963,0,0,0,0,0,0,0,20260607,20261206
1964,0,0,0,0,0,0,0,20260606,20261212
1965,0,0,0,0,0,0,0,20260606,20261212
1966,0,0,0,0,0,0,0,20260601,20261212
1967,1,1,1,1,1,0,1,20260601,20261211
1968,0,0,0,0,0,0,0,20260605,20261211
1969,0,0,0,0,0,0,0,20260601,20261210
1970,0,0,0,0,0,1,0,20260606,20261212
1971,0,0,0,0,0,1,1,20260606,20261212
1972,1,1,1,1,1,0,0,20260601,20261211
1973,1,1,1,1,1,0,0,20260601,20261211
1974,0,0,0,0,0,1,0,20260606,20261212
1975,1,1,1,1,1,1,1,20260601,20261212
1976,1,1,1,1,1,0,0,20260601,20261211
1977,1,1,1,1,1,0,0,20260601,20261211
1978,1,1,1,1,1,1,0,20260601,20261212
1979,0,0,0,0,0,0,1,20260607,20261206
1980,1,1,1,1,1,1,1,20260601,20261212
1981,0,0,0,0,0,1,1,20261107,20261129
1982,1,1,1,1,1,0,0,20260601,20261211
1983,0,0,0,0,0,0,1,20260607,20261206
1984,1,1,1,1,1,1,0,20260601,20261212
1985,0,0,0,0,0,0,1,20260607,20261206
1986,1,1,1,1,1,0,0,20260601,20261211
1987,1,1,1,1,1,0,0,20260601,20261211
1988,1,1,1,1,1,1,0,20260601,20261212
1989,1,1,1,1,1,1,1,20260601,20261212
1990,1,1,1,1,1,0,0,20260601,20261211
1991,0,0,0,0,0,1,1,20260606,20261212
1992,1,1,1,0,0,0,1,20260503,20260514
1993,0,0,0,1,1,1,0,20260501,20260509
1994,1,1,1,1,1,1,1,20260506,20260524
1995,1,1,1,1,1,0,0,20260506,20260522
1996,1,1,1,1,1,0,1,20260506,20260524
1997,1,1,1,1,1,1,1,20260506,20260523
1998,0,0,0,0,0,1,1,20260508,20260523
1999,0,0,0,0,0,1,1,20260508,20260523
2000,1,1,1,1,1,0,0,20260507,20260522
2001,0,0,0,0,1,1,0,20260501,20260509
2002,1,1,1,1,1,1,0,20260516,20260523
2003,1,1,1,1,1,1,1,20260516,20260523
2004,0,1,1,0,0,0,0,20260505,20260506
2005,0,0,0,0,0,0,0,20260501,20261212
2006,1,1,1,1,1,0,0,20260429,20260630
2007,0,0,0,1,1,0,0,20260514,20260515
2008,0,0,0,0,0,1,1,20260613,20260628
2009,1,1,1,1,1,1,1,20260501,20260515
2010,1,0,0,0,0,0,0,20260615,20261207
2011,0,0,0,0,1,0,0,20260619,20261211
2012,0,0,0,0,0,0,1,20260614,20260614
2013,0,0,0,0,0,0,1,20260621,20261206
2014,0,0,0,0,0,0,0,20260620,20261205
2015,0,0,0,0,0,0,1,20261115,20261115
2016,0,0,0,0,0,1,1,20260516,20260523
2017,1,1,1,1,1,0,0,20260601,20260611
2018,0,0,0,0,0,0,1,20260621,20261206
2019,0,0,0,1,0,0,0,20260618,20261210
2020,0,0,0,0,0,0,0,20260619,20261211
2021,0,0,0,0,0,0,1,20260614,20261206
2022,1,1,0,0,0,0,0,20260525,20260526
2023,1,1,1,1,1,0,1,20260503,20260609
2024,0,0,0,0,0,0,0,20260606,20260627
2025,0,0,1,1,1,0,0,20260603,20260605
2026,1,0,0,0,1,0,0,20260515,20260518
2027,1,0,0,0,1,1,1,20260515,20260518
2028,1,0,0,0,0,0,0,20260615,20260615
2029,1,1,1,0,0,0,0,20260608,20260610
2030,0,0,0,0,0,1,1,20260704,20260705
2031,1,1,1,1,1,0,1,20260713,20260825
2032,1,1,1,1,1,1,0,20260713,20260825
2033,0,0,0,1,1,0,0,20260611,20260612
2034,0,0,0,0,0,0,1,20260719,20260823
2035,1,0,0,0,0,0,0,20260713,20260713
2036,1,1,1,1,1,1,1,20260614,20260702
2037,1,1,1,0,0,0,0,20260518,20260520
2038,1,1,1,1,1,1,1,20260703,20261212
2039,1,1,1,1,1,0,0,20260615,20260702
2040,1,1,1,1,1,0,0,20260703,20261211
2041,0,0,0,0,0,1,1,20260614,20260628
2042,0,0,0,0,0,1,1,20260704,20261212
2043,0,0,0,0,0,1,1,20260516,20260531
2044,0,0,1,0,0,0,0,20260603,20260603
2045,0,0,0,0,0,0,0,20260603,20260628
2046,0,0,0,0,0,0,0,20260603,20260627
2047,0,0,0,1,1,0,0,20260521,20260522
2048,1,1,1,1,1,1,1,20260506,20261212
2049,1,1,1,1,0,0,1,20260713,20260825
2050,0,0,0,1,0,0,0,20260514,20260514
2051,0,0,0,1,1,1,1,20260514,20260517
2052,0,0,0,0,0,1,1,20260508,20260524
2053,0,0,0,1,1,1,0,20260514,20260516
2054,1,1,1,1,1,1,0,20260528,20260613
2055,0,0,0,0,0,1,1,20260530,20260607
2056,0,0,0,1,1,0,0,20260528,20260529
2057,0,0,0,0,0,0,1,20260510,20260531
2058,0,1,1,0,0,0,0,20260511,20260603
2059,1,1,1,0,0,0,1,20260510,20260603
2060,0,0,1,0,0,0,0,20260513,20260513
2061,0,1,1,0,0,0,0,20260509,20260603
2062,1,1,1,0,0,1,1,20260509,20260603
2063,1,1,1,1,1,0,0,20260615,20260619
2064,0,0,0,0,0,1,1,20260620,20260621
2065,1,1,1,1,0,0,0,20260622,20260625
2066,0,0,1,0,0,1,0,20260509,20260513
2067,1,1,1,0,0,1,1,20260509,20260603
2068,0,1,0,0,0,0,0,20260509,20260602
2069,1,1,0,0,0,1,1,20260509,20260602
2070,1,1,1,0,0,0,0,20260511,20260603
2071,0,0,0,1,1,1,0,20260521,20260523
2072,1,1,1,0,0,0,0,20260509,20260603
2073,1,1,0,0,0,0,0,20260509,20260602
2074,1,1,1,1,1,0,0,20260521,20261211
2075,0,0,0,0,0,1,1,20260523,20261212
2076,0,1,0,0,0,0,0,20260512,20261208
2077,0,0,1,0,0,0,0,20260513,20260527
2078,1,1,1,1,1,0,0,20260527,20260615
2079,0,1,0,0,0,0,0,20260519,20260519
2080,1,1,1,1,1,1,0,20260525,20260601
2081,1,1,1,1,1,1,1,20260524,20260601
2082,1,1,1,1,1,1,0,20260523,20260601
2083,1,1,1,1,1,1,1,20260523,20260601
2084,0,0,0,1,1,0,1,20260524,20260531
2085,1,1,1,1,0,0,0,20260506,20260515
2086,0,0,0,0,1,0,0,20260612,20260612
2087,1,1,1,1,1,0,0,20260514,20260522
2088,1,1,1,1,1,1,1,20260514,20260522
2089,1,1,1,1,1,0,1,20260514,20260522
2090,1,1,1,1,1,0,0,20260513,20260522
2091,1,1,1,1,1,0,0,20260513,20260521
2092,1,1,1,1,0,0,0,20260513,20260521
2093,1,1,1,1,1,0,1,20260513,20260521
2094,1,1,1,1,1,1,1,20260513,20260521
2095,0,0,0,0,0,0,0,20260531,20260727
2096,0,0,0,0,0,0,0,20260603,20260727
2097,1,1,1,1,1,1,1,20260525,20261117
2098,1,1,1,1,1,1,1,20260525,20261117
2099,1,1,1,1,1,1,1,20260525,20261117
2100,1,1,1,1,1,1,1,20260525,20261117
2101,1,1,1,1,1,1,1,20260525,20261117
2102,1,1,1,1,1,1,1,20260525,20261117
2103,1,1,1,1,1,1,1,20260525,20261117
2104,0,0,0,0,0,0,0,20260603,20260628
2105,0,0,0,0,0,0,1,20260509,20260614
2106,1,1,1,1,1,1,1,20260507,20260709
2107,1,1,1,1,1,0,0,20260507,20260709
2108,1,1,1,1,1,0,0,20260507,20260709
2109,0,0,0,0,0,1,1,20260508,20260706
2110,0,0,0,0,0,1,1,20260508,20260709
2111,1,1,1,1,1,0,0,20260507,20260630
2112,1,1,1,1,1,1,1,20260507,20260709
2113,0,1,1,1,1,0,0,20260701,20260709
2114,0,0,0,0,0,1,1,20260508,20260706
2115,1,0,0,0,0,1,1,20260706,20260712
2116,1,1,1,1,1,1,0,20260601,20261212
2117,1,1,1,1,1,1,1,20260601,20261212
2118,1,1,1,1,1,1,1,20260601,20261212
2119,0,0,0,0,0,0,1,20260607,20261206
2120,0,1,1,0,0,0,0,20260519,20260520
2121,0,0,0,0,0,0,1,20260607,20261206
2122,0,0,0,0,0,1,1,20260606,20261212
2123,1,1,1,1,1,0,0,20260601,20261211
2124,1,1,1,1,1,1,1,20260601,20261212
2125,1,1,1,1,1,1,1,20260601,20261212
2126,0,0,0,0,1,1,0,20260515,20260516
2127,1,1,1,1,1,0,0,20260601,20260703
2128,1,1,1,1,1,0,0,20260707,20261211
2129,1,1,1,1,1,1,1,20260601,20261212
2130,1,1,1,1,1,0,0,20260601,20261211
2131,0,0,0,0,0,1,0,20260606,20261212
2132,1,1,1,1,1,0,0,20260601,20260612
2133,1,1,1,1,1,1,1,20260601,20260704
2134,0,0,0,0,0,1,1,20260606,20260704
2135,1,1,1,1,1,0,0,20260707,20261211
2136,1,1,1,1,1,1,1,20260705,20261212
2137,0,0,0,0,0,1,1,20260705,20261212
2138,1,1,1,1,1,0,0,20260707,20261211
2139,1,1,1,1,1,1,1,20260705,20261212
2140,0,1,1,0,0,0,0,20260512,20260513
2141,1,1,1,1,1,0,0,20260601,20261211
2142,1,1,1,1,1,1,1,20260601,20261212
2143,1,1,1,1,1,1,1,20260601,20261212
2144,0,0,0,1,0,0,0,20260609,20260820
2145,0,0,1,1,1,1,0,20260520,20260523
2146,0,0,1,1,1,0,0,20260520,20260523
2147,0,1,0,0,0,0,0,20260623,20260623
2148,0,0,1,0,0,0,0,20260624,20260624
2149,1,1,1,1,1,1,1,20260521,20260531
2150,0,0,0,1,1,1,1,20260618,20260621
2151,0,0,1,1,1,1,0,20260617,20260620
2152,0,1,1,1,1,1,0,20260617,20260623
2153,1,1,1,1,1,0,0,20260527,20260604
2154,1,1,1,1,1,1,1,20260603,20260623
2155,0,0,1,1,1,0,0,20260527,20260529
2156,1,1,1,1,1,1,1,20260527,20260604
2157,1,0,1,1,1,1,1,20260603,20260622
2158,1,1,0,0,0,0,1,20260603,20260623
2159,1,1,0,0,0,0,0,20260604,20260623
2160,1,1,1,1,1,1,1,20260603,20260609
2161,1,1,1,1,1,1,1,20260526,20260604
2162,1,1,1,1,1,0,1,20260603,20260623
2163,1,0,0,0,0,0,1,20260603,20260622
2164,0,0,0,0,0,1,0,20260606,20260620
2165,1,1,1,1,0,1,1,20260530,20260604
2166,1,1,1,1,1,0,1,20260603,20260623
2167,0,0,0,0,0,1,1,20260606,20261212
2168,0,0,0,0,0,1,1,20261107,20261212
2169,0,0,0,0,0,0,0,20260606,20261101
2170,0,1,1,1,0,0,0,20260526,20260528
2171,0,0,0,0,1,0,0,20260529,20260529
2172,1,1,1,1,1,0,0,20260526,20260604
2173,1,1,1,0,1,1,1,20260529,20260603
2174,1,1,1,1,1,1,1,20260526,20260603
2175,0,0,0,0,0,0,0,20260801,20261003
2176,1,1,1,1,1,0,1,20260526,20260603
2177,0,1,1,1,1,0,0,20260602,20260605
2178,0,0,0,0,0,1,1,20260613,20260614
2179,1,1,0,0,0,0,0,20260615,20260616
2180,1,1,0,0,0,1,1,20260613,20260616
2181,1,1,1,1,1,0,1,20260607,20260615
2182,0,1,1,0,0,0,0,20260526,20260527
2183,1,0,0,0,0,1,1,20260613,20260615
2184,1,0,0,0,0,0,0,20260601,20260601
2185,0,0,0,0,0,1,1,20260801,20260802
2186,1,0,0,0,0,1,0,20260613,20260615
2187,1,1,0,0,0,0,0,20260713,20260714
2188,0,0,0,0,1,0,0,20260619,20261211
2189,1,1,1,1,1,1,1,20260607,20260615
2190,0,0,0,0,0,1,1,20260808,20260809
2191,0,0,0,0,0,1,1,20260919,20260920
2192,0,0,0,0,0,1,0,20260725,20260725
2193,1,1,1,0,0,0,0,20260518,20260527
2194,1,1,1,0,0,1,1,20260518,20260527
2195,0,0,0,1,0,0,0,20260521,20260522
2196,0,0,0,0,0,0,1,20260614,20261206
2197,1,1,1,0,0,0,0,20260525,20260610
2198,0,0,0,1,0,0,0,20260730,20260730
2199,0,1,1,1,1,0,0,20260519,20260527
2200,1,0,0,0,0,0,0,20260518,20260525
2201,0,0,0,0,1,1,1,20260522,20260524
2202,1,1,1,1,1,0,0,20260701,20261019
2203,0,0,0,0,0,0,0,20260701,20261019
2204,0,0,0,0,0,0,1,20260607,20260607
2205,0,0,0,0,0,1,1,20260516,20260830
2206,1,1,1,0,0,1,0,20260523,20260530
2207,0,1,0,0,0,0,0,20260602,20260602
2208,1,0,0,0,0,1,0,20260608,20260613
2209,0,0,0,0,1,0,1,20260522,20260524
2210,1,1,1,1,0,0,0,20260518,20260527
2211,0,1,1,1,1,0,0,20260527,20260612
2212,1,0,0,0,0,0,0,20260601,20260615
2213,0,0,0,0,0,1,1,20260530,20260614
2214,1,1,1,1,1,1,1,20260527,20260615
2215,1,1,1,1,1,0,1,20260527,20260615
2216,1,1,1,1,0,0,0,20260527,20260615
2217,0,0,0,0,1,1,1,20260529,20260614
2218,1,0,1,1,1,0,0,20260527,20260615
2219,0,0,0,0,0,0,1,20260531,20260614
2220,1,1,1,1,1,1,0,20260527,20260615
2221,0,0,0,0,0,0,0,20260701,20261019
2222,0,0,0,0,1,0,0,20260605,20260605
2223,0,1,1,1,1,1,1,20260519,20260527
2224,1,1,1,1,1,0,0,20260615,20261211
2225,1,1,1,1,1,1,1,20260614,20261212
2226,0,0,0,1,0,0,0,20260604,20260604
2227,1,0,0,0,0,1,0,20260516,20260518
2228,1,1,1,1,1,1,0,20260615,20261203
2229,1,1,1,1,1,1,1,20260614,20261203
2230,0,0,0,0,0,0,1,20260614,20261129
2231,1,1,1,1,1,1,0,20260615,20261203
2232,1,1,1,1,1,0,1,20260614,20261203
2233,1,1,1,1,1,0,1,20260614,20261203
2234,1,1,1,1,1,0,1,20260614,20261203
2235,1,1,1,1,1,1,1,20260614,20261203
2236,0,0,0,1,1,0,1,20260614,20261203
2237,1,1,1,1,1,0,1,20260614,20261203
2238,0,0,0,1,0,0,0,20260611,20260611
2239,1,1,1,1,1,0,0,20260615,20261211
2240,1,1,1,1,1,0,0,20260601,20260605
2241,1,1,1,1,1,0,0,20260615,20260717
2242,1,1,1,1,1,1,1,20260614,20260717
2243,1,1,1,1,1,0,0,20260615,20260717
2244,1,1,1,1,1,0,0,20260615,20260717
2245,0,0,0,0,0,1,1,20260614,20260712
2246,0,0,0,0,0,1,1,20260614,20260712
2247,1,1,1,1,1,1,1,20260614,20260717
2248,1,1,1,1,1,0,0,20260603,20260616
2249,0,0,1,1,1,0,0,20260701,20260703
2250,1,1,1,1,1,1,1,20260603,20260616
2251,1,1,1,1,1,0,0,20260615,20260717
2252,0,0,0,0,0,0,0,20260614,20260717
2253,0,0,1,0,0,0,0,20260610,20260610
2254,1,1,1,1,1,0,0,20260615,20260717
2255,0,0,0,0,0,1,1,20260614,20260712
2256,0,0,0,0,0,1,0,20260620,20260711
2257,1,1,1,1,1,1,1,20260614,20260717
2258,1,1,1,1,1,0,0,20260525,20260605
2259,1,1,1,1,1,1,0,20260615,20260717
2260,1,1,1,1,1,0,0,20260525,20260604
2261,1,1,1,1,1,0,0,20260526,20260605
2262,0,0,0,0,0,1,1,20260614,20260928
2263,1,1,1,1,1,1,1,20260614,20261212
2264,0,0,0,0,0,0,1,20260614,20261206
2265,1,1,1,1,0,0,0,20260608,20260611
2266,0,1,1,0,0,0,0,20260616,20260617
2267,1,0,0,0,0,0,0,20260525,20260525
2268,1,1,1,1,1,0,1,20260614,20261203
2269,0,0,0,0,0,0,0,20260603,20260615
2270,0,0,0,0,0,0,0,20260602,20260614
2271,0,0,1,1,1,0,0,20260610,20260612
2272,1,1,1,1,1,1,0,20260615,20261212
2273,1,1,1,1,1,1,1,20260614,20261212
2274,1,1,1,1,1,1,1,20260614,20261212
2275,1,1,1,1,1,0,0,20260608,20260616
2276,0,0,0,0,0,0,0,20260603,20260615
2277,0,0,0,0,0,0,0,20260602,20260614
2278,0,0,1,1,1,0,0,20260602,20260615
2279,0,1,1,1,0,0,0,20260602,20260604
2280,1,0,0,0,1,0,0,20260525,20260529
2281,0,0,0,0,0,0,1,20260920,20260920
2282,0,0,0,0,0,1,1,20260523,20260531
2283,1,0,0,0,1,1,1,20260523,20260531
2284,0,0,1,1,1,1,0,20260602,20260615
2285,1,1,1,1,1,0,0,20260615,20261211
2286,1,1,1,1,1,1,1,20260614,20261212
2287,1,1,1,1,1,1,1,20260614,20261212
2288,1,1,1,1,1,1,1,20260614,20261212
2289,0,0,1,1,1,1,0,20260602,20260615
2290,0,0,1,1,1,0,0,20260602,20260615
2291,1,1,1,0,0,1,1,20260523,20260527
2292,1,1,1,0,0,0,0,20260525,20260527
2293,1,1,1,1,1,0,0,20260608,20260615
2294,0,0,0,0,0,1,1,20260523,20260614
2295,1,1,1,0,1,0,0,20260603,20260612
2296,1,1,1,1,1,1,1,20260524,20260630
2297,0,0,0,1,0,1,1,20260604,20260607
2298,0,0,1,1,1,0,0,20260602,20260612
2299,1,1,1,0,0,0,0,20260525,20260601
2300,0,0,0,1,1,1,0,20260528,20260530
2301,0,0,0,0,0,0,0,20260602,20260613
2302,1,1,1,0,0,1,1,20260523,20260601
2303,1,1,1,1,1,0,0,20260525,20260701
2304,0,0,0,0,0,1,1,20260606,20260628
2305,0,0,0,0,0,1,0,20260606,20260614
2306,0,1,1,1,1,1,0,20260526,20260701
2307,0,0,0,0,0,1,1,20260524,20260628
2308,0,0,0,0,0,1,1,20260607,20260628
2309,0,0,0,0,1,0,0,20260522,20260612
2310,0,0,0,1,0,0,0,20260604,20261210
2311,0,0,0,0,1,0,0,20260605,20261211
2312,1,1,1,1,1,1,1,20260614,20261212
2313,1,1,1,1,1,0,0,20260525,20260630
2314,0,0,0,0,0,0,1,20260524,20260614
2315,0,0,0,0,0,1,0,20260523,20260613
2316,0,1,1,1,1,0,0,20260609,20260612
2317,1,1,0,0,0,1,1,20260523,20260601
2318,1,1,1,1,0,1,0,20260523,20260530
2319,0,0,0,0,0,1,0,20260523,20260530
2320,0,0,0,0,0,0,0,20260704,20261018
2321,0,0,0,0,0,1,1,20260704,20261018
2322,1,1,1,1,1,0,0,20260608,20260612
2323,0,0,0,0,0,1,1,20260627,20261101
2324,0,0,0,0,0,1,1,20260627,20261101
2325,0,0,0,0,0,0,0,20260627,20260926
2326,0,0,0,0,0,1,1,20260628,20261101
2327,0,0,0,0,0,0,0,20260627,20260926
2328,0,0,0,0,0,1,1,20260628,20261101
2329,1,1,1,0,0,1,1,20260523,20260531
2330,1,1,0,0,0,1,1,20260523,20260531
2331,1,1,1,1,1,0,0,20260601,20260615
2332,1,1,1,0,1,0,0,20260601,20260615
2333,1,1,1,1,1,1,0,20261204,20261212
2334,1,1,1,1,1,1,1,20261204,20261212
2335,1,1,1,0,0,1,0,20261205,20261212
2336,0,0,0,1,1,0,1,20261204,20261211
2337,0,0,0,0,1,1,1,20260717,20260719
2338,1,0,0,0,0,0,0,20260720,20260720
2339,1,1,1,1,1,0,0,20260526,20260601
2340,0,1,1,0,0,0,0,20260623,20260624
2341,0,0,1,1,0,0,0,20260610,20260611
2342,0,0,0,1,0,0,0,20260625,20260625
2343,1,1,1,1,1,1,1,20260604,20261212
2344,1,1,1,1,1,1,1,20260604,20261212
2345,1,1,1,1,1,0,0,20260604,20261211
2346,1,1,1,1,1,1,1,20260606,20260612
2347,1,1,1,1,1,1,1,20260605,20260612
2348,1,1,1,1,1,1,1,20260605,20260611
2349,0,1,1,1,1,0,0,20260629,20260709
2350,0,0,0,0,0,1,1,20260627,20260706
2351,1,0,0,0,0,0,0,20260601,20260615
2352,0,0,1,0,0,0,0,20260603,20260617
2353,1,1,1,1,1,1,1,20260723,20260801
2354,1,1,1,1,1,0,0,20260723,20260731
2355,1,1,1,1,1,1,1,20260723,20260731
2356,0,0,0,0,0,0,1,20260726,20260726
2357,0,0,0,0,0,1,0,20260725,20260801
2358,0,0,0,0,0,0,0,20260628,20260706
2359,0,0,0,0,0,1,1,20260725,20260801
2360,0,0,0,0,0,1,1,20260725,20260726
2361,1,1,1,1,1,0,0,20260724,20260731
2362,1,1,1,1,1,1,1,20260724,20260801
2363,1,1,1,1,1,0,0,20260710,20260731
2364,0,0,0,0,0,1,1,20260711,20260726
2365,1,1,1,1,1,1,0,20260601,20261212
2366,1,1,1,1,1,0,0,20260710,20260730
2367,0,1,0,0,0,0,0,20260617,20260630
2368,0,0,0,0,0,0,1,20260712,20260726
2369,0,0,0,0,0,1,0,20260627,20260704
2370,1,1,1,1,1,1,1,20260627,20260709
2371,0,0,0,0,0,1,0,20260711,20260725
2372,1,1,1,1,1,1,1,20260710,20260730
2373,1,1,1,1,1,0,0,20260617,20260626
2374,1,1,1,1,1,0,0,20260618,20260626
2375,1,1,1,1,1,1,1,20260617,20260626
2376,1,1,1,1,1,0,0,20260525,20261211
2377,0,0,0,0,0,0,0,20260725,20260926
2378,0,0,1,1,0,0,0,20260617,20260618
2379,0,0,0,1,1,0,0,20260618,20260619
2380,1,1,1,1,1,1,1,20260614,20261212
2381,1,1,1,1,1,1,1,20260614,20261212
2382,1,1,1,1,1,1,1,20260614,20261212
2383,1,1,1,0,0,0,0,20260615,20260617
2384,1,1,1,1,0,0,0,20260615,20260618
2385,1,0,0,0,0,1,1,20260606,20260608
2386,0,0,0,0,1,0,0,20260703,20260717
2387,0,0,0,0,1,0,0,20260710,20260710
2388,0,0,0,0,0,0,0,20260706,20260719
2389,0,0,0,0,0,1,0,20260919,20260919
2390,1,1,1,1,1,1,1,20260617,20260623
2391,0,0,1,0,0,0,0,20260617,20260617
2392,1,1,1,1,1,1,1,20260601,20260630
2393,0,1,0,0,0,0,0,20260526,20260526
2394,0,0,0,0,0,1,0,20260530,20260613
2395,1,1,1,1,1,0,0,20260601,20260630
2396,1,1,1,1,1,1,1,20260530,20260605
2397,1,1,1,1,1,0,0,20260602,20260630
2398,1,1,1,1,1,0,0,20260603,20260609
2399,1,1,1,1,1,0,0,20260708,20260721
2400,0,0,0,0,0,1,1,20260711,20260719
2401,1,1,1,1,1,1,1,20260708,20260721
2402,0,0,0,0,0,1,0,20260620,20261024
2403,0,0,0,0,0,1,1,20260614,20261212
2404,0,0,0,0,1,0,0,20260619,20261211
2405,0,0,0,0,0,1,1,20260614,20261212
2406,1,1,1,1,1,1,1,20260614,20261212
2407,0,0,0,0,0,1,0,20260620,20261212
2408,1,1,1,1,1,0,0,20260615,20261211
2409,1,1,1,1,1,0,1,20260614,20261211
2410,0,0,0,0,0,0,1,20260614,20261206
2411,1,1,1,1,1,0,0,20260615,20261211
2412,1,1,1,1,1,0,0,20260722,20260807
2413,0,0,0,0,0,0,1,20260726,20260802
2414,1,1,1,1,1,0,1,20260708,20260721
2415,0,0,0,0,0,1,0,20260711,20260718
2416,0,0,0,0,0,1,0,20260725,20260808
2417,0,0,0,0,0,1,1,20260704,20261018
2418,0,0,0,0,0,1,1,20260822,20260905
2419,0,0,0,0,0,1,1,20260704,20261018
2420,0,0,0,0,0,1,1,20260829,20260905
2421,0,0,0,1,0,0,0,20260528,20260528
2422,0,0,0,0,0,1,1,20260606,20261212
2423,0,1,0,0,0,0,0,20260617,20260630
2424,1,1,1,1,1,1,1,20260614,20260730
2425,0,1,0,0,0,0,0,20260616,20260616
2426,0,0,0,0,0,1,0,20260829,20260829
2427,1,1,1,1,1,1,1,20260813,20261021
2428,1,1,1,1,1,0,0,20260813,20261021
2429,1,1,1,1,1,1,1,20260813,20261021
2430,0,0,0,0,0,1,1,20260606,20260830
2431,1,1,1,1,1,0,0,20260813,20261020
2432,1,1,1,1,1,1,1,20260813,20261020
2433,1,1,1,1,1,0,0,20260814,20261021
2434,0,0,0,0,0,1,1,20260815,20261018
2435,0,0,0,0,0,1,1,20260816,20261018
2436,0,1,1,1,1,1,1,20260630,20260705
2437,1,0,0,0,0,0,0,20260629,20260629
2438,0,0,0,1,1,0,0,20260702,20260703
2439,0,0,1,0,0,0,0,20260701,20260701
2440,1,1,1,1,1,0,0,20260612,20260619
2441,1,1,1,1,1,1,1,20260612,20260619
2442,1,0,1,1,0,0,0,20260608,20260611
2443,0,0,0,0,0,1,1,20260816,20261018
2444,0,0,0,0,0,1,1,20260815,20261018
2445,0,0,0,0,0,1,1,20260718,20260719
2446,1,1,1,1,1,0,0,20260715,20260721
2447,1,0,1,1,1,0,0,20260715,20260720
2448,0,0,0,0,0,0,1,20261011,20261011
2449,0,0,1,1,0,0,0,20260805,20260806
2450,0,0,1,1,0,0,0,20260603,20260604
2451,0,0,0,0,0,1,0,20260815,20261017
2452,1,1,1,1,1,1,1,20260813,20261021
2453,1,1,1,1,1,0,0,20260813,20261021
2454,1,1,1,1,1,1,1,20260701,20260720
2455,1,1,1,1,1,0,0,20260701,20260720
2456,0,0,0,0,0,1,1,20260704,20260719
2457,1,1,1,1,1,0,0,20260727,20260731
2458,1,1,1,1,1,1,1,20260701,20260719
2459,0,0,0,0,0,1,0,20260704,20260718
2460,1,1,1,1,0,0,0,20260727,20260730
2461,1,1,1,1,1,0,0,20260702,20260720
2462,0,1,1,1,1,0,0,20260728,20260731
2463,1,1,1,1,1,0,0,20260831,20261211
2464,1,1,1,1,1,0,0,20260814,20261021
2465,0,0,0,1,0,0,0,20260611,20260625
2466,0,0,1,0,0,0,0,20260610,20260624
2467,1,1,1,1,1,1,0,20260715,20260721
2468,0,0,0,0,0,0,1,20260719,20260719
2469,1,1,1,1,1,1,1,20260715,20260721
2470,0,0,0,0,0,1,1,20260815,20261018
2471,0,0,0,0,0,1,0,20260718,20260718
2472,0,0,0,0,0,1,1,20260815,20261018
2473,1,1,1,1,0,0,0,20260629,20260831
2474,0,0,0,0,1,0,0,20260703,20260828
2475,1,0,1,1,1,1,0,20260715,20260720
2476,1,1,1,1,1,1,1,20260615,20260622
2477,1,1,1,1,1,1,0,20260615,20260622
2478,1,1,1,1,1,0,1,20260715,20260721
2479,0,0,0,0,0,0,0,20260725,20260926
2480,0,0,0,0,0,0,0,20260625,20261211
2481,1,0,1,1,1,0,1,20260715,20260720
2482,0,0,1,1,1,1,0,20260625,20261211
2483,0,0,1,1,0,0,0,20260722,20260723
2484,1,1,1,1,1,0,0,20260615,20260622
2485,0,0,0,0,0,0,0,20260814,20261016
2486,0,0,0,0,0,0,0,20260816,20261018
2487,0,0,0,0,0,0,0,20260814,20261021
2488,0,0,0,0,0,0,0,20260813,20261020
2489,1,1,1,1,1,0,0,20260702,20260724
2490,1,1,1,1,1,0,0,20260703,20260727
2491,0,0,0,0,1,0,0,20260626,20260626
2492,0,1,1,1,1,0,0,20260715,20260721
2493,1,1,1,1,0,1,1,20260715,20260721
2494,1,0,1,1,1,1,1,20260715,20260720
2495,0,0,0,0,0,0,0,20260620,20261212
2496,0,0,0,0,0,1,1,20260606,20260928
2497,1,1,1,1,1,0,0,20260608,20261211
2498,0,0,0,0,0,0,0,20260615,20261211
2499,0,0,0,0,0,0,1,20260614,20261212
2500,0,0,0,0,0,0,0,20260615,20261211
2501,1,1,1,1,1,1,1,20260614,20261212
2502,0,0,0,0,0,1,1,20260614,20261212
2503,1,1,1,1,1,0,0,20260615,20261211
2504,1,1,1,1,1,0,0,20260701,20260831
2505,0,0,0,0,0,1,1,20260614,20261212
2506,1,1,1,1,1,1,1,20260717,20260723
2507,0,0,0,0,0,1,1,20261010,20261011
2508,0,0,0,0,0,1,0,20261010,20261011
2509,1,1,1,1,1,0,0,20260713,20260717
2510,0,0,0,0,0,0,1,20260816,20261018
2511,1,0,0,1,1,1,1,20260808,20261212
2512,1,1,1,1,1,1,1,20260731,20260807
2513,0,0,0,0,0,1,1,20260613,20260920
2514,0,0,0,0,0,1,0,20260613,20260919
2515,0,0,0,0,0,1,0,20260613,20260919
2516,0,0,0,0,0,1,1,20260614,20261212
2517,0,0,0,0,0,0,1,20260614,20260920
2518,0,0,0,1,1,1,1,20260820,20260823
2519,0,0,1,1,1,1,1,20260819,20260823
2520,0,0,1,1,1,1,0,20260819,20260822
2521,0,0,1,1,1,0,0,20260617,20260619
2522,0,0,1,0,0,0,0,20260618,20260701
2523,0,0,0,1,0,0,0,20260618,20260618
2524,0,0,0,0,0,0,0,20260702,20261019
2525,1,0,0,0,0,1,0,20260725,20260727
2526,1,0,0,0,0,0,0,20260727,20260727
2527,1,0,0,0,0,1,1,20260725,20260727
2528,1,0,0,0,0,0,1,20260726,20260727
2529,1,1,1,1,1,1,1,20260716,20260722
2530,0,0,0,1,1,1,1,20260625,20261212
2531,1,1,1,1,1,0,0,20260707,20260721
2532,1,1,1,1,1,1,1,20260706,20260721
2533,1,1,1,1,1,1,1,20260705,20260721
2534,0,0,0,0,0,1,1,20260705,20260719
2535,1,1,1,1,1,1,0,20260707,20260721
2536,0,0,0,0,0,0,1,20260706,20260719
2537,1,0,1,1,1,0,1,20260630,20260721
2538,1,1,0,1,1,1,1,20260701,20260722
2539,1,0,0,0,0,1,1,20260630,20260721
2540,1,1,1,1,0,0,1,20260706,20260721
2541,0,0,0,0,1,1,0,20260705,20260718
2542,0,0,0,0,0,1,1,20260706,20260719
2543,1,1,1,1,1,1,1,20260708,20260729
2544,1,1,1,1,1,1,1,20260707,20260728
2545,1,1,1,1,1,0,0,20260722,20260731
2546,1,1,1,1,1,1,1,20260722,20260731
2547,1,1,1,1,1,1,0,20260722,20260731
2548,1,0,1,1,1,1,1,20260701,20260706
2549,0,1,1,0,1,1,1,20260630,20260705
2550,1,1,1,1,0,0,1,20260722,20260730
2551,0,0,0,0,1,1,0,20260724,20260731
2552,1,1,1,1,1,0,0,20260617,20261211
2553,0,0,0,0,0,0,1,20260621,20261206
2554,0,0,0,0,0,1,0,20260620,20261212
2555,1,1,1,1,1,0,0,20260707,20260714
2556,0,0,0,0,0,1,1,20260711,20260712
2557,1,1,1,1,1,1,1,20260617,20261212
2558,1,1,1,1,1,1,1,20260707,20260714
2559,0,0,0,0,0,1,1,20260620,20261212
2560,0,0,0,0,0,1,1,20260620,20261212
2561,1,1,1,1,1,0,0,20260617,20261211
2562,0,0,0,0,0,0,1,20260621,20261206
2563,1,1,1,1,1,1,0,20260617,20261212
2564,0,0,0,0,1,0,1,20260619,20261211
2565,1,1,1,1,0,0,0,20260617,20261210
2566,0,0,0,0,0,1,1,20260620,20261212
2567,0,0,0,0,0,1,0,20260620,20261205
2568,0,1,1,1,1,1,1,20260707,20260712
2569,0,1,1,1,1,0,0,20260707,20260710
2570,0,0,1,1,1,0,0,20260708,20260710
2571,0,1,0,0,0,0,0,20260707,20260707
2572,1,1,1,1,1,0,0,20260702,20260814
2573,1,1,1,1,1,1,1,20260702,20260815
2574,0,0,0,0,0,1,1,20260704,20260815
2575,1,1,1,1,1,1,1,20260701,20260815
2576,0,0,0,0,0,0,1,20260816,20260816
2577,0,0,1,1,1,0,0,20260630,20260717
2578,1,0,0,0,0,1,1,20260718,20260721
2579,1,0,1,1,1,0,0,20260630,20260721
2580,1,0,1,1,1,1,1,20260630,20260721
2581,0,0,0,0,0,1,0,20260704,20260718
2582,1,1,0,0,0,1,1,20260718,20260721
2583,1,1,1,1,1,0,1,20260707,20260714
2584,1,0,1,1,1,1,1,20260707,20260714
2585,1,1,1,1,1,0,0,20260708,20260715
2586,1,1,1,1,1,1,1,20260708,20260715
2587,1,1,1,1,1,0,0,20260707,20260715
2588,1,1,1,1,1,1,0,20260707,20260715
2589,1,1,1,1,1,1,1,20260706,20260715
2590,1,1,1,1,1,0,0,20260706,20260714
2591,1,1,1,1,1,1,1,20260706,20260714
2592,1,1,1,1,1,0,0,20260708,20260716
2593,1,1,1,1,1,1,1,20260707,20260716
2594,1,1,1,1,1,0,0,20260707,20260716
2595,1,1,1,1,1,1,1,20260707,20260715
2596,1,1,1,1,1,1,1,20260708,20260716
2597,0,0,0,1,0,0,0,20260702,20260702
2598,1,0,0,0,0,1,1,20260704,20260706
2599,1,1,1,1,1,1,1,20260804,20260822
2600,1,1,1,1,0,0,1,20260823,20260827
2601,1,1,1,1,1,1,1,20260803,20260822
2602,1,1,1,0,0,0,1,20260823,20260826
2603,1,1,1,1,1,0,0,20260617,20261211
2604,0,0,1,0,0,0,0,20260715,20260715
2605,0,0,0,0,0,0,0,20260721,20260809
2606,0,1,0,0,0,0,0,20260629,20260630
2607,0,0,1,0,0,0,0,20260909,20260909
2608,1,1,1,1,1,1,1,20260804,20260827
2609,1,1,1,1,1,1,1,20260803,20260827
2610,1,1,1,1,1,1,1,20260803,20260826
2611,1,1,1,1,0,0,0,20260824,20260827
2612,1,1,1,1,1,1,1,20260804,20260823
2613,0,0,0,0,0,0,0,20260707,20260715
2614,1,0,0,0,0,1,1,20260705,20260712
2615,1,1,1,1,1,1,1,20260704,20260715
2616,1,1,1,1,1,0,0,20260901,20261211
2617,0,0,0,0,0,1,1,20260701,20261212
2618,0,0,0,0,0,1,1,20260701,20261212
2619,1,1,1,1,1,0,0,20260701,20261211
2620,1,1,1,1,1,0,0,20260901,20261211
2621,1,1,1,1,1,1,1,20260701,20261212
2622,1,1,1,1,1,1,1,20260701,20261212
2623,1,1,1,1,1,1,1,20260701,20261212
2624,1,1,1,1,1,0,0,20260701,20261211
2625,0,0,0,0,0,1,1,20260704,20261212
2626,1,1,1,1,1,1,1,20260701,20261212
2627,1,0,0,0,0,1,1,20260704,20260712
2628,1,1,1,1,1,0,0,20260701,20261211
2629,1,1,1,1,1,1,1,20260701,20261212
2630,0,0,0,0,0,1,1,20260704,20261212
2631,1,1,1,1,1,1,1,20260701,20261212
2632,0,0,0,0,0,1,1,20260704,20261212
2633,1,0,0,0,0,0,0,20260907,20261207
2634,0,0,0,0,1,0,0,20260904,20261211
2635,1,1,1,1,0,1,1,20260701,20261212
2636,0,0,0,0,0,0,1,20260906,20261206
2637,1,1,1,1,1,1,0,20260701,20261212
2638,1,1,1,1,1,1,0,20260701,20261212
2639,0,0,0,0,0,0,1,20260906,20261206
2640,1,1,1,1,1,0,0,20260701,20261211
2641,1,1,1,1,1,0,0,20260701,20261211
2642,1,0,0,0,0,0,0,20260713,20261207
2643,0,1,1,1,1,0,0,20260701,20261211
2644,1,1,1,1,1,1,1,20260701,20261212
2645,1,1,1,1,1,1,1,20260704,20260714
2646,0,1,0,0,1,0,0,20260707,20260715
2647,0,0,0,0,1,1,0,20260807,20260822
2648,1,1,1,1,1,1,1,20260803,20260826
2649,0,1,1,1,1,0,0,20260701,20260731
2650,0,0,0,0,1,0,0,20260724,20260724
2651,0,0,0,0,0,1,1,20260704,20260727
2652,0,0,1,1,1,0,0,20260701,20260731
2653,1,0,0,0,0,0,0,20260707,20260720
2654,1,1,1,1,1,1,1,20260701,20260731
2655,0,1,1,1,1,0,0,20260701,20260731
2656,0,1,1,1,1,0,0,20260703,20260710
2657,0,1,1,0,0,0,0,20260714,20260715
2658,0,0,1,1,1,0,0,20260701,20260731
2659,1,1,1,1,1,0,0,20260707,20260713
2660,1,1,1,1,1,0,0,20260803,20260820
2661,1,1,1,1,1,1,1,20260801,20260820
2662,0,0,0,0,0,1,1,20260801,20260816
2663,1,1,1,1,1,1,1,20260801,20260819
2664,1,1,1,1,1,0,0,20260803,20260819
2665,0,0,0,0,1,0,0,20260717,20260724
2666,1,0,0,0,0,0,0,20260720,20260727
2667,1,1,1,1,1,0,0,20260803,20260826
2668,0,0,0,0,0,1,1,20260808,20260823
2669,1,1,1,1,1,0,0,20260713,20260731
2670,1,1,1,1,1,1,1,20260625,20260831
2671,1,0,0,0,0,0,0,20260810,20260810
2672,0,0,1,0,0,0,1,20260625,20260705
2673,0,0,0,0,1,1,1,20260625,20260705
2674,1,1,1,1,1,0,0,20260811,20260817
2675,1,1,1,1,1,0,0,20260702,20260720
2676,0,0,0,0,0,1,1,20260815,20260816
2677,0,1,1,1,1,0,0,20260811,20260814
2678,1,1,1,1,1,1,1,20260811,20260817
2679,1,1,1,1,1,0,0,20260701,20260720
2680,0,0,0,0,0,1,1,20260704,20260719
2681,0,1,1,1,1,1,1,20260811,20260816
2682,1,1,1,1,1,1,1,20260810,20260816
2683,0,1,1,1,0,0,0,20260721,20260723
2684,1,1,1,1,1,0,1,20260810,20260816
2685,0,1,1,1,1,0,0,20260701,20260717
2686,1,1,1,1,1,1,0,20260811,20260817
2687,1,0,0,0,0,0,0,20260817,20260817
2688,1,1,1,1,1,0,1,20260701,20260719
2689,1,1,1,1,1,1,0,20260702,20260720
2690,0,1,1,1,0,0,0,20260811,20260813
2691,0,0,0,0,0,0,1,20260705,20260719
2692,0,1,0,0,0,0,0,20260901,20260929
2693,0,0,0,0,0,0,0,20260811,20260822
2694,1,1,1,1,1,0,0,20260803,20260831
2695,0,0,0,1,0,0,0,20260903,20260903
2696,0,0,0,0,0,0,0,20260731,20260818
2697,0,0,0,0,0,0,0,20260801,20260809
2698,0,0,0,0,0,0,0,20260811,20260819
2699,0,0,0,0,0,0,1,20260802,20260816
2700,1,1,1,1,1,0,0,20260731,20260819
2701,1,1,1,1,1,0,0,20260731,20260819
2702,0,0,0,0,0,1,0,20260627,20260829
2703,0,0,0,0,0,0,0,20260705,20261028
2704,0,0,0,0,0,1,1,20260808,20260826
2705,1,1,1,1,1,0,0,20260803,20260821
2706,0,0,0,0,0,0,1,20260628,20261206
2707,0,0,0,1,0,0,0,20260723,20260806
2708,0,0,0,0,1,0,0,20260724,20260807
2709,0,0,0,0,1,0,0,20260720,20260807
2710,1,1,1,1,1,1,1,20260719,20260806
2711,1,1,1,1,1,0,1,20260720,20260807
2712,1,1,1,1,1,1,1,20260720,20260807
2713,1,1,1,1,1,1,1,20260720,20260807
2714,1,1,1,1,1,1,0,20260720,20260807
2715,0,0,0,0,0,0,0,20260801,20260819
2716,1,1,1,0,0,0,0,20260801,20260819
2717,0,0,0,0,0,1,0,20260801,20260815
2718,1,1,1,1,1,0,1,20260731,20260819
2719,1,0,0,0,0,0,1,20260705,20260706
2720,1,1,1,1,1,1,0,20260624,20261212
2721,1,1,1,1,1,0,0,20260624,20261211
2722,1,1,1,1,1,0,0,20260623,20261211
2723,0,0,0,0,0,1,0,20260627,20261212
2724,1,1,1,1,1,0,0,20260624,20261211
2725,0,0,0,0,0,1,1,20260627,20261212
2726,1,1,1,1,1,0,0,20260623,20261211
2727,1,0,0,0,0,0,0,20260622,20260622
2728,1,1,1,1,1,1,1,20260720,20260807
2729,1,1,1,1,1,0,0,20260623,20261211
2730,1,1,1,1,1,1,1,20260623,20261212
2731,0,0,0,0,0,0,1,20260628,20261206
2732,1,1,1,1,1,1,1,20260705,20260711
2733,1,1,1,1,1,1,1,20260704,20260712
2734,1,0,0,0,0,1,1,20260704,20260711
2735,1,1,1,1,1,1,1,20260704,20260711
2736,1,1,1,1,1,1,1,20260705,20260712
2737,0,1,1,1,0,0,0,20260707,20260709
2738,1,0,0,0,0,0,0,20260914,20260914
2739,1,1,1,1,1,0,0,20260921,20260925
2740,0,0,0,0,0,1,1,20260912,20260913
2741,1,1,1,1,1,0,0,20260707,20260731
2742,1,1,1,1,1,1,1,20260706,20260731
2743,0,0,0,0,0,1,1,20260706,20260726
2744,1,1,1,1,1,0,0,20260701,20260830
2745,1,1,1,1,1,1,1,20260705,20260731
2746,0,1,1,1,1,0,0,20260702,20260831
2747,0,0,0,0,0,1,1,20260718,20260830
2748,0,1,1,1,1,0,0,20260702,20260829
2749,1,1,1,1,1,0,0,20260701,20260828
2750,1,1,0,0,0,0,0,20260731,20260818
2751,0,1,1,0,1,0,0,20260731,20260819
2752,0,0,0,0,0,0,0,20260802,20260816
2753,0,0,0,0,0,0,0,20260704,20260715
2754,0,0,0,0,0,0,0,20260801,20260819
2755,0,0,1,1,1,1,0,20260704,20260715
2756,0,0,0,0,0,1,0,20260808,20260815
2757,0,0,0,0,0,0,1,20260705,20260712
2758,1,0,0,0,0,1,0,20260704,20260711
2759,0,0,0,0,0,0,0,20260727,20260930
2760,0,0,0,0,0,0,0,20260725,20260928
2761,0,0,0,0,0,0,0,20260725,20260930
2762,0,1,1,1,1,0,0,20260701,20261211
2763,1,1,1,1,1,0,0,20260624,20261211
2764,1,1,1,1,1,0,0,20260810,20260819
2765,1,1,1,0,0,1,1,20260801,20260819
2766,0,0,0,0,0,0,0,20260731,20260810
2767,0,0,0,0,0,0,0,20260808,20260818
2768,0,0,0,0,0,1,0,20260704,20260712
2769,0,1,0,0,0,0,1,20260818,20260823
2770,1,1,1,1,1,0,0,20260701,20261211
2771,0,1,0,1,1,0,0,20260625,20260630
2772,1,1,1,1,1,0,1,20260705,20260712
2773,1,1,1,1,1,1,1,20260701,20261212
2774,0,0,0,0,0,0,0,20260727,20260930
2775,0,0,0,0,0,0,0,20260727,20260930
2776,0,0,0,0,0,0,1,20260809,20260816
2777,1,1,1,1,1,1,1,20260701,20261212
2778,0,0,0,0,1,0,0,20260717,20260717
2779,1,1,1,1,1,1,1,20260701,20261212
2780,1,1,1,1,1,1,1,20260719,20260730
2781,1,1,1,1,1,1,1,20260701,20261212
2782,0,1,1,1,0,0,0,20260728,20260730
2783,0,0,0,0,0,0,0,20260626,20261211
2784,1,1,0,1,1,1,1,20260719,20260727
2785,0,0,1,0,0,0,0,20260722,20260722
2786,0,0,0,0,0,1,1,20260808,20260816
2787,1,1,0,0,0,0,0,20260810,20260811
2788,0,1,1,0,0,0,0,20260811,20260812
2789,0,0,0,0,0,1,0,20260718,20260829
2790,0,0,0,0,0,0,0,20260711,20260822
2791,0,0,0,0,0,1,1,20260725,20260808
2792,1,1,1,1,0,0,0,20260722,20260806
2793,0,0,0,0,0,0,0,20260704,20260808
2794,0,0,0,0,1,0,1,20260724,20260807
2795,1,1,1,1,0,1,1,20260722,20260808
2796,1,1,1,1,1,1,1,20260722,20260807
2797,1,1,1,1,1,0,1,20260722,20260807
2798,1,1,1,1,1,1,1,20260701,20260731
2799,1,1,1,1,1,1,0,20260626,20261211
2800,0,0,0,1,1,1,1,20260723,20260726
2801,1,1,1,1,1,0,0,20260629,20261211
2802,0,0,0,0,0,0,1,20260628,20261206
2803,1,1,1,1,0,0,0,20260803,20260806
2804,0,1,1,1,1,0,0,20260804,20260807
2805,1,1,0,1,1,1,1,20260702,20260707
2806,1,1,1,1,1,1,0,20260804,20260822
2807,0,0,0,0,0,0,1,20260809,20260823
2808,1,1,1,1,0,0,1,20260803,20260820
2809,0,0,0,0,0,1,0,20261003,20261003
2810,1,0,0,1,1,1,1,20260702,20260706
2811,1,1,1,1,1,1,1,20260630,20261212
2812,1,1,1,0,0,0,0,20260727,20260729
2813,0,0,0,0,0,0,0,20260707,20260729
2814,0,0,0,0,0,0,0,20260707,20260729
2815,0,0,0,0,0,0,0,20260721,20260827
2816,0,0,0,1,0,0,0,20260827,20260827
2817,0,0,0,0,0,0,0,20260721,20260827
2818,1,0,0,1,1,1,0,20260723,20260727
2819,1,1,1,1,1,1,1,20260710,20261212
2820,0,0,1,0,0,0,0,20260707,20260716
2821,1,1,1,1,1,1,1,20260710,20261212
2822,1,1,1,1,1,0,0,20260710,20261211
2823,1,1,1,1,1,0,0,20260710,20260831
2824,1,1,1,1,1,0,0,20260710,20261211
2825,1,1,1,1,1,0,0,20260701,20260831
2826,1,1,1,1,1,0,0,20260710,20261211
2827,0,0,0,0,0,1,1,20260710,20261212
2828,0,0,0,0,0,1,1,20260710,20261212
2829,0,0,1,1,0,0,1,20260823,20260827
2830,0,0,1,0,0,0,0,20260826,20260827
2831,1,1,1,1,1,1,1,20260710,20261212
2832,0,0,0,0,0,0,0,20260715,20260902
2833,1,1,1,1,1,0,0,20260701,20260731
2834,0,0,0,0,0,0,0,20260708,20261209
2835,0,0,0,0,0,1,1,20260704,20260726
2836,1,1,1,1,1,0,0,20260702,20260731
2837,0,0,0,0,0,0,1,20260705,20260726
2838,1,1,1,1,1,1,0,20260701,20260731
2839,0,1,1,0,0,0,0,20260901,20260902
2840,1,1,1,1,1,0,0,20260903,20261211
2841,1,1,1,1,1,0,0,20260819,20261116
2842,1,1,1,1,1,1,1,20260819,20261116
2843,0,0,0,0,0,1,1,20260822,20261115
2844,0,1,1,1,1,0,0,20260819,20261116
2845,0,0,0,0,0,1,1,20260822,20261115
2846,0,0,0,0,0,1,1,20260822,20261115
2847,0,0,0,0,0,1,0,20260822,20261114
2848,0,0,0,0,0,0,1,20260823,20261115
2849,0,0,1,1,1,1,0,20260819,20261116
2850,0,0,0,0,0,0,0,20260823,20261115
2851,1,1,1,1,1,1,0,20260819,20261116
2852,0,0,0,0,0,0,1,20260823,20261115
2853,0,0,0,0,0,1,0,20260822,20261031
2854,1,0,1,1,1,0,0,20260819,20261116
2855,1,1,1,1,1,0,0,20260819,20261116
2856,0,0,0,0,0,1,0,20260822,20261031
2857,0,0,0,0,0,0,0,20261107,20261115
2858,0,0,0,0,0,0,1,20260823,20261101
2859,1,0,1,1,1,0,0,20260819,20261116
2860,1,1,1,1,1,1,1,20260819,20261116
2861,0,0,0,0,0,1,1,20260704,20260712
2862,1,0,1,1,1,1,1,20260819,20261116
2863,1,0,1,1,1,1,1,20260819,20261116
2864,1,0,1,1,1,1,1,20260819,20261116
2865,1,1,1,1,1,0,0,20260819,20261116
2866,0,0,0,0,0,1,0,20260822,20261115
2867,0,0,0,0,0,1,1,20260822,20261115
2868,1,1,1,1,1,1,1,20260819,20261116
2869,1,1,1,1,1,0,0,20260819,20261116
2870,0,0,0,0,0,1,0,20260822,20261115
2871,0,0,0,0,0,1,1,20260822,20261115
2872,1,1,1,1,1,1,1,20260819,20261116
2873,1,1,1,1,1,1,1,20260819,20261116
2874,0,0,0,0,0,1,0,20260826,20261116
2875,0,0,0,0,0,1,0,20260826,20261116
2876,0,0,0,0,0,1,0,20260826,20261116
2877,0,0,0,0,0,0,0,20260826,20261116
2878,1,1,1,1,1,1,1,20260819,20260825
2879,0,0,0,0,1,0,0,20260731,20260731
2880,1,1,1,1,0,0,0,20260907,20260910
2881,0,1,1,1,1,0,0,20260908,20260911
2882,1,1,1,1,1,0,0,20260901,20261130
2883,0,0,0,0,0,1,1,20260723,20260808
2884,0,1,1,1,1,0,0,20260722,20260807
2885,0,0,0,0,0,0,1,20260704,20260830
2886,1,0,0,1,1,0,0,20260723,20260727
2887,0,1,1,1,1,1,0,20260722,20260808
2888,1,1,1,1,1,1,1,20260722,20260808
2889,1,1,1,1,1,1,0,20260722,20260808
2890,1,0,0,1,1,1,1,20260723,20260727
2891,0,0,0,0,0,1,1,20260801,20260808
2892,0,0,0,0,0,1,0,20260704,20260829
2893,0,0,1,1,1,1,1,20260708,20260731
2894,1,1,0,0,0,0,0,20260706,20260728
2895,1,1,0,0,1,1,1,20260703,20260707
2896,0,0,0,0,0,1,1,20260704,20260928
2897,0,0,0,0,0,1,1,20261003,20261212
2898,0,0,0,0,0,1,1,20260704,20261018
2899,1,1,1,1,1,0,0,20260707,20261019
2900,1,1,1,1,1,1,1,20260704,20261019
2901,1,1,1,1,1,1,1,20260705,20261019
2902,1,1,1,1,1,0,0,20260707,20261019
2903,1,1,1,1,1,0,0,20260707,20261019
2904,1,1,1,1,1,1,1,20260704,20261018
2905,0,0,0,0,0,0,0,20260707,20261019
2906,1,1,1,1,1,0,0,20260707,20261019
2907,0,0,0,0,1,0,0,20260703,20260703
2908,1,1,1,1,1,0,0,20260707,20261019
2909,1,1,1,1,1,1,1,20260704,20261018
2910,1,1,1,1,1,1,1,20260704,20261018
2911,1,1,1,1,1,1,1,20260704,20261019
2912,1,1,1,1,1,1,1,20260705,20261019
2913,1,1,1,1,1,1,1,20260808,20260818
2914,1,1,1,1,0,1,0,20260722,20260808
2915,0,0,0,0,0,0,0,20261019,20261116
2916,1,1,1,1,1,0,0,20260709,20261211
2917,0,1,1,0,0,0,0,20260707,20260708
2918,0,1,1,0,0,0,0,20260728,20260729
2919,1,0,0,0,1,0,0,20260717,20260720
2920,0,0,0,1,0,0,0,20260806,20260806
2921,0,0,0,0,0,0,1,20260711,20260830
2922,1,1,1,1,1,0,0,20260713,20261109
2923,1,1,1,1,1,1,1,20260713,20261108
2924,1,1,1,1,1,0,1,20260713,20261108
2925,1,1,1,1,1,0,0,20260713,20261106
2926,0,1,0,0,0,1,0,20260801,20260818
2927,0,1,0,0,0,1,0,20260801,20260818
2928,0,0,0,0,0,1,1,20260718,20261108
2929,0,0,1,1,1,1,1,20260802,20260826
2930,0,1,1,1,1,1,0,20260801,20260825
2931,0,1,1,1,0,1,0,20260801,20260825
2932,0,0,0,1,0,0,0,20260716,20260716
2933,0,1,1,1,1,0,0,20260802,20260825
2934,0,0,1,1,0,0,0,20260819,20260820
2935,1,1,1,1,1,0,0,20260714,20261109
2936,0,0,0,0,0,1,0,20260801,20260808
2937,0,0,1,1,1,0,0,20260801,20260825
2938,1,1,1,1,1,0,0,20260714,20261109
2939,1,1,1,1,1,0,0,20260713,20261109
2940,1,1,1,1,1,0,0,20260714,20261109
2941,1,1,1,1,1,0,0,20260713,20261109
2942,0,0,0,0,1,0,0,20260717,20261106
2943,1,1,1,1,0,0,0,20260713,20261105
2944,1,1,1,1,1,0,0,20260713,20261106
2945,1,1,1,1,1,1,1,20260708,20261212
2946,0,0,0,0,0,1,0,20260718,20261107
2947,0,0,0,0,0,0,1,20260719,20261108
2948,1,1,1,1,1,0,0,20260804,20260813
2949,1,1,1,1,1,0,0,20260814,20260824
2950,1,1,1,1,1,1,1,20260804,20260813
2951,1,1,1,1,1,1,1,20260814,20260824
2952,1,0,0,0,1,1,1,20260803,20260823
2953,0,0,0,0,1,0,1,20260807,20260809
2954,0,0,0,0,1,0,1,20260814,20260823
2955,0,0,1,1,0,0,0,20260715,20260716
2956,1,1,1,1,1,0,0,20260713,20261109
2957,0,0,0,0,0,1,1,20260718,20261108
2958,1,1,1,1,1,0,0,20260713,20261109
2959,0,0,1,1,1,0,0,20260722,20260807
2960,1,1,1,1,1,0,0,20260824,20260831
2961,1,0,0,1,0,0,0,20260723,20260727
2962,0,1,1,1,0,0,0,20260714,20260717
2963,0,1,1,1,1,0,0,20260714,20260717
2964,1,1,1,1,0,0,0,20260713,20260716
2965,1,1,1,1,1,1,0,20260814,20260824
2966,1,1,1,1,1,1,0,20260804,20260813
2967,0,0,0,0,1,1,0,20260724,20260725
2968,0,1,1,0,0,0,0,20260721,20260722
2969,0,0,0,0,0,1,0,20260815,20260822
2970,1,1,1,1,0,0,0,20260804,20260813
2971,1,0,0,0,0,0,0,20260803,20260820
2972,1,1,0,0,1,0,1,20260802,20260807
2973,1,1,1,1,1,0,0,20260804,20260821
2974,0,1,0,0,0,0,0,20260714,20260714
2975,1,1,1,1,1,0,1,20260720,20260730
2976,1,1,1,1,1,1,1,20260720,20260730
2977,1,1,1,1,1,1,1,20260722,20260831
2978,1,1,1,1,1,1,1,20260801,20260831
2979,1,1,1,1,1,0,0,20260804,20260814
2980,0,0,0,0,0,0,0,20260817,20261130
2981,0,0,0,0,0,0,0,20260815,20261129
2982,1,1,1,1,1,0,0,20260803,20260814
2983,1,1,1,1,1,1,1,20260803,20260814
2984,0,0,0,0,0,0,0,20260815,20261130
2985,0,0,0,0,0,0,0,20260815,20261128
2986,1,1,1,1,1,0,1,20260803,20260814
2987,0,0,0,0,0,0,0,20260816,20261129
2988,0,0,0,0,0,0,0,20260816,20261129
2989,1,1,1,1,1,0,0,20260720,20260730
2990,0,0,0,0,0,1,1,20260718,20261212
2991,1,1,1,0,0,0,0,20260720,20260722
2992,1,1,1,1,1,0,0,20260714,20260731
2993,1,1,1,1,1,0,0,20260818,20260824
2994,1,1,1,1,1,1,1,20260818,20260824
2995,0,0,0,0,0,0,1,20260906,20260906
2996,0,1,1,1,1,0,1,20260818,20260823
2997,1,1,1,1,1,0,0,20260819,20261116
2998,1,1,1,1,1,0,0,20260819,20261116
2999,1,1,1,1,1,0,0,20260819,20261116
3000,1,1,1,1,1,0,0,20260819,20261116
3001,1,1,1,1,1,0,0,20260819,20261116
3002,1,1,1,1,1,0,0,20260819,20261116
3003,1,1,1,1,1,0,0,20260819,20261116
3004,1,1,1,1,1,0,0,20260819,20261116
3005,1,1,1,1,0,0,0,20260819,20261112
3006,0,0,0,0,1,0,0,20260821,20261116
3007,1,1,1,1,1,0,0,20260819,20261116
3008,1,1,1,1,1,0,0,20260819,20261116
3009,0,1,1,1,1,0,0,20260819,20261116
3010,0,1,1,1,1,0,0,20260819,20261116
3011,0,1,1,1,1,0,0,20260819,20261116
3012,1,1,1,1,1,0,0,20260819,20261116
3013,1,1,1,1,1,1,1,20260813,20261019
3014,0,0,0,0,0,0,0,20260813,20261019
3015,1,1,1,1,1,0,0,20260813,20261019
3016,1,1,1,1,1,0,0,20260813,20261019
3017,0,0,0,0,0,1,1,20260815,20261018
3018,1,1,1,1,1,0,0,20260814,20260827
3019,0,0,0,0,0,0,0,20260725,20260823
3020,0,0,0,0,0,0,0,20260725,20260822
3021,0,0,0,0,0,1,0,20260815,20260829
3022,1,1,1,1,0,0,0,20260817,20260827
3023,1,1,1,1,1,1,1,20260803,20260831
3024,0,0,0,0,1,0,0,20260807,20260828
3025,0,0,0,0,0,1,1,20260808,20260830
3026,1,1,1,1,1,1,1,20260721,20260727
3027,1,1,1,1,1,0,0,20260721,20260727
3028,0,1,1,1,1,0,0,20260721,20260724
3029,0,0,1,1,1,1,1,20260801,20260913
3030,1,1,0,0,0,0,0,20260803,20260915
3031,1,1,1,1,1,1,0,20260803,20260831
3032,0,1,0,1,0,0,0,20260721,20260723
3033,1,1,1,1,1,0,0,20260805,20260824
3034,1,1,1,1,1,1,1,20260805,20260824
3035,1,1,1,1,1,0,0,20260804,20260824
3036,1,1,1,1,1,1,1,20260804,20260824
3037,1,1,1,1,1,1,1,20260804,20260823
3038,1,1,1,1,1,0,0,20260804,20260821
3039,1,1,1,1,1,1,1,20260801,20260820
3040,0,0,0,0,0,1,0,20260829,20260905
3041,1,1,1,1,1,0,0,20260805,20260818
3042,1,1,1,1,1,1,1,20260805,20260818
3043,1,1,1,1,1,1,1,20260803,20261003
3044,1,1,1,1,1,1,0,20260801,20260820
3045,1,1,1,1,1,1,1,20260803,20261003
3046,1,1,1,1,1,0,0,20260803,20260820
3047,0,0,0,0,0,0,1,20260906,20260928
3048,1,1,1,1,0,0,1,20260802,20260819
3049,0,0,0,0,1,1,0,20260801,20260815
3050,1,1,1,1,0,1,1,20260803,20261003
3051,0,0,0,0,1,0,0,20260904,20261002
3052,1,1,1,1,1,1,1,20260802,20261003
3053,1,0,0,0,0,1,1,20260803,20261003
3054,1,1,1,1,1,0,0,20260901,20261002
3055,1,1,1,0,0,1,1,20260801,20260830
3056,1,1,1,0,0,0,0,20260803,20260828
3057,0,0,0,0,0,1,1,20260801,20260830
3058,1,1,1,1,0,0,0,20260803,20260831
3059,0,0,0,0,0,0,1,20260809,20260928
3060,1,1,1,1,0,1,0,20260803,20261003
3061,0,0,0,0,1,1,0,20260911,20260912
3062,0,0,0,0,0,1,1,20260809,20260815
3063,0,0,0,1,0,0,0,20260731,20260820
3064,0,0,0,0,1,0,0,20260911,20260911
3065,0,0,0,0,0,0,1,20260913,20260913
3066,1,1,1,1,1,0,0,20260817,20260930
3067,1,1,0,0,0,1,1,20260912,20260915
3068,1,1,1,1,1,1,1,20260816,20260930
3069,0,0,0,0,0,0,0,20260816,20260930
3070,0,0,0,0,0,0,0,20260817,20260930
3071,0,0,0,0,0,1,1,20260816,20260928
3072,0,0,0,0,0,1,0,20260822,20260926
3073,0,0,0,0,0,1,1,20260719,20260726
3074,0,0,0,0,0,0,0,20260719,20260730
3075,0,0,0,0,0,0,0,20260719,20260730
3076,1,1,0,0,0,0,1,20260719,20260721
3077,1,0,0,0,1,1,1,20260719,20260730
3078,1,0,0,0,0,0,0,20260803,20260803
3079,1,1,1,1,1,1,1,20260825,20261002
3080,1,1,1,1,1,1,1,20260824,20261002
3081,0,0,0,0,0,1,1,20260829,20260928
3082,1,1,1,1,1,0,0,20260824,20261002
3083,1,1,1,1,1,0,0,20260824,20261001
3084,1,1,1,1,1,1,1,20260824,20261001
3085,1,1,1,1,1,1,1,20260722,20260831
3086,1,1,1,1,1,1,1,20260727,20260815
3087,1,1,1,1,1,1,1,20260727,20260816
3088,0,0,0,1,1,0,0,20260806,20260807
3089,1,1,1,1,1,1,1,20260727,20260816
3090,0,1,1,1,0,0,0,20260804,20260807
3091,1,1,1,1,1,1,1,20260728,20260816
3092,0,1,0,1,1,0,0,20260804,20260807
3093,1,1,1,1,1,1,1,20260919,20261019
3094,1,1,1,1,1,1,1,20261012,20261019
3095,1,1,1,1,1,1,1,20260918,20261019
3096,1,1,1,1,1,1,1,20260918,20261018
3097,1,1,1,1,1,0,0,20261012,20261019
3098,1,1,1,1,1,0,0,20261012,20261016
3099,1,1,1,1,1,1,1,20260918,20261011
3100,1,0,0,0,0,0,0,20261019,20261019
3101,1,1,1,1,1,0,0,20260721,20261019
3102,0,0,0,0,1,1,1,20260731,20260802
3103,1,1,0,0,1,0,0,20260807,20260811
3104,1,1,0,0,1,1,1,20260807,20260811
3105,0,0,0,0,1,1,0,20260807,20260808
3106,0,0,0,0,1,0,0,20260807,20260807
3107,0,0,0,0,0,0,0,20260919,20261211
3108,1,1,1,1,1,1,1,20260727,20260815
3109,1,1,1,0,1,1,1,20260811,20260817
3110,1,1,1,0,1,1,1,20260810,20260817
3111,1,1,1,0,1,1,1,20260810,20260816
3112,1,1,1,1,0,0,0,20260817,20260820
3113,0,1,1,1,1,0,0,20260818,20260821
3114,1,1,1,0,1,1,0,20260811,20260817
3115,1,1,1,0,1,1,0,20260810,20260817
3116,0,0,0,0,0,0,0,20260801,20260821
3117,0,0,0,0,0,0,0,20260731,20260820
3118,1,1,1,1,1,0,0,20260807,20260828
3119,0,0,0,0,0,1,0,20260808,20260822
3120,1,1,1,1,1,1,0,20260807,20260828
3121,1,1,1,1,1,1,1,20260807,20260828
3122,1,1,1,1,1,0,1,20260809,20260819
3123,1,1,1,1,1,1,1,20260808,20260819
3124,1,1,0,0,0,0,0,20260728,20260803
3125,1,1,0,0,0,0,1,20260727,20260803
3126,1,1,0,0,0,0,0,20260727,20260803
3127,1,0,0,0,0,0,1,20260727,20260802
3128,1,0,0,0,0,0,0,20260824,20260824
3129,1,0,1,1,1,1,1,20260722,20260730
3130,1,1,1,1,1,0,0,20260831,20261016
3131,0,0,0,0,0,1,1,20260905,20261018
3132,1,1,1,1,1,1,1,20260831,20261018
3133,1,1,1,1,1,0,0,20260901,20261016
3134,1,1,1,1,1,1,1,20260811,20260831
3135,1,1,1,1,1,0,0,20260811,20260831
3136,0,0,0,0,0,1,1,20260815,20260830
3137,1,1,1,1,1,0,0,20260908,20260918
3138,1,1,1,1,1,0,0,20260907,20260918
3139,0,0,0,0,0,1,1,20260905,20261011
3140,1,1,1,1,1,0,0,20260904,20261012
3141,1,1,1,1,1,0,0,20260903,20261012
3142,1,1,1,1,1,1,1,20260903,20261012
3143,1,1,1,1,1,1,1,20260903,20261011
3144,1,1,1,1,1,1,0,20260809,20260819
3145,0,0,0,0,0,0,0,20260808,20260816
3146,0,1,1,0,0,0,0,20260811,20260831
3147,1,1,1,1,1,0,0,20260805,20260813
3148,1,1,1,1,1,1,1,20260804,20260812
3149,1,1,1,1,1,0,1,20260804,20260812
3150,1,1,1,1,0,0,0,20260804,20260812
3151,1,1,1,1,1,0,0,20260804,20260812
3152,1,1,1,1,1,0,0,20260914,20260928
3153,0,0,0,0,0,1,0,20260919,20260927
3154,1,0,0,0,1,1,1,20260724,20260727
3155,1,0,0,0,1,0,0,20260724,20260727
3156,0,0,1,1,1,0,0,20260916,20260918
3157,0,0,0,0,0,1,1,20260815,20260829
3158,1,1,1,1,1,1,1,20260724,20260730
3159,1,1,1,1,1,0,0,20260811,20260828
3160,1,1,1,1,1,0,0,20260907,20260916
3161,1,1,1,1,1,1,1,20260907,20260916
3162,0,0,0,0,1,0,0,20260814,20260828
3163,1,1,1,1,0,0,0,20260811,20260831
3164,0,0,0,0,0,0,1,20261004,20261004
3165,1,1,1,1,1,1,0,20260811,20260831
3166,0,0,0,0,0,0,1,20260816,20260830
3167,0,0,0,0,0,0,0,20260816,20260831
3168,1,1,0,0,0,0,0,20260921,20261208
3169,1,1,1,1,1,1,1,20260812,20260830
3170,1,1,1,1,1,1,1,20260811,20260831
3171,1,0,0,0,0,0,0,20260928,20261208
3172,0,1,1,1,1,0,0,20260811,20260831
3173,1,0,0,0,0,0,0,20260803,20260922
3174,1,0,0,0,0,0,0,20260817,20260824
3175,1,1,1,0,1,0,0,20260811,20260817
3176,1,1,1,0,1,0,0,20260810,20260817
3177,1,1,1,1,1,0,0,20260810,20260814
3178,1,0,1,1,1,1,1,20260826,20260831
3179,1,1,1,1,1,1,1,20260825,20260831
3180,1,1,1,1,1,0,0,20260825,20260831
3181,0,1,1,1,1,1,1,20260825,20260830
3182,0,0,0,0,0,1,1,20260829,20260830
3183,1,1,1,1,0,1,1,20260803,20260822
3184,0,0,0,0,1,0,0,20260807,20260821
3185,1,1,1,1,0,1,0,20260803,20260822
3186,1,1,1,1,0,1,0,20260803,20260822
3187,1,1,1,1,0,1,0,20260803,20260822
3188,1,1,1,1,1,1,0,20260804,20260827
3189,1,1,1,0,0,0,0,20260824,20260826
3190,0,1,1,1,1,1,1,20260803,20260814
3191,1,1,1,1,1,0,0,20260803,20260807
3192,1,1,1,1,1,1,0,20260803,20260808
3193,1,1,1,1,1,0,0,20260803,20260812
3194,1,1,1,1,1,1,1,20260803,20260812
3195,1,1,1,1,0,0,1,20260803,20260812
3196,1,1,1,1,1,1,1,20260801,20260821
3197,1,1,1,1,1,1,0,20260803,20260821
3198,0,0,0,0,1,0,0,20260807,20260821
3199,1,0,0,0,0,0,0,20260907,20260907
3200,1,0,0,1,1,0,0,20260901,20260911
3201,1,1,1,1,1,1,0,20260803,20260812
3202,1,1,1,0,1,0,0,20260810,20260814
3203,1,1,1,1,1,0,0,20260824,20260904
3204,1,1,1,0,0,0,0,20260907,20260909
3205,0,0,0,1,1,0,0,20260813,20260814
3206,1,1,1,1,1,0,0,20260803,20260911
3207,0,1,0,0,0,0,0,20260825,20260825
3208,0,0,0,0,0,1,0,20260815,20260912
3209,1,1,1,1,1,0,0,20260803,20260912
3210,1,1,1,1,1,0,0,20260903,20261009
3211,1,1,1,1,1,1,1,20260904,20261012
3212,1,1,1,1,1,0,0,20260813,20261020
3213,1,1,1,1,1,0,0,20260904,20261009
3214,0,0,0,0,0,0,0,20261010,20261018
3215,0,1,1,1,1,0,0,20261012,20261019
3216,0,1,1,1,1,0,0,20261010,20261019
3217,0,1,1,1,1,0,0,20261010,20261019
3218,0,0,0,0,0,0,0,20261011,20261018
3219,0,0,1,1,1,0,0,20261012,20261019
3220,0,0,0,0,0,0,0,20261010,20261017
3221,0,0,0,0,0,0,0,20260809,20260817
3222,0,1,1,1,0,0,0,20260825,20260827
3223,1,1,1,1,1,0,0,20260908,20260925
3224,1,1,1,1,1,1,1,20260907,20260925
3225,0,0,0,0,0,1,1,20260912,20260920
3226,1,1,1,1,1,0,0,20260907,20260925
3227,1,1,1,1,1,1,1,20260907,20260924
3228,1,1,1,1,1,0,0,20260907,20260924
3229,0,0,0,0,0,0,1,20260830,20260830
3230,0,0,1,0,0,0,0,20260729,20260729
3231,1,1,1,1,1,0,0,20260929,20261109
3232,1,1,1,1,1,1,1,20260929,20261109
3233,0,0,0,0,0,0,1,20260809,20261206
3234,0,0,1,0,0,0,0,20260916,20260916
3235,0,0,0,0,0,0,0,20260804,20260922
3236,0,1,0,0,0,0,0,20260929,20261208
3237,0,1,0,0,0,0,0,20260811,20260811
3238,0,0,0,0,1,0,0,20260904,20260904
3239,0,0,0,0,0,1,1,20260816,20261212
3240,1,1,1,1,1,1,1,20260816,20261212
3241,1,1,1,1,1,0,0,20260817,20261211
3242,0,0,0,0,0,1,0,20260808,20260817
3243,1,1,1,1,1,1,1,20260808,20260814
3244,0,1,1,1,0,0,0,20260901,20260903
3245,0,0,0,0,0,0,0,20260901,20261120
3246,1,1,1,1,1,1,1,20261015,20261212
3247,1,1,1,1,1,0,0,20260824,20261211
3248,0,0,1,0,0,0,0,20260902,20260902
3249,1,1,1,1,1,0,0,20261005,20261009
3250,1,1,1,1,1,1,1,20260810,20260821
3251,1,1,1,1,1,0,0,20260810,20260821
3252,0,1,1,1,1,0,0,20260810,20260821
3253,0,0,0,0,1,1,0,20260814,20260815
3254,0,0,0,0,0,1,0,20260822,20260829
3255,1,1,1,1,1,0,1,20260820,20260904
3256,0,0,0,0,0,0,1,20260906,20260920
3257,1,0,0,0,0,0,0,20260907,20260921
3258,0,1,1,0,0,0,0,20260908,20260909
3259,0,1,1,1,0,0,0,20260908,20260910
3260,1,1,0,0,1,1,1,20260814,20260818
3261,1,0,0,0,1,1,1,20260814,20260831
3262,1,0,0,0,1,1,1,20260828,20260831
3263,0,0,0,1,0,0,0,20260910,20260910
3264,1,1,1,1,1,1,1,20260808,20261212
3265,1,1,1,1,0,0,0,20260901,20260924
3266,0,0,0,0,1,0,0,20260904,20260925
3267,1,1,1,1,0,0,0,20260901,20260924
3268,1,1,1,1,0,0,1,20260809,20261210
3269,0,0,0,0,1,1,0,20260808,20261212
3270,0,0,1,0,0,0,0,20260805,20260805
3271,1,1,1,1,0,0,1,20260809,20261210
3272,1,1,1,1,1,0,0,20260821,20260904
3273,1,1,1,1,1,1,1,20260821,20260905
3274,0,1,1,1,1,0,0,20260901,20260904
3275,1,1,1,1,1,1,1,20260820,20260904
3276,1,1,1,1,1,0,0,20260820,20260904
3277,1,1,1,1,1,1,0,20260821,20260905
3278,0,0,0,0,0,0,1,20260823,20260830
3279,0,0,0,0,1,1,0,20260821,20260904
3280,1,1,1,1,0,0,1,20260820,20260903
3281,1,1,1,1,1,0,0,20260817,20260821
3282,0,0,0,0,0,1,1,20260815,20260823
3283,1,1,1,1,1,1,1,20260815,20260823
3284,1,1,1,1,1,1,0,20260815,20260822
3285,1,1,1,1,1,1,1,20260820,20260905
3286,0,0,0,0,0,0,0,20260814,20260915
3287,0,0,0,0,0,0,0,20260814,20260915
3288,0,0,0,0,0,0,0,20260814,20260913
3289,0,1,0,0,0,0,0,20260901,20260901
3290,0,0,1,1,1,0,0,20260902,20260904
3291,1,0,0,0,0,0,0,20260831,20260831
3292,1,1,1,1,1,1,0,20260929,20261109
3293,1,0,1,1,1,1,1,20260808,20260819
3294,0,0,0,0,0,0,0,20260906,20260918
3295,0,0,0,1,1,0,0,20261001,20261002
3296,0,0,0,0,0,0,0,20260907,20260919
3297,0,0,0,0,0,0,0,20260908,20260919
3298,1,1,1,1,1,0,0,20260907,20260911
3299,1,1,1,1,1,0,0,20260812,20261211
3300,0,0,0,0,0,1,1,20260815,20261212
3301,1,0,0,0,0,1,1,20260926,20261004
3302,0,0,0,0,0,0,1,20260928,20261011
3303,0,0,0,0,0,0,0,20260906,20260918
3304,1,1,1,1,1,1,0,20260818,20260824
3305,0,1,1,1,1,1,1,20260818,20260823
3306,1,1,1,1,1,0,0,20260812,20260818
3307,1,1,1,0,1,0,0,20260812,20260818
3308,1,1,0,1,1,0,0,20260812,20260818
3309,1,1,1,1,1,1,1,20260916,20260922
3310,1,1,1,1,1,0,0,20260916,20260922
3311,1,1,1,1,1,0,1,20260916,20260922
3312,0,0,0,0,1,1,0,20260828,20260829
3313,1,1,1,1,1,0,0,20260929,20261012
3314,1,1,1,1,1,0,0,20260916,20260925
3315,0,0,0,0,0,1,0,20261003,20261010
3316,1,1,1,1,1,1,1,20260929,20261012
3317,0,0,1,1,1,1,1,20260929,20261012
3318,0,0,0,0,0,1,1,20261003,20261011
3319,1,1,1,1,1,0,1,20260929,20261012
3320,1,1,1,1,1,1,1,20260916,20260925
3321,0,0,0,0,1,1,1,20260918,20260925
3322,1,0,0,0,0,0,0,20260921,20260921
3323,1,1,0,0,0,0,0,20260824,20260825
3324,0,1,1,1,1,1,0,20260813,20260829
3325,1,1,1,1,1,1,1,20260816,20261211
3326,1,1,1,1,1,0,0,20260813,20260831
3327,1,1,1,1,1,0,0,20260825,20261002
3328,0,0,1,0,0,0,0,20260812,20260812
3329,1,0,0,1,1,1,1,20260924,20260928
3330,1,0,0,0,1,1,1,20260925,20260928
3331,0,0,0,1,0,0,0,20260924,20260924
3332,1,0,0,0,0,0,1,20260913,20260928
3333,1,1,1,0,0,0,1,20260913,20260916
3334,1,1,1,1,1,0,0,20260914,20260918
3335,0,0,0,1,0,0,0,20260917,20260917
3336,1,1,1,1,1,1,1,20260902,20261006
3337,1,1,1,1,1,0,0,20260902,20261006
3338,1,1,1,1,1,1,1,20260901,20261005
3339,1,1,1,1,1,0,0,20260901,20261005
3340,0,0,0,0,1,1,1,20260918,20260920
3341,0,0,0,0,0,1,1,20260905,20261004
3342,1,1,1,0,0,1,0,20260901,20261005
3343,0,0,0,1,1,0,1,20260903,20261004
3344,0,0,1,0,1,0,0,20260902,20260904
3345,0,0,0,1,0,1,0,20260903,20260905
3346,1,1,1,1,1,0,0,20260831,20260929
3347,1,1,1,1,1,1,1,20260831,20260929
3348,0,0,0,0,0,1,1,20260905,20260928
3349,1,1,1,1,1,1,1,20260901,20261006
3350,0,0,0,0,0,1,0,20260919,20261003
3351,1,1,1,1,1,0,0,20260901,20261006
3352,0,1,1,0,0,0,0,20261020,20261021
3353,1,1,1,1,1,1,1,20260915,20261026
3354,0,0,0,0,0,1,0,20260905,20261212
3355,1,1,1,1,1,1,1,20260915,20261026
3356,0,0,0,0,0,1,0,20260905,20261205
3357,1,1,1,0,0,0,0,20261019,20261021
3358,1,1,1,1,1,1,1,20260916,20261027
3359,1,1,0,0,0,0,0,20261019,20261020
3360,1,1,1,1,1,1,1,20260915,20261026
3361,1,1,1,1,1,0,1,20260915,20261026
3362,0,0,0,0,0,1,0,20260919,20261017
3363,1,1,1,1,1,0,0,20260901,20260929
3364,0,1,1,1,1,0,0,20260915,20260918
3365,0,0,0,0,0,0,1,20260920,20261004
3366,0,1,1,0,0,0,0,20261012,20261019
3367,1,1,1,1,1,1,1,20260915,20261003
3368,0,1,1,1,1,0,0,20260915,20261002
3369,1,1,1,1,1,1,1,20260914,20261003
3370,1,1,1,1,1,0,0,20260914,20261002
3371,0,0,0,0,0,1,1,20260919,20261003
3372,1,1,1,1,1,1,1,20260914,20261002
3373,0,1,1,0,0,0,0,20261010,20261019
3374,1,1,1,1,1,1,1,20260915,20261026
3375,1,1,1,1,1,0,0,20260824,20260902
3376,0,0,0,0,0,1,1,20260822,20260830
3377,1,1,1,1,1,0,0,20260824,20260901
3378,1,1,1,1,1,1,1,20260822,20260901
3379,1,1,1,1,1,1,0,20260822,20260901
3380,0,0,0,0,0,1,1,20260905,20260913
3381,1,1,1,1,1,0,0,20260903,20260917
3382,1,1,1,1,1,0,0,20260902,20260917
3383,1,1,1,1,1,1,1,20260902,20260917
3384,1,1,1,1,1,1,1,20260902,20260916
3385,1,1,1,1,1,0,0,20260831,20260918
3386,0,0,0,0,0,0,1,20260906,20260913
3387,1,1,1,1,1,1,0,20260902,20260916
3388,0,1,1,0,0,0,0,20261010,20261019
3389,0,1,1,0,0,0,0,20261011,20261019
3390,0,0,0,1,1,0,0,20260903,20260904
3391,0,0,1,1,0,0,0,20260902,20260903
3392,1,0,0,0,0,0,1,20260823,20260831
3393,0,1,0,0,0,0,0,20260908,20260908
3394,1,1,1,1,1,0,0,20260918,20260924
3395,1,0,1,1,1,0,0,20260819,20260824
3396,1,1,1,1,1,0,0,20260819,20261211
3397,1,1,1,1,1,0,0,20260916,20261015
3398,1,1,1,1,1,1,1,20260916,20261015
3399,1,1,1,1,1,0,0,20260831,20261016
3400,0,0,0,0,0,1,1,20260905,20261018
3401,1,1,0,0,0,0,0,20260921,20260922
3402,0,1,1,1,1,0,0,20260916,20261015
3403,1,1,1,1,0,0,0,20260831,20261016
3404,1,1,1,1,1,1,1,20260831,20261018
3405,0,1,1,1,1,1,0,20260901,20261017
3406,1,1,1,1,1,1,1,20260831,20261018
3407,1,1,1,1,1,0,0,20260907,20261016
3408,0,0,0,0,0,1,1,20260919,20261011
3409,0,0,0,0,0,1,1,20260919,20260928
3410,0,0,0,0,0,1,1,20260912,20261011
3411,0,0,0,0,0,1,1,20261010,20261018
3412,1,1,1,1,1,0,0,20260916,20261015
3413,0,0,0,0,0,0,0,20260831,20260929
3414,1,0,1,1,1,1,1,20260916,20260921
3415,0,0,0,1,1,1,0,20260917,20260919
3416,1,1,0,0,0,0,1,20260920,20260922
3417,1,1,1,1,1,0,0,20260820,20260831
3418,0,0,0,0,0,1,0,20260905,20260912
3419,1,1,1,1,1,0,0,20260901,20260911
3420,0,0,0,0,1,0,0,20260925,20260925
3421,0,0,0,0,0,1,0,20260926,20260926
3422,1,0,0,0,0,0,0,20260928,20260928
3423,1,1,1,1,1,1,0,20260901,20260911
3424,0,0,1,0,0,0,0,20260819,20260819
3425,0,0,0,0,0,1,1,20260905,20260906
3426,0,0,0,1,0,0,0,20260820,20260820
3427,1,1,1,1,1,0,0,20260907,20260917
3428,1,1,1,1,0,0,0,20260921,20260924
3429,1,0,0,0,1,0,1,20260901,20261212
3430,0,0,0,0,0,1,1,20260912,20260928
3431,0,0,0,0,1,0,1,20260901,20261211
3432,0,0,0,0,0,1,1,20261003,20261004
3433,0,0,0,0,1,0,1,20260901,20261212
3434,0,0,0,0,0,1,1,20260912,20261004
3435,1,1,1,1,1,1,1,20260907,20261016
3436,1,1,1,0,0,1,1,20260822,20260826
3437,0,0,0,0,1,1,1,20260911,20261016
3438,1,1,1,1,1,1,1,20260907,20261015
3439,0,0,0,0,0,1,0,20260905,20260927
3440,1,0,0,0,0,1,1,20260919,20260921
3441,1,1,0,0,0,1,1,20260919,20260922
3442,0,0,0,1,1,0,0,20260917,20260918
3443,0,0,0,0,1,1,0,20260918,20260919
3444,1,1,1,1,0,0,0,20260914,20260917
3445,0,0,0,0,0,0,0,20261012,20261019
3446,0,0,0,0,0,0,0,20261010,20261019
3447,1,1,1,1,1,1,0,20260831,20260929
3448,1,1,1,1,1,1,1,20261003,20261127
3449,0,0,0,0,1,1,0,20260904,20260927
3450,1,1,1,1,0,0,0,20260831,20260929
3451,1,0,0,0,1,0,0,20260911,20260914
3452,0,0,0,0,0,1,1,20260905,20261011
3453,0,0,0,0,0,1,1,20261024,20261129
3454,1,1,1,1,1,0,0,20261020,20261130
3455,0,1,1,1,1,0,0,20260922,20260925
3456,0,0,0,0,1,1,1,20260911,20261016
3457,0,1,0,0,0,0,0,20260929,20260929
3458,1,1,1,1,1,1,1,20260907,20260913
3459,1,1,1,1,1,1,1,20260906,20260913
3460,0,0,0,0,0,1,1,20260906,20260913
3461,1,1,1,1,1,1,1,20260906,20260912
3462,1,1,1,1,0,0,0,20261012,20261022
3463,1,1,1,1,1,1,0,20260907,20260912
3464,1,1,1,1,1,0,0,20260828,20260915
3465,0,0,0,0,0,1,1,20260906,20260912
3466,1,1,1,1,0,0,1,20260906,20260910
3467,1,1,0,1,0,0,0,20260828,20260915
3468,0,0,0,0,1,0,0,20260904,20260911
3469,1,1,1,1,1,1,0,20260828,20261017
3470,1,1,1,1,1,1,1,20260828,20261017
3471,1,1,1,1,1,1,0,20260828,20261017
3472,0,0,0,0,0,0,1,20260830,20261011
3473,1,1,1,1,0,0,0,20260831,20260915
3474,1,1,1,1,1,1,1,20260828,20261017
3475,0,0,0,0,1,0,0,20260828,20260911
3476,0,0,0,0,0,1,0,20260829,20260912
3477,1,1,1,1,1,1,1,20260828,20261017
3478,0,0,0,1,1,0,1,20260828,20261016
3479,1,1,1,1,1,1,1,20260828,20261017
3480,1,1,1,1,1,0,0,20260828,20260915
3481,1,1,1,1,1,0,0,20260828,20260915
3482,0,0,0,0,0,0,1,20260830,20261011
3483,0,0,0,0,0,1,0,20260828,20261017
3484,0,0,0,0,0,1,1,20260828,20261017
3485,1,1,1,1,1,0,0,20260828,20261016
3486,0,0,0,0,1,1,1,20260828,20260930
3487,0,0,0,0,1,1,1,20260828,20261017
3488,0,0,0,0,0,1,1,20260829,20261017
3489,0,0,0,0,1,1,1,20260828,20261017
3490,0,0,0,0,0,1,0,20260829,20261017
3491,0,0,0,0,0,0,1,20260830,20261011
3492,0,0,0,0,0,0,1,20260830,20261011
3493,1,1,1,1,1,0,0,20260827,20261016
3494,1,1,1,1,1,1,1,20260827,20261017
3495,1,1,1,1,0,1,0,20260829,20261017
3496,1,1,1,1,1,0,0,20260827,20260930
3497,1,0,0,1,1,0,0,20260827,20260831
3498,1,1,1,1,1,1,1,20260827,20260930
3499,1,1,1,1,1,1,1,20260827,20261017
3500,0,0,0,1,1,0,1,20260828,20260913
3501,0,0,0,0,1,0,0,20260828,20261016
3502,1,1,1,0,0,1,0,20260829,20261017
3503,1,1,1,1,1,0,1,20260828,20260915
3504,0,0,0,0,0,0,1,20260830,20261011
3505,1,1,1,1,1,1,1,20260828,20261017
3506,0,0,0,0,0,1,1,20260829,20261017
3507,0,0,0,0,0,1,1,20260827,20261017
3508,1,1,1,1,1,0,0,20260828,20261016
3509,0,0,0,0,0,0,0,20260828,20261016
3510,0,0,0,0,0,1,0,20260829,20261017
3511,0,0,0,0,1,1,1,20260828,20261017
3512,0,0,0,0,1,1,0,20260904,20260905
3513,1,1,1,1,1,1,0,20260929,20261104
3514,1,1,1,1,1,0,0,20260929,20261103
3515,0,0,1,1,0,0,0,20260909,20260910
3516,1,1,0,1,0,0,0,20260907,20260910
3517,1,1,1,1,0,0,0,20260929,20261103
3518,0,0,0,0,1,1,0,20261002,20261031
3519,0,0,0,0,0,0,1,20261004,20261101
3520,1,0,0,1,0,0,0,20260907,20260910
3521,0,0,0,0,0,1,1,20261003,20261101
3522,1,0,1,0,0,0,0,20260907,20260909
3523,0,0,1,0,0,0,0,20261028,20261028
3524,0,0,0,0,1,0,0,20261002,20261030
3525,0,0,1,0,0,0,0,20261104,20261104
3526,0,1,1,1,1,0,0,20261013,20261016
3527,1,0,1,1,0,0,0,20260907,20260910
3528,1,1,1,1,1,0,0,20261006,20261020
3529,1,1,1,1,1,1,1,20261005,20261020
3530,1,1,1,1,1,0,0,20261005,20261020
3531,1,1,1,1,1,1,1,20261005,20261019
3532,1,1,1,1,1,0,0,20261005,20261019
3533,1,1,1,1,1,1,1,20260929,20261104
3534,1,1,1,1,1,0,0,20260929,20261104
3535,1,1,1,1,1,0,0,20260929,20261103
3536,1,1,1,1,1,1,1,20260930,20261104
3537,1,1,1,1,1,0,0,20260930,20261104
3538,1,1,1,1,1,1,0,20260930,20261104
3539,1,1,1,1,1,0,0,20260930,20261104
3540,0,0,0,0,0,1,0,20261003,20261031
3541,0,0,0,0,0,0,1,20261004,20261101
3542,0,0,0,0,0,0,1,20260927,20260927
3543,0,0,0,1,1,0,0,20261126,20261127
3544,1,1,1,1,1,0,0,20260907,20261001
3545,1,1,1,1,1,1,1,20260905,20261001
3546,1,1,1,1,1,1,1,20260905,20261001
3547,1,1,1,1,1,1,1,20260905,20261001
3548,0,0,0,0,0,0,0,20260905,20261001
3549,1,1,1,1,1,0,0,20260907,20261001
3550,0,0,0,0,0,1,1,20260905,20260928
3551,0,1,1,1,1,1,1,20260905,20261001
3552,0,0,1,1,0,0,0,20260903,20260910
3553,0,0,0,0,0,0,0,20260923,20261015
3554,1,0,0,0,1,0,1,20260903,20261212
3555,1,1,1,1,1,1,1,20260901,20261017
3556,1,1,1,1,0,1,1,20260901,20261017
3557,0,0,0,0,1,0,0,20260904,20261016
3558,1,0,0,0,0,0,1,20260906,20260907
3559,0,0,0,0,0,0,0,20260906,20260927
3560,0,0,0,0,0,1,1,20260926,20261011
3561,0,0,0,0,0,0,0,20260926,20261011
3562,0,0,0,0,0,1,0,20260926,20261010
3563,0,0,0,0,0,0,1,20260927,20261011
3564,0,0,0,1,0,0,0,20260903,20260910
3565,0,0,0,0,0,1,0,20260926,20261010
3566,1,1,1,1,1,0,0,20260902,20261019
3567,1,1,1,1,1,1,1,20261001,20261212
3568,1,1,0,1,1,1,0,20260917,20260922
3569,1,1,1,1,0,1,1,20260916,20260922
3570,1,1,1,1,0,1,0,20260916,20260922
3571,0,0,0,0,0,0,1,20260920,20261011
3572,1,1,1,1,1,1,0,20260915,20261014
3573,1,1,1,1,1,1,0,20260915,20261014
3574,0,0,0,0,0,1,0,20260919,20261010
3575,1,1,1,1,1,0,0,20260915,20261014
3576,1,1,1,1,1,1,1,20261001,20261212
3577,0,0,1,0,0,0,0,20261007,20261026
3578,0,0,0,0,0,0,0,20260906,20260917
3579,0,1,1,1,0,0,0,20260915,20260917
3580,0,0,1,1,0,0,0,20260916,20260917
3581,1,1,0,1,1,0,0,20260917,20260922
3582,1,0,1,1,1,0,1,20260916,20260921
3583,0,0,1,0,0,0,0,20261021,20261021
3584,0,0,0,1,1,1,1,20261001,20261004
3585,0,1,0,0,0,0,0,20260922,20260922
3586,0,0,0,0,1,1,0,20260925,20261010
3587,1,1,1,0,0,0,0,20260914,20260916
3588,1,1,1,1,1,0,0,20260903,20260929
3589,0,0,0,0,0,1,0,20260926,20261010
3590,0,0,1,1,0,0,0,20260923,20260924
3591,1,1,0,0,0,0,0,20260928,20260929
3592,1,1,1,1,1,1,0,20261003,20261127
3593,0,0,0,0,0,1,1,20261003,20261122
3594,1,1,0,0,0,0,0,20260914,20260915
3595,0,0,1,1,1,0,0,20260923,20260925
3596,1,1,1,1,1,0,0,20261005,20261127
3597,1,1,1,1,1,0,0,20261005,20261127
3598,0,0,0,0,0,1,1,20261017,20261101
3599,0,0,0,0,0,1,1,20261107,20261122
3600,0,0,0,0,0,0,1,20261004,20261122
3601,0,0,0,0,0,1,0,20261003,20261121
3602,0,0,0,1,0,0,0,20261015,20261015
3603,0,1,1,1,0,0,0,20260922,20260924
3604,0,1,0,0,0,0,0,20261020,20261020
3605,0,0,0,0,0,1,1,20261107,20261108
3606,0,0,0,0,0,0,1,20261108,20261108
3607,0,1,1,0,0,0,0,20261013,20261014
3608,0,0,0,1,0,0,0,20261008,20261008
3609,0,1,1,0,0,0,0,20261006,20261013
3610,0,0,1,0,0,0,0,20261007,20261007
3611,1,1,1,1,1,0,0,20260907,20261016
3612,1,1,1,1,1,1,1,20260907,20261017
3613,0,0,0,0,0,0,0,20260907,20261016
3614,0,0,0,1,1,0,1,20261001,20261004
3615,0,0,0,1,0,1,1,20261001,20261004
3616,0,0,0,0,1,0,0,20261002,20261002
3617,0,0,0,0,1,1,0,20261002,20261003
3618,0,0,0,1,0,0,0,20261001,20261001
3619,0,0,0,1,1,0,0,20260910,20260911
3620,0,0,0,0,0,1,1,20260926,20260927
3621,0,1,1,1,1,0,0,20260921,20261002
3622,1,1,1,1,1,1,1,20260921,20261001
3623,0,1,1,1,1,0,0,20260922,20261002
3624,1,1,1,1,1,1,1,20260922,20261002
3625,1,1,1,1,1,1,1,20260921,20261002
3626,0,1,1,1,1,0,0,20260921,20261001
3627,0,1,1,0,1,1,0,20260922,20261002
3628,1,1,1,0,1,1,1,20260921,20261002
3629,1,0,0,0,1,1,1,20260921,20261001
3630,0,1,1,1,1,1,0,20260922,20261002
3631,0,1,1,0,0,0,0,20260915,20260916
3632,1,1,1,0,1,1,1,20260921,20261001
3633,1,0,0,0,0,0,1,20260926,20260928
3634,1,1,1,1,1,0,0,20261014,20261022
3635,0,0,1,0,0,0,0,20261014,20261014
3636,1,1,1,1,1,0,0,20261015,20261022
3637,1,1,1,1,1,0,0,20261014,20261023
3638,0,1,1,1,0,0,0,20261013,20261015
3639,1,1,1,1,1,0,0,20261015,20261023
3640,1,1,1,1,1,0,0,20261001,20261030
3641,0,0,0,0,0,1,0,20261003,20261028
3642,0,0,0,0,0,1,1,20261003,20261028
3643,1,1,1,1,1,1,1,20261001,20261030
3644,1,1,1,1,1,1,0,20260916,20261017
3645,1,1,1,1,1,1,1,20260916,20261017
3646,0,0,0,1,1,0,1,20260917,20261016
3647,0,0,0,0,0,0,0,20261024,20261101
3648,0,0,0,0,0,1,0,20261024,20261024
3649,1,1,1,1,0,0,0,20261012,20261015
3650,0,0,0,0,0,0,0,20260914,20260922
3651,0,1,1,1,1,0,0,20261006,20261009
3652,1,1,1,0,0,0,0,20260921,20260923
3653,1,1,0,0,0,0,0,20261012,20261013
3654,0,1,0,0,0,0,0,20261027,20261027
3655,0,1,0,0,0,1,1,20260912,20260915
3656,1,1,0,1,1,0,0,20261019,20261030
3657,1,1,1,1,1,0,0,20261019,20261030
3658,1,1,1,1,1,0,0,20261001,20261013
3659,0,1,1,0,0,0,0,20260929,20260930
3660,0,0,1,1,1,0,0,20261001,20261009
3661,1,1,1,1,1,0,0,20261001,20261009
3662,1,1,1,1,1,1,1,20261001,20261009
3663,1,1,1,1,1,0,0,20260929,20261009
3664,1,1,1,1,0,0,0,20260929,20261008
3665,0,0,0,0,1,1,0,20261002,20261009
3666,1,1,1,1,1,0,0,20260930,20261009
3667,0,1,0,0,0,0,0,20261013,20261013
3668,0,0,1,1,1,1,1,20261001,20261009
3669,0,0,1,1,0,1,0,20261001,20261008
3670,1,0,0,0,0,1,0,20261010,20261012
3671,0,0,0,0,1,0,0,20261002,20261009
3672,1,1,1,1,1,1,1,20260929,20261009
3673,1,1,1,1,1,1,1,20261001,20261012
3674,1,1,1,1,1,1,1,20260929,20261011
3675,1,1,1,1,1,0,0,20260930,20261012
3676,0,0,0,0,1,1,1,20260925,20260927
3677,0,0,0,1,1,0,0,20260924,20260925
3678,0,0,0,0,0,1,0,20261003,20261031
3679,1,1,1,1,1,0,0,20261012,20261103
3680,0,0,1,0,0,0,0,20260930,20260930
3681,1,0,1,1,0,1,0,20260916,20260921
3682,0,0,0,0,0,0,0,20261001,20261212
3683,0,0,0,0,1,0,1,20261002,20261211
3684,1,1,1,1,0,0,0,20261001,20261210
3685,0,0,0,0,0,1,0,20261003,20261212
3686,0,0,0,0,1,0,1,20261002,20261211
3687,0,0,0,0,0,1,0,20261003,20261212
3688,0,0,0,1,1,0,1,20261001,20261211
3689,1,1,1,0,0,1,0,20261003,20261212
3690,1,1,1,1,1,1,0,20261001,20261212
3691,0,0,0,0,0,1,1,20261107,20261114
3692,1,1,1,1,1,0,0,20261001,20261211
3693,0,0,0,0,0,1,1,20261003,20261212
3694,1,1,1,1,1,1,1,20260912,20261001
3695,1,1,1,1,1,1,1,20260930,20261103
3696,0,0,0,0,0,1,1,20261031,20261114
3697,0,0,0,0,0,0,0,20260917,20261106
3698,1,1,1,1,1,0,0,20260922,20261016
3699,1,1,1,1,1,1,1,20260921,20261016
3700,1,1,1,1,1,0,0,20260924,20261016
3701,1,1,1,1,1,1,1,20260924,20261016
3702,1,1,1,1,1,1,1,20260924,20261015
3703,1,1,1,1,1,0,0,20260924,20261015
3704,1,1,1,1,1,1,1,20260921,20261015
3705,1,1,1,1,1,0,0,20260921,20261015
3706,0,0,0,1,1,0,0,20261008,20261009
3707,1,1,1,1,1,1,1,20260930,20261104
3708,0,0,0,0,0,0,0,20260923,20261016
3709,0,0,0,0,0,0,0,20260923,20261016
3710,1,1,1,1,1,1,1,20260930,20261103
3711,1,1,1,1,1,0,0,20261012,20261030
3712,1,1,1,1,1,1,1,20261012,20261030
3713,0,0,0,0,0,1,1,20261017,20261028
3714,1,1,1,1,1,0,0,20261012,20261029
3715,1,1,1,1,1,0,0,20260929,20261106
3716,0,0,0,0,0,1,1,20261003,20261107
3717,1,1,1,1,1,1,1,20260929,20261106
3718,0,0,0,0,0,1,0,20261107,20261107
3719,1,1,1,1,1,0,0,20261002,20261020
3720,0,0,0,0,0,1,1,20261003,20261018
3721,1,1,1,1,1,1,1,20260929,20261107
3722,1,1,1,1,1,1,1,20261002,20261020
3723,1,1,1,1,1,0,0,20261001,20261020
3724,1,1,1,1,1,0,1,20260929,20261106
3725,0,0,0,0,0,1,0,20261003,20261107
3726,1,1,1,1,1,0,0,20261002,20261009
3727,1,1,1,1,1,1,1,20261002,20261011
3728,1,1,1,1,1,1,1,20261001,20261011
3729,0,0,0,0,1,0,0,20261002,20261016
3730,1,1,1,1,1,1,0,20261002,20261010
3731,0,0,0,0,0,0,1,20261004,20261011
3732,1,1,1,1,1,1,1,20260930,20261104
3733,1,1,1,1,1,0,0,20261001,20261029
3734,0,0,0,0,0,0,1,20261018,20261025
3735,1,1,1,1,1,0,1,20261002,20261020
3736,0,0,0,0,0,1,0,20261003,20261017
3737,1,1,1,1,1,1,1,20261001,20261020
3738,1,1,1,1,1,0,0,20261012,20261102
3739,1,1,1,1,1,1,1,20260922,20261016
3740,1,0,0,0,0,0,0,20261005,20261207
3741,0,1,1,1,1,1,1,20261001,20261212
3742,1,1,1,1,1,0,0,20260921,20261130
3743,0,0,0,0,0,1,1,20260919,20261129
3744,1,1,1,1,1,1,1,20260919,20261130
3745,1,1,1,1,1,0,0,20260921,20261016
3746,1,1,1,1,1,1,0,20260921,20261016
3747,0,0,0,0,0,1,1,20261031,20261101
3748,0,0,0,0,0,1,0,20261031,20261031
3749,1,1,1,1,1,1,0,20261001,20261020
3750,0,0,0,0,0,0,1,20261101,20261101
3751,0,0,0,0,0,0,1,20261004,20261018
3752,1,1,1,1,1,0,0,20260921,20261127
3753,1,1,1,1,1,1,1,20260919,20261129
3754,1,1,1,1,1,0,0,20260929,20261103
3755,0,0,0,0,0,1,0,20260919,20261128
3756,1,1,0,1,1,0,0,20261021,20261103
3757,1,1,1,1,1,0,1,20260920,20261129
3758,0,0,0,0,0,0,1,20260920,20261129
3759,1,1,1,1,1,0,1,20261021,20261103
3760,0,0,1,0,0,0,0,20261007,20261027
3761,1,1,1,1,1,0,0,20260921,20261211
3762,1,1,0,1,1,0,0,20261022,20261104
3763,1,1,1,1,1,1,1,20260919,20261212
3764,1,1,1,1,1,1,0,20260929,20261103
3765,0,0,0,0,0,0,1,20260927,20261011
3766,1,1,1,1,1,0,0,20261201,20261211
3767,0,0,0,0,0,1,1,20261205,20261212
3768,1,1,1,1,1,1,1,20261201,20261212
3769,1,1,1,1,1,1,0,20260921,20261015
3770,1,1,1,1,1,0,0,20261130,20261211
3771,1,1,1,1,0,0,1,20260921,20261015
3772,1,1,1,1,1,1,1,20261130,20261212
3773,1,1,1,1,1,0,0,20260929,20261007
3774,1,0,0,1,1,0,0,20260917,20260921
3775,0,0,0,0,1,0,1,20261002,20261101
3776,1,0,0,0,1,0,0,20260918,20260921
3777,0,0,0,0,0,1,0,20261010,20261017
3778,0,1,1,1,1,0,0,20260930,20261104
3779,1,0,0,0,0,0,0,20261005,20261102
3780,1,1,1,1,1,0,1,20260930,20261104
3781,1,1,1,1,0,1,1,20260930,20261103
3782,0,0,0,0,0,1,1,20260919,20261212
3783,0,0,0,0,0,0,0,20260922,20261005
3784,1,1,1,1,1,1,1,20261001,20261013
3785,0,1,1,1,1,0,0,20260929,20261002
3786,0,0,1,1,0,0,0,20260930,20261001
3787,1,1,1,1,1,0,0,20261001,20261007
3788,1,1,0,0,0,0,1,20260927,20260929
3789,1,1,1,1,1,0,0,20261001,20261120
3790,1,1,1,1,1,0,1,20261004,20261009
3791,1,1,1,1,1,0,1,20261004,20261122
3792,1,1,1,1,1,1,1,20261003,20261122
3793,0,0,0,0,0,0,1,20261004,20261122
3794,0,0,0,0,1,1,1,20261003,20261009
3795,1,1,1,1,0,0,0,20261005,20261008
3796,1,1,1,1,1,1,1,20261003,20261009
3797,0,0,0,0,1,0,1,20260925,20260927
3798,0,0,1,1,1,1,0,20260930,20261003
3799,0,1,1,1,0,0,0,20260929,20261001
3800,0,0,0,0,1,0,0,20261016,20261016
3801,0,0,0,0,1,1,1,20261016,20261018
3802,1,1,1,1,0,0,0,20260930,20261104
3803,1,1,0,0,0,1,1,20260926,20260929
3804,0,0,0,0,0,1,1,20260926,20261011
3805,0,0,0,0,0,0,1,20261025,20261025
3806,0,1,1,0,0,0,0,20261006,20261009
3807,0,0,0,0,0,0,0,20260926,20261107
3808,1,1,1,1,1,0,0,20261112,20261211
3809,1,1,1,1,1,1,0,20261113,20261212
3810,1,1,1,1,1,0,0,20261005,20261016
3811,1,1,1,1,1,1,1,20261005,20261016
3812,1,1,1,1,1,0,1,20261005,20261016
3813,0,0,0,1,1,1,0,20261001,20261003
3814,0,1,1,1,1,1,1,20260930,20261006
3815,0,1,1,0,0,0,0,20261104,20261110
3816,0,1,1,1,1,0,0,20260930,20261006
3817,1,1,1,1,1,0,0,20260925,20261016
3818,0,0,1,1,1,1,0,20261007,20261010
3819,0,0,0,0,1,1,1,20261003,20261127
3820,1,1,1,1,0,0,0,20261005,20261126
3821,0,0,0,0,0,1,1,20261003,20261122
3822,0,0,0,0,1,0,0,20261009,20261127
3823,1,1,1,1,1,0,0,20261005,20261126
3824,0,0,0,0,1,0,0,20261009,20261120
3825,0,0,0,0,0,1,0,20261003,20261121
3826,0,0,0,1,1,0,0,20261029,20261030
3827,0,0,0,0,0,1,1,20261003,20261122
3828,0,0,0,0,1,0,0,20261009,20261120
3829,1,1,0,0,1,1,1,20261003,20261124
3830,0,0,1,1,0,0,0,20261007,20261126
3831,1,1,1,1,1,1,0,20261005,20261127
3832,0,0,0,0,1,1,1,20261003,20261122
3833,0,1,1,1,0,0,0,20261006,20261127
3834,1,0,0,0,0,0,0,20261005,20261123
3835,0,0,0,0,0,0,1,20261004,20261122
3836,0,0,0,0,0,0,1,20261004,20261122
3837,0,0,0,0,0,1,0,20261003,20261121
3838,1,1,1,1,0,0,0,20261005,20261126
3839,1,1,1,1,1,1,1,20261003,20261127
3840,1,1,1,1,1,1,1,20261003,20261126
3841,1,1,1,1,1,1,1,20261003,20261126
3842,1,1,1,1,1,1,1,20261003,20261126
3843,0,0,1,0,0,0,0,20260923,20260923
3844,0,0,0,0,0,0,0,20261007,20261015
3845,0,0,1,1,0,0,0,20261202,20261203
3846,1,1,1,1,1,1,0,20261005,20261016
3847,1,1,1,1,1,0,0,20261005,20261211
3848,0,0,0,0,0,1,1,20261004,20261212
3849,0,0,1,1,1,0,0,20261014,20261016
3850,1,1,1,1,1,1,1,20261004,20261212
3851,0,0,0,0,0,0,1,20261004,20261206
3852,1,1,1,1,1,1,0,20261005,20261212
3853,0,0,0,0,1,0,0,20261009,20261211
3854,1,1,1,1,0,1,0,20261005,20261212
3855,1,1,1,1,1,0,0,20261014,20261106
3856,0,0,0,0,0,1,1,20261017,20261107
3857,1,1,1,1,1,1,1,20261004,20261212
3858,1,1,1,1,1,0,0,20261013,20261106
3859,0,1,1,1,0,0,0,20261020,20261022
3860,1,1,1,1,0,0,0,20261019,20261022
3861,1,0,0,0,0,1,1,20261024,20261026
3862,1,0,0,0,0,0,0,20261026,20261026
3863,0,0,0,0,0,1,1,20261024,20261025
3864,1,0,0,0,1,0,0,20261023,20261026
3865,0,0,0,0,1,1,1,20261023,20261025
3866,1,0,0,0,1,1,1,20261023,20261026
3867,0,0,1,1,0,0,0,20261014,20261015
3868,1,1,1,1,0,1,0,20261005,20261212
3869,0,0,0,0,1,0,0,20261009,20261211
3870,1,1,1,1,1,1,1,20261004,20261212
3871,0,0,0,0,1,0,0,20261023,20261023
3872,1,1,1,1,1,1,1,20261013,20261107
3873,1,1,1,1,1,1,1,20261013,20261106
3874,0,0,0,0,1,1,1,20261002,20261018
3875,1,1,1,1,0,0,0,20261001,20261020
3876,0,0,0,0,1,1,1,20261002,20261018
3877,1,1,1,1,0,1,1,20261001,20261020
3878,1,0,0,0,0,0,0,20261005,20261005
3879,0,1,0,0,0,0,0,20261006,20261006
3880,1,1,1,1,1,0,0,20261013,20261023
3881,1,1,1,1,1,0,1,20261004,20261122
3882,0,1,0,0,1,1,1,20261002,20261006
3883,1,1,1,1,1,0,0,20261005,20261023
3884,0,0,0,0,0,1,1,20261010,20261024
3885,1,1,1,1,1,1,1,20261005,20261024
3886,0,0,0,0,0,0,1,20261011,20261018
3887,1,1,1,1,1,1,1,20261005,20261023
3888,1,1,1,1,1,1,0,20261005,20261023
3889,1,1,1,1,0,0,0,20261005,20261022
3890,0,1,1,1,1,1,0,20261006,20261023
3891,1,0,0,0,0,0,1,20261005,20261019
3892,0,0,0,0,1,0,0,20261009,20261023
3893,0,0,0,0,0,1,0,20261010,20261024
3894,1,1,1,1,1,1,1,20261013,20261023
3895,0,1,1,1,1,0,0,20261001,20261020
3896,1,0,0,0,0,0,0,20261005,20261019
3897,0,0,0,0,1,0,0,20261002,20261211
3898,0,0,0,0,0,0,0,20261007,20261026
3899,0,0,0,0,0,0,0,20261008,20261027
3900,0,0,0,0,1,0,0,20261009,20261009
3901,1,1,1,1,1,0,0,20261008,20261120
3902,0,1,0,0,0,0,0,20261103,20261103
3903,1,1,1,1,1,1,1,20261014,20261107
3904,1,1,1,1,1,1,1,20261010,20261019
3905,1,1,1,1,1,1,1,20261020,20261130
3906,1,1,1,1,1,1,1,20261013,20261107
3907,1,1,1,1,0,0,0,20261020,20261026
3908,1,1,1,1,1,0,0,20261013,20261106
3909,1,1,1,1,1,0,0,20261013,20261106
3910,0,0,0,0,0,1,1,20261017,20261107
3911,1,1,1,1,1,1,1,20261013,20261106
3912,1,1,1,1,1,1,1,20261013,20261107
3913,1,1,0,0,0,0,0,20261005,20261006
3914,0,0,0,0,0,1,1,20261024,20261212
3915,1,1,1,1,1,0,0,20261118,20261211
3916,1,1,1,1,1,1,1,20261117,20261212
3917,1,1,1,1,1,0,0,20261020,20261211
3918,0,0,0,0,0,1,1,20261117,20261212
3919,1,1,1,1,1,0,0,20261020,20261211
3920,0,0,0,0,0,1,1,20261025,20261212
3921,1,1,1,1,1,1,1,20261020,20261212
3922,0,0,1,0,0,1,0,20261024,20261031
3923,0,0,1,0,0,1,1,20261024,20261101
3924,1,1,1,1,1,0,0,20261020,20261211
3925,0,0,0,0,0,0,1,20261025,20261101
3926,1,1,1,1,1,1,1,20261020,20261212
3927,1,1,1,1,1,1,1,20261019,20261212
3928,1,1,1,1,1,1,1,20261020,20261212
3929,1,1,1,1,1,0,0,20261015,20261116
3930,1,1,1,1,1,0,0,20261020,20261116
3931,0,0,0,0,0,1,1,20261024,20261115
3932,1,1,1,1,1,0,0,20261020,20261116
3933,0,0,0,0,0,1,1,20261025,20261115
3934,1,1,1,1,1,0,1,20261020,20261116
3935,1,1,1,1,1,0,0,20261020,20261116
3936,1,1,1,1,1,0,0,20261020,20261116
3937,1,1,1,1,1,0,0,20261020,20261116
3938,1,0,0,1,1,0,0,20261015,20261019
3939,1,0,0,1,1,1,1,20261015,20261019
3940,1,0,0,1,1,1,0,20261015,20261019
3941,1,0,0,1,1,0,1,20261015,20261019
3942,1,1,1,1,1,0,0,20261015,20261211
3943,0,0,0,0,0,1,1,20261017,20261024
3944,1,1,1,1,1,0,1,20261015,20261026
3945,0,0,0,0,0,1,1,20261107,20261115
3946,1,1,1,1,1,1,1,20261003,20261015
3947,1,1,1,1,1,1,0,20261012,20261030
3948,0,0,0,0,0,1,1,20261028,20261117
3949,0,0,0,0,0,1,0,20261028,20261117
3950,0,0,0,0,0,0,1,20261101,20261115
3951,0,0,0,0,0,1,0,20261031,20261114
3952,0,0,0,0,0,0,1,20261028,20261117
3953,0,0,0,0,0,0,0,20261029,20261116
3954,0,0,0,0,0,0,0,20261029,20261116
3955,0,0,0,0,1,0,0,20261030,20261030
3956,0,0,0,0,1,0,0,20261204,20261204
3957,1,1,1,1,1,0,0,20261020,20261211
3958,0,0,0,0,0,0,0,20261020,20261116
3959,1,1,1,1,1,1,1,20261027,20261212
3960,1,1,1,1,1,1,0,20261006,20261212
3961,1,1,1,1,1,0,0,20261027,20261211
3962,1,0,0,0,1,0,0,20261027,20261116
3963,0,0,0,0,0,1,1,20261024,20261212
3964,1,1,1,1,1,1,1,20261020,20261212
3965,0,0,0,0,0,1,1,20261024,20261212
3966,0,1,1,1,1,1,1,20261024,20261212
3967,1,1,1,1,1,1,1,20261020,20261212
3968,1,1,1,1,1,0,0,20261020,20261211
3969,1,0,0,0,0,0,0,20261027,20261106
3970,0,0,0,0,0,1,1,20261115,20261212
3971,1,1,1,1,1,1,1,20261020,20261212
3972,1,1,1,1,1,1,1,20261015,20261212
3973,1,1,1,1,1,1,1,20261020,20261212
3974,0,0,0,0,0,0,1,20261025,20261206
3975,1,1,1,1,1,1,0,20261020,20261212
3976,1,1,1,1,1,1,1,20261020,20261212
3977,0,0,0,0,0,1,0,20261107,20261212
3978,1,1,1,1,1,1,1,20261020,20261212
3979,0,1,1,1,1,0,0,20261013,20261103
3980,1,1,1,1,1,1,0,20261027,20261212
3981,1,1,1,1,1,1,1,20261117,20261212
3982,1,1,1,1,1,0,0,20261027,20261211
3983,1,1,1,1,1,1,1,20261117,20261211
3984,0,0,0,0,0,1,1,20261024,20261212
3985,0,0,0,0,0,1,1,20261025,20261212
3986,0,0,0,0,0,1,1,20261121,20261212
3987,0,0,0,0,0,1,1,20261024,20261212
3988,0,0,1,1,1,0,0,20261007,20261009
3989,0,0,0,0,0,1,0,20261121,20261212
3990,1,1,1,1,1,0,0,20261020,20261211
3991,1,1,1,1,1,0,0,20261020,20261211
3992,1,1,1,1,1,0,1,20261020,20261113
3993,1,1,1,1,1,1,1,20261020,20261116
3994,1,1,1,1,1,0,0,20261020,20261211
3995,0,0,0,0,0,0,1,20261025,20261108
3996,0,0,0,0,0,1,1,20261025,20261212
3997,0,0,0,0,0,1,1,20261107,20261212
3998,0,0,0,0,0,1,1,20261025,20261212
3999,1,1,1,1,1,0,0,20261020,20261113
4000,0,0,0,0,0,1,0,20261024,20261212
4001,0,0,0,0,0,1,1,20261031,20261115
4002,1,1,1,1,1,1,0,20261027,20261212
4003,0,1,1,1,1,1,0,20261028,20261212
4004,1,1,1,1,1,0,0,20261027,20261211
4005,0,0,1,0,0,0,0,20261111,20261111
4006,1,1,1,1,1,0,1,20261020,20261113
4007,0,0,0,0,0,1,1,20261025,20261115
4008,0,0,0,0,0,1,0,20261024,20261108
4009,1,1,1,1,1,0,1,20261020,20261113
4010,0,0,0,0,0,1,1,20261107,20261212
4011,1,1,1,1,1,1,1,20261020,20261212
4012,1,1,1,1,1,0,0,20261020,20261211
4013,1,1,1,1,1,0,0,20261020,20261113
4014,1,1,1,1,1,1,1,20261020,20261212
4015,1,1,1,1,1,1,1,20261020,20261116
4016,0,0,0,0,0,1,1,20261024,20261115
4017,0,0,0,0,0,1,1,20261028,20261212
4018,1,1,1,1,1,0,0,20261027,20261211
4019,0,0,0,0,0,1,0,20261024,20261107
4020,0,0,0,0,0,0,1,20261025,20261108
4021,0,0,0,0,0,0,1,20261025,20261108
4022,1,1,1,1,1,0,0,20261020,20261113
4023,0,0,0,0,0,1,1,20261025,20261212
4024,0,0,0,0,0,1,1,20261017,20261212
4025,1,1,1,1,1,1,1,20261015,20261212
4026,1,1,1,1,1,1,0,20261015,20261212
4027,1,1,1,1,1,0,0,20261015,20261211
4028,1,1,1,1,1,0,0,20261023,20261211
4029,1,0,1,1,1,0,0,20261023,20261211
4030,1,0,1,1,1,0,0,20261015,20261211
4031,1,0,1,1,1,0,0,20261026,20261211
4032,1,1,1,1,1,0,0,20261026,20261211
4033,0,0,0,0,0,1,0,20261017,20261212
4034,1,1,1,1,1,1,1,20261020,20261212
4035,1,1,1,1,1,1,1,20261008,20261017
4036,1,1,1,1,1,1,0,20261102,20261116
4037,1,1,1,1,1,0,0,20261103,20261118
4038,0,0,0,0,0,0,1,20261108,20261115
4039,1,1,1,1,1,1,1,20251214,20261212
4040,1,1,1,1,1,1,1,20251214,20261212
4041,1,1,1,1,1,1,0,20251215,20261212
4042,1,1,1,1,1,1,1,20251214,20261212
4043,1,1,1,1,1,1,1,20251214,20261212
4044,1,1,1,1,1,1,1,20251214,20261212
4045,1,1,1,1,0,1,1,20251214,20261212
4046,1,1,1,1,0,1,0,20251215,20261212
4047,1,1,1,1,0,1,0,20251215,20261212
4048,1,1,1,1,0,1,0,20251215,20261212
4049,1,1,1,1,0,1,0,20251215,20261212
4050,0,0,0,0,1,0,0,20251219,20261211
4051,0,0,0,0,0,0,1,20251214,20261206
4052,0,0,0,0,0,0,1,20251214,20261206
4053,1,1,1,1,0,1,0,20251215,20261212
4054,1,1,1,1,0,1,0,20251215,20261212
4055,1,1,1,1,1,0,0,20251215,20261211
4056,1,1,1,1,1,1,0,20251215,20261212
4057,0,0,0,0,0,0,0,20251215,20261211
4058,0,0,0,0,0,0,0,20251214,20261212
4059,0,0,0,0,0,0,0,20251223,20260831
4060,1,1,1,1,1,0,0,20251215,20261211
4061,0,0,0,0,0,0,0,20251220,20261212
4062,1,1,1,1,1,0,0,20251215,20261211
4063,0,0,0,0,0,0,0,20251214,20261212
4064,0,0,0,0,0,1,1,20251214,20261212
4065,1,1,1,1,1,0,0,20251215,20261211
4066,0,0,0,0,0,0,0,20251215,20261211
4067,0,0,0,0,0,0,0,20251214,20261212
4068,0,0,0,0,0,1,1,20251214,20261212
4069,1,1,1,1,1,0,0,20251215,20261211
4070,0,0,0,0,0,0,0,20251215,20261211
4071,0,0,0,0,0,0,0,20251215,20261211
4072,0,0,0,0,1,0,0,20251219,20261211
4073,1,1,1,1,0,0,0,20251215,20261210
4074,0,0,0,0,0,0,0,20251214,20261212
4075,0,0,0,0,0,1,0,20251220,20261212
4076,0,0,0,0,0,1,0,20251220,20261212
4077,0,0,0,0,0,0,0,20251231,20261028
4078,0,0,0,0,0,0,0,20251214,20261212
4079,0,0,0,0,0,0,0,20251215,20261211
4080,0,0,0,0,0,0,0,20251220,20261212
4081,1,1,1,1,1,0,0,20251215,20261211
4082,0,0,0,0,0,0,0,20251215,20261211
4083,0,0,0,0,0,0,0,20251214,20261212
4084,1,1,1,1,1,0,0,20251215,20261211
4085,0,0,0,0,0,0,0,20251219,20261211
4086,0,0,0,0,0,0,0,20251214,20261212
4087,0,0,0,0,0,0,0,20251214,20261212
4088,0,0,0,0,0,1,0,20251220,20261212
4089,0,0,0,0,0,1,1,20251220,20261101
4090,0,0,0,0,0,1,1,20260403,20261028
4091,0,0,0,0,0,1,1,20260403,20261028
4092,1,1,1,1,1,0,0,20251215,20261211
4093,1,1,1,1,1,1,1,20251214,20261212
4094,1,1,1,1,1,1,1,20251214,20261212
4095,1,1,1,1,1,0,0,20251215,20261211
4096,1,1,1,1,1,0,0,20251215,20261211
4097,0,0,0,0,0,1,1,20251214,20261212
4098,0,0,0,0,0,1,1,20251214,20261212
4099,0,0,0,0,0,1,1,20251214,20261212
4100,0,0,0,0,0,1,1,20251214,20261212
4101,0,0,0,0,0,1,1,20251214,20261212
4102,0,0,0,0,0,1,0,20251220,20261212
4103,1,1,1,1,1,0,0,20251215,20261211
4104,0,0,0,0,0,0,1,20251214,20261206
4105,0,0,0,0,0,0,1,20251214,20261206
4106,0,0,0,0,0,1,0,20251220,20261212
4107,1,1,1,1,1,0,0,20251215,20261211
4108,1,1,1,1,1,0,0,20251215,20261211
4109,0,0,0,0,0,1,0,20251220,20261212
4110,0,0,0,0,0,0,1,20251214,20261206
4111,1,1,1,1,1,0,1,20251214,20261211
4112,0,0,0,0,0,0,1,20251214,20261206
4113,1,1,1,1,1,0,1,20251214,20261211
4114,0,0,0,0,0,1,1,20251214,20261212
4115,0,0,0,0,0,1,0,20251220,20261212
4116,1,1,1,1,1,0,1,20251214,20261211
4117,1,1,1,1,1,1,0,20251215,20261212
4118,0,0,0,0,0,0,1,20251214,20261206
4119,0,0,0,0,0,1,0,20251220,20261212
4120,0,0,0,0,0,0,1,20251214,20261206
4121,1,1,1,1,1,0,0,20251215,20261211
4122,1,1,1,1,1,0,0,20251215,20261211
4123,1,1,1,1,1,1,1,20251214,20261212
4124,1,1,1,1,1,0,0,20251215,20261211
4125,1,1,1,1,1,1,0,20251215,20261212
4126,0,0,0,0,0,1,1,20251214,20261212
4127,1,1,1,1,1,1,0,20251215,20261212
4128,1,1,1,1,1,0,0,20251215,20261211
4129,0,0,0,0,0,1,1,20251214,20261212
4130,1,1,1,1,1,1,1,20251214,20261212
4131,1,1,1,1,1,0,0,20251215,20261211
4132,0,0,0,0,0,1,1,20251214,20261212
4133,1,1,1,1,1,1,1,20251214,20261212
4134,1,1,1,1,1,1,1,20251214,20261212
4135,1,1,1,1,1,1,1,20251214,20261212
4136,0,0,0,0,0,0,0,20251214,20261212
4137,0,0,0,0,0,0,0,20251214,20261212
4138,0,0,0,0,0,0,0,20251214,20261212
4139,1,1,1,1,1,1,1,20251214,20261212
4140,1,1,1,1,1,0,0,20251215,20261211
4141,1,1,1,1,1,1,1,20251214,20261212
4142,1,1,1,1,1,1,1,20251214,20261212
4143,1,1,1,1,1,0,0,20251215,20261211
4144,1,1,1,1,1,1,1,20251214,20261212
4145,1,1,1,1,1,0,0,20251215,20261211
4146,1,1,1,1,1,1,1,20251214,20261212
4147,1,1,1,1,1,1,1,20251214,20261212
4148,1,1,1,1,1,0,0,20251215,20261211
4149,1,1,1,1,1,1,1,20251214,20261212
4150,1,1,1,1,1,1,1,20251214,20261212
4151,1,1,1,1,1,0,0,20251215,20261211
4152,1,1,1,1,1,1,1,20251214,20261212
4153,1,1,1,1,1,0,0,20251215,20261211
4154,1,1,1,1,1,1,1,20251214,20261212
4155,1,1,1,1,1,0,0,20251215,20261211
4156,0,0,0,0,0,0,0,20251214,20261212
4157,0,0,0,0,0,0,0,20251215,20261211
4158,1,1,1,1,1,1,1,20251214,20260311
4159,0,0,0,0,0,0,0,20251214,20260311
4160,1,1,1,1,1,0,0,20251214,20261212
4161,1,1,1,1,1,0,0,20251215,20261211
4162,1,1,1,1,1,1,1,20251214,20261212
4163,1,1,1,1,1,0,0,20251215,20261211
4164,1,1,1,1,1,1,1,20251214,20261212
4165,1,1,1,1,1,0,0,20251215,20261211
4166,1,1,1,1,1,1,1,20251214,20261212
4167,1,1,1,1,1,0,0,20251215,20261211
4168,1,1,1,1,1,1,1,20251214,20261212
4169,1,1,1,1,1,0,0,20251215,20261211
4170,0,0,0,0,0,0,0,20251214,20261212
4171,0,0,0,0,0,0,0,20251214,20261212
4172,0,0,0,0,0,0,0,20251214,20261212
4173,1,1,1,1,1,0,0,20251215,20261211
4174,1,1,1,1,1,0,0,20251215,20261211
4175,1,1,1,1,1,1,1,20251214,20261212
4176,1,1,1,1,1,1,1,20251214,20261212
4177,1,1,1,1,1,1,1,20251214,20261212
4178,1,1,1,1,1,1,1,20251214,20261212
4179,1,1,1,1,1,1,1,20251214,20261212
4180,1,1,1,1,1,1,1,20251214,20261212
4181,0,0,0,0,0,1,1,20251214,20261212
4182,1,1,1,1,1,1,1,20251214,20261212
4183,0,0,0,0,0,0,0,20251214,20261212
4184,1,1,1,1,1,1,1,20251214,20261212
4185,1,1,1,1,1,1,1,20251214,20261212
4186,1,1,1,1,1,0,0,20251215,20261211
4187,0,0,0,0,0,0,0,20251215,20261211
4188,1,1,1,1,1,1,1,20251214,20261212
4189,1,1,1,1,1,1,1,20251214,20261212
4190,1,1,1,1,1,1,1,20251214,20261212
4191,1,1,1,1,1,0,1,20251214,20261211
4192,1,1,1,1,1,1,1,20251214,20261212
4193,1,1,1,1,1,0,0,20251215,20261211
4194,1,1,1,1,1,1,1,20251214,20261212
4195,1,1,1,1,1,1,0,20251215,20261212
4196,1,1,1,1,1,1,1,20251214,20261212
4197,1,1,1,1,1,1,1,20251214,20261212
4198,0,0,0,0,0,0,1,20251214,20261206
4199,0,0,0,0,0,1,0,20251220,20261212
4200,1,1,1,1,1,0,0,20251215,20261211
4201,1,1,1,1,1,1,0,20251215,20261212
4202,1,1,1,1,1,1,0,20251215,20261212
4203,1,1,1,1,1,0,0,20251215,20261211
4204,1,1,1,1,1,0,0,20251215,20261211
4205,1,1,1,1,1,1,0,20251215,20261212
4206,1,1,1,1,1,1,0,20251215,20261212
4207,1,1,1,1,1,1,1,20251214,20261212
4208,1,1,1,1,1,0,0,20251215,20261211
4209,1,1,1,1,1,0,0,20251215,20261211
4210,1,1,1,1,1,1,1,20251214,20261212
4211,1,1,1,1,1,0,0,20251215,20261211
4212,1,1,1,1,1,0,0,20251215,20261211
4213,1,1,1,1,1,0,0,20251215,20261211
4214,1,1,1,1,1,1,1,20251214,20261212
4215,1,1,1,1,1,1,1,20251214,20261212
4216,1,1,1,1,1,0,0,20251215,20261211
4217,1,1,1,1,1,1,1,20251214,20261212
4218,1,1,1,1,1,1,1,20251214,20261212
4219,0,0,0,0,0,1,1,20251214,20261212
4220,0,0,0,0,0,1,1,20251214,20261212
4221,0,0,0,0,0,1,1,20251214,20261212
4222,0,0,0,0,0,1,1,20251214,20261212
4223,1,1,1,1,1,0,0,20251215,20261211
4224,1,1,1,1,1,0,0,20251215,20261211
4225,1,1,1,1,1,0,0,20251215,20261211
4226,0,0,0,0,0,1,1,20251214,20261212
4227,0,0,0,0,0,1,0,20251220,20261212
4228,0,0,0,0,0,1,0,20251220,20261212
4229,1,1,1,1,1,1,0,20251215,20261212
4230,0,0,0,0,0,1,1,20251214,20261212
4231,0,0,0,0,0,1,1,20251214,20261212
4232,1,1,1,1,1,0,0,20251215,20261211
4233,1,1,1,1,1,0,0,20251215,20261211
4234,1,1,1,1,1,0,0,20251215,20261211
4235,1,1,1,1,1,0,0,20251215,20261211
4236,0,0,0,0,0,1,0,20251220,20261212
4237,1,1,1,1,1,1,1,20251214,20261212
4238,0,0,0,0,0,0,0,20251219,20261211
4239,0,0,0,0,0,0,0,20251214,20261212
4240,0,0,0,0,0,0,0,20251214,20261212
4241,0,0,0,0,1,1,0,20251219,20261212
4242,1,1,1,1,1,0,0,20251215,20261211
4243,1,1,1,1,1,0,1,20251214,20261211
4244,1,1,1,1,1,0,1,20251214,20261211
4245,1,1,1,1,1,0,0,20251215,20261211
4246,0,0,0,0,0,0,0,20251215,20261211
4247,1,1,1,1,1,0,0,20251215,20261211
4248,1,1,1,1,1,1,1,20251214,20261212
4249,1,1,1,1,1,1,1,20251214,20261212
4250,1,1,1,1,1,1,1,20251214,20261212
4251,1,1,1,1,1,0,0,20251215,20261211
4252,1,1,1,1,1,1,1,20251214,20261212
4253,1,1,1,1,1,1,1,20251214,20261212
4254,1,1,1,1,1,0,0,20251215,20261211
4255,1,1,1,1,1,1,1,20251214,20261212
4256,0,0,1,1,0,0,0,20251224,20251231
4257,0,0,0,0,0,0,1,20251214,20261206
4258,1,1,1,1,1,1,0,20251215,20261212
4259,1,1,1,1,1,0,0,20251215,20261211
4260,0,0,0,0,0,0,0,20251215,20261211
4261,0,0,0,0,0,1,1,20251214,20261212
4262,0,0,0,0,0,1,1,20251214,20261212
4263,1,1,1,1,1,1,1,20251214,20261212
4264,1,1,1,1,1,1,1,20251214,20261212
4265,1,1,1,1,1,1,1,20251214,20261212
4266,1,1,1,1,1,1,1,20251214,20261212
4267,0,0,0,0,0,1,1,20251214,20261212
4268,1,1,1,1,1,0,0,20251215,20261211
4269,0,0,1,1,0,0,0,20251225,20251231
4270,1,1,1,1,1,0,0,20251215,20261211
4271,0,0,0,0,0,1,1,20251214,20261212
4272,0,0,0,0,0,1,1,20251214,20261212
4273,0,0,0,0,0,0,0,20251229,20260831
4274,1,1,1,1,1,0,0,20251215,20261211
4275,1,1,1,1,1,0,0,20251215,20261211
4276,1,1,1,1,1,0,0,20251215,20261211
4277,1,1,1,1,1,0,0,20251215,20261211
4278,1,1,1,1,1,1,1,20251214,20261212
4279,1,1,1,1,1,1,1,20251214,20261212
4280,0,0,0,0,0,1,1,20251214,20261212
4281,0,0,0,0,0,0,0,20251215,20261211
4282,1,1,1,1,1,1,1,20251214,20261212
4283,1,1,1,1,1,0,0,20251215,20261211
4284,1,1,1,1,1,1,1,20251214,20261212
4285,1,1,1,1,1,0,0,20251215,20261211
4286,0,0,0,0,0,1,1,20251214,20261212
4287,1,1,1,1,1,1,1,20251214,20261212
4288,0,0,0,0,0,1,1,20251214,20261212
4289,1,1,1,1,0,0,0,20251215,20261211
4290,1,1,1,1,1,1,1,20251214,20261212
4291,1,1,1,1,1,1,1,20251214,20261212
4292,1,1,1,1,1,1,1,20251214,20261212
4293,1,1,1,1,1,1,1,20251214,20261212
4294,1,1,1,1,1,1,1,20251214,20261212
4295,1,1,1,1,1,0,0,20251215,20261211
4296,0,0,0,0,0,1,1,20251214,20261212
4297,1,1,1,1,1,1,1,20251214,20261212
4298,1,1,1,1,1,1,1,20251214,20261212
4299,0,0,0,0,0,1,1,20251214,20261212
4300,1,1,0,0,0,0,0,20251215,20261211
4301,1,1,1,1,1,1,1,20251214,20261212
4302,1,1,1,1,1,1,1,20251214,20261212
4303,1,1,1,1,1,1,1,20251214,20261212
4304,1,1,1,1,1,1,1,20251214,20261212
4305,0,0,0,0,0,1,1,20251214,20261212
4306,1,1,1,1,1,0,0,20251215,20261211
4307,1,1,1,1,1,0,0,20251215,20261211
4308,1,1,1,1,1,0,0,20251215,20261211
4309,1,1,1,1,1,0,0,20251215,20261211
4310,1,1,1,1,1,0,0,20251215,20261211
4311,1,1,1,1,1,0,0,20251215,20261211
4312,1,1,1,1,1,0,0,20251215,20261211
4313,1,1,1,1,1,0,0,20251215,20261211
4314,1,1,1,1,1,0,0,20251215,20261211
4315,0,0,0,0,0,0,0,20251215,20261211
4316,1,1,1,1,1,0,0,20251215,20261211
4317,1,1,1,1,1,1,1,20251214,20261212
4318,0,0,0,0,0,1,1,20251214,20261212
4319,0,0,0,0,0,1,1,20260321,20261101
4320,1,1,1,1,1,0,0,20251214,20261212
4321,0,0,0,0,0,0,0,20251222,20260831
4322,1,1,1,1,1,0,0,20251215,20261211
4323,1,1,1,1,1,0,0,20251215,20261211
4324,1,1,0,0,1,0,0,20251215,20261211
4325,1,1,1,1,1,0,0,20251215,20261211
4326,1,1,1,1,1,0,0,20251215,20261211
4327,1,1,1,1,1,0,0,20251215,20261211
4328,1,1,1,1,1,1,1,20251214,20261212
4329,0,0,0,0,0,1,1,20251214,20261212
4330,0,0,0,0,0,1,1,20251214,20261212
4331,0,0,0,0,0,1,1,20251214,20261212
4332,1,1,1,1,1,0,0,20251215,20261211
4333,0,0,0,0,0,1,1,20251214,20261212
4334,0,0,0,0,0,1,1,20251214,20261212
4335,1,1,1,1,1,1,1,20251214,20261212
4336,1,1,1,1,1,0,0,20251215,20261211
4337,1,1,1,1,1,1,1,20251214,20261212
4338,1,1,1,1,1,0,0,20251215,20261211
4339,1,1,1,1,1,0,0,20251215,20261211
4340,0,0,0,0,0,1,1,20251214,20261212
4341,0,0,0,0,0,1,1,20251214,20261212
4342,0,0,0,0,0,1,1,20251214,20261212
4343,1,1,1,1,1,0,0,20251215,20261211
4344,1,1,1,1,1,1,0,20251215,20261212
4345,0,0,0,0,1,1,0,20251219,20261212
4346,0,0,0,0,0,1,1,20251214,20261212
4347,0,0,0,0,0,1,1,20251214,20261212
4348,0,0,0,0,0,1,1,20251214,20261212
4349,0,0,0,0,0,1,1,20251214,20261212
4350,0,0,0,0,0,1,1,20251214,20261212
4351,0,0,0,0,0,1,1,20251214,20261212
4352,0,0,0,0,0,1,1,20251214,20261212
4353,0,0,0,0,0,1,0,20251220,20261212
4354,0,0,0,0,0,0,1,20251214,20261206
4355,1,1,1,1,1,0,0,20251215,20261211
4356,0,0,0,0,0,0,0,20251215,20261211
4357,0,0,0,0,0,0,0,20251215,20261211
4358,1,1,1,1,1,0,0,20251215,20261211
4359,0,0,0,0,0,0,0,20251215,20261211
4360,1,1,1,1,1,0,0,20251215,20261211
4361,1,1,1,1,1,0,0,20251215,20261211
4362,0,0,0,0,0,0,0,20251215,20261211
4363,0,0,0,0,0,0,0,20251215,20261211
4364,1,1,1,1,1,0,0,20251215,20261211
4365,0,0,0,0,0,0,0,20251215,20261211
4366,1,1,1,1,1,0,0,20251215,20261211
4367,0,0,0,0,0,0,0,20251215,20261211
4368,0,0,0,0,0,0,0,20251215,20261211
4369,1,1,1,1,1,0,0,20251215,20261211
4370,1,1,1,1,1,0,0,20251215,20261211
4371,1,1,1,1,1,0,0,20251215,20261211
4372,1,1,1,1,1,0,0,20251215,20261211
4373,1,1,1,1,1,0,0,20251215,20261211
4374,1,1,1,1,1,0,0,20251215,20261211
4375,1,1,1,1,1,0,0,20251215,20261211
4376,1,1,1,1,1,0,0,20251215,20261211
4377,0,0,0,0,0,1,1,20251214,20261212
4378,1,1,1,1,1,1,1,20251214,20261212
4379,1,1,1,1,1,1,1,20251214,20261212
4380,1,1,1,1,1,0,0,20251215,20261211
4381,1,1,1,1,1,0,0,20251215,20261211
4382,1,1,1,1,1,0,0,20251215,20261211
4383,1,1,1,1,1,0,0,20251215,20261211
4384,1,1,1,1,1,0,0,20251215,20261211
4385,1,1,1,1,1,0,0,20251215,20261211
4386,1,1,1,1,1,0,0,20251215,20261211
4387,1,1,1,1,1,0,0,20251215,20261211
4388,1,1,1,1,1,0,0,20251215,20261211
4389,1,1,1,1,1,1,1,20251214,20261212
4390,0,0,0,0,0,1,1,20251214,20261212
4391,1,1,1,1,1,1,1,20251214,20261212
4392,1,1,1,1,1,1,1,20251214,20261212
4393,1,1,1,1,1,1,1,20251214,20261212
4394,1,1,1,1,1,1,1,20251214,20261212
4395,1,1,1,1,1,1,1,20251214,20261212
4396,1,1,1,1,1,0,0,20251215,20261211
4397,1,1,1,1,1,1,1,20251214,20261212
4398,0,0,0,0,0,0,0,20251215,20261211
4399,0,0,0,0,0,1,1,20251214,20261212
4400,0,0,0,0,0,1,1,20251214,20261212
4401,0,0,0,0,0,1,1,20251214,20261212
4402,0,0,0,0,0,0,0,20251215,20261211
4403,1,1,1,1,1,1,1,20251214,20261212
4404,0,0,0,0,0,1,1,20251214,20261212
4405,1,1,1,1,1,1,1,20251214,20261212
4406,1,1,1,1,1,1,1,20251214,20261212
4407,0,0,0,0,0,0,0,20251215,20261211
4408,1,1,1,1,1,0,0,20251215,20261211
4409,1,1,1,1,1,0,0,20251215,20261211
4410,1,1,1,1,1,0,0,20251215,20261211
4411,1,1,1,1,1,0,0,20251215,20261211
4412,0,0,0,0,0,1,1,20251214,20261212
4413,1,1,1,1,1,0,0,20251215,20261211
4414,0,0,0,0,0,1,1,20251214,20261212
4415,0,0,0,0,0,1,1,20251214,20261212
4416,1,1,1,1,1,0,0,20251215,20261211
4417,0,0,0,0,0,1,1,20251214,20261212
4418,0,0,0,0,0,1,1,20251214,20261212
4419,0,0,0,0,0,1,1,20251214,20261212
4420,1,1,1,1,1,0,0,20251215,20261211
4421,0,0,0,0,0,1,1,20251214,20261212
4422,0,0,0,0,0,1,1,20251214,20261212
4423,1,1,1,1,1,0,0,20251215,20261211
4424,0,0,0,0,0,1,1,20251214,20261212
4425,1,1,1,1,1,0,0,20251215,20261211
4426,0,0,0,0,0,1,1,20251214,20261212
4427,1,1,1,1,1,0,0,20251215,20261211
4428,1,1,1,1,1,1,1,20251214,20261212
4429,1,1,1,1,1,0,0,20251215,20261211
4430,1,1,1,1,1,1,1,20251214,20261212
4431,1,1,1,1,1,1,1,20251214,20261212
4432,0,0,0,0,0,1,1,20251214,20261212
4433,0,0,0,0,0,1,0,20251220,20261212
4434,1,1,1,1,1,1,1,20251214,20261212
4435,0,0,0,0,0,1,1,20251214,20261212
4436,1,1,1,1,1,0,0,20251215,20261211
4437,1,1,1,1,1,0,0,20251215,20261211
4438,1,1,1,1,1,1,1,20251214,20261212
4439,1,1,1,1,1,0,0,20251215,20261211
4440,1,1,1,1,1,0,0,20251215,20261211
4441,0,0,0,0,0,1,1,20251214,20261212
4442,1,1,1,1,1,0,0,20251215,20261211
4443,0,0,0,0,0,1,1,20251214,20261212
4444,1,1,1,1,1,1,1,20251214,20261212
4445,1,1,1,1,1,0,0,20251215,20261211
4446,0,0,0,0,0,1,0,20251220,20261212
4447,0,0,0,0,0,1,1,20251214,20261212
4448,0,0,0,0,0,1,1,20251214,20261212
4449,0,0,0,0,0,1,1,20251214,20261212
4450,1,1,1,1,1,1,1,20251214,20261212
4451,1,1,1,1,1,0,0,20251215,20261211
4452,1,1,1,1,1,1,1,20260501,20261011
4453,0,0,0,0,0,0,0,20251214,20261212
4454,1,1,1,1,1,0,0,20251215,20261211
4455,1,1,1,1,1,1,1,20251214,20261212
4456,0,0,0,0,0,0,0,20251215,20261211
4457,0,0,0,0,0,1,1,20251214,20261212
4458,1,1,1,1,1,1,1,20251214,20261212
4459,0,0,0,0,0,0,0,20251215,20261211
4460,0,0,0,0,0,1,1,20251214,20261212
4461,1,1,1,1,1,1,1,20251214,20261212
4462,1,1,1,1,1,1,1,20251214,20261212
4463,1,1,1,1,1,1,1,20251214,20261212
4464,1,1,1,1,1,1,1,20251214,20261212
4465,1,1,1,1,1,1,1,20251214,20261212
4466,0,0,0,0,0,1,1,20251214,20261212
4467,1,1,1,1,1,1,1,20251214,20261212
4468,0,0,0,0,0,1,1,20251214,20261212
4469,0,0,0,0,0,1,1,20251214,20261212
4470,0,0,0,0,0,1,1,20251214,20261212
4471,0,0,0,0,0,1,1,20251214,20261212
4472,1,1,1,1,1,0,0,20251215,20261211
4473,0,0,0,0,0,1,1,20251214,20261212
4474,1,1,1,1,1,1,1,20251214,20261212
4475,1,1,1,1,1,1,1,20251214,20261212
4476,1,1,1,1,1,1,1,20251214,20261212
4477,1,1,1,1,1,1,1,20251214,20261212
4478,1,1,1,1,1,1,1,20251214,20261212
4479,1,1,1,1,1,1,1,20251214,20261212
4480,1,1,1,1,1,1,1,20251214,20261212
4481,1,1,1,1,1,1,1,20251214,20261212
4482,1,1,1,1,1,0,0,20251215,20261211
4483,1,1,1,1,1,1,1,20251214,20261212
4484,0,0,0,0,0,1,0,20251220,20261212
4485,0,0,0,0,0,1,1,20251214,20261212
4486,0,0,0,0,0,1,1,20251214,20261212
4487,0,0,0,0,0,1,1,20251214,20261212
4488,0,0,0,0,0,1,1,20251214,20261212
4489,0,0,0,0,0,1,1,20251214,20261212
4490,0,0,0,0,0,1,1,20251214,20261212
4491,0,0,0,0,0,1,1,20251214,20261212
4492,0,0,0,0,0,0,1,20251214,20261206
4493,0,0,0,0,0,0,1,20251214,20261206
4494,0,0,0,0,0,1,1,20251214,20261212
4495,0,0,0,0,0,1,1,20251214,20261212
4496,0,0,0,0,0,1,1,20251214,20261212
4497,0,0,0,0,0,1,0,20251220,20261212
4498,1,1,1,1,1,1,1,20251214,20261212
4499,1,1,1,1,1,0,0,20251215,20261211
4500,1,1,1,1,1,0,0,20251215,20261211
4501,1,1,1,1,1,0,0,20251215,20261211
4502,1,1,1,1,1,0,0,20251215,20261211
4503,1,1,1,1,1,0,0,20251215,20261211
4504,0,0,0,0,0,1,1,20251214,20261212
4505,0,0,0,0,0,1,1,20251214,20261212
4506,0,0,0,0,0,1,1,20251214,20261212
4507,0,0,0,0,0,1,1,20251214,20261212
4508,1,1,1,1,1,0,0,20251215,20261211
4509,1,1,1,1,1,1,1,20251214,20261212
4510,0,0,0,0,1,0,0,20251219,20261211
4511,0,0,0,0,0,1,0,20251220,20261212
4512,1,1,1,1,1,1,1,20251214,20261212
4513,1,1,1,1,1,1,1,20251214,20261212
4514,0,0,0,0,0,0,1,20251214,20261206
4515,0,0,0,0,0,1,0,20251220,20261212
4516,1,1,1,1,1,0,0,20251215,20261211
4517,1,1,1,1,1,0,1,20251214,20261211
4518,1,1,1,1,1,1,0,20251215,20261212
4519,1,1,1,1,1,1,1,20251214,20261212
4520,1,1,1,1,1,0,0,20251215,20261211
4521,1,1,1,1,1,1,1,20251214,20261212
4522,1,1,1,1,1,0,0,20251215,20261211
4523,0,0,0,0,0,0,1,20251214,20261206
4524,1,1,1,1,1,0,0,20251215,20261211
4525,1,1,1,1,1,1,1,20251214,20261212
4526,1,1,1,1,1,1,1,20251214,20261212
4527,1,1,1,1,1,1,1,20251214,20261212
4528,0,0,0,0,0,1,1,20251214,20261212
4529,0,0,0,0,0,1,1,20251214,20261212
4530,1,1,1,1,1,0,0,20251215,20261211
4531,1,1,1,1,1,1,1,20251214,20261212
4532,1,1,1,1,1,0,0,20251215,20261211
4533,1,1,1,1,1,0,0,20251215,20261211
4534,1,1,1,1,0,0,1,20251214,20261210
4535,0,0,0,0,0,1,1,20251214,20261212
4536,1,1,1,1,1,1,1,20251214,20261212
4537,1,1,1,1,1,0,0,20251215,20261211
4538,1,1,1,1,1,0,0,20251215,20261211
4539,1,1,1,1,1,0,0,20251215,20261211
4540,1,1,1,1,1,1,1,20251214,20261212
4541,1,1,1,1,1,1,1,20251214,20261212
4542,1,1,1,1,1,1,1,20251214,20261212
4543,1,1,1,1,1,1,1,20251214,20261212
4544,1,1,1,1,1,1,1,20251214,20261212
4545,1,1,1,1,1,0,0,20251215,20261211
4546,1,1,1,1,1,0,0,20251215,20261211
4547,1,1,1,1,1,0,0,20251215,20261211
4548,0,0,0,0,0,1,0,20251220,20261212
4549,0,0,0,0,0,0,1,20251214,20261206
4550,0,0,0,0,0,0,0,20251214,20261212
4551,0,0,0,0,0,0,0,20251220,20261212
4552,0,0,0,0,0,0,0,20251214,20261212
4553,0,0,0,0,0,0,0,20251214,20261212
4554,0,0,0,0,0,0,0,20251214,20261211
4555,0,0,0,0,0,0,0,20251214,20261206
4556,0,0,0,0,0,0,1,20251214,20261206
4557,0,0,0,0,0,0,0,20251215,20261211
4558,1,1,1,1,1,1,1,20251214,20261212
4559,0,0,0,0,0,0,1,20251214,20261206
4560,1,1,1,1,1,1,1,20251214,20261212
4561,1,1,1,1,1,1,1,20251214,20261212
4562,1,1,1,1,1,1,1,20251214,20261212
4563,1,1,1,1,1,0,0,20251215,20261211
4564,1,1,1,1,1,0,0,20251215,20261211
4565,0,0,0,0,0,1,1,20251214,20261212
4566,0,0,0,0,0,1,1,20251214,20261212
4567,1,1,1,1,1,1,1,20251214,20261212
4568,0,0,0,0,0,1,1,20251214,20261212
4569,1,1,1,1,1,1,1,20251214,20261212
4570,1,1,1,1,1,1,1,20251214,20261212
4571,1,1,1,1,1,1,1,20251214,20261212
4572,1,1,1,1,1,0,0,20251215,20261211
4573,1,1,1,1,1,1,1,20251214,20261212
4574,0,0,0,0,0,0,1,20251214,20261206
4575,1,1,1,1,1,0,0,20251215,20261211
4576,0,0,0,0,0,1,0,20251220,20261212
4577,1,1,1,1,1,1,0,20251215,20261212
4578,0,0,0,0,0,1,0,20260328,20261024
4579,0,0,0,0,0,1,0,20260328,20261024
4580,0,0,0,0,0,0,1,20251214,20261206
4581,1,1,1,1,1,0,1,20251214,20261212
4582,1,1,1,1,1,0,1,20251214,20261212
4583,0,0,0,0,0,0,0,20251215,20261211
4584,1,1,1,1,1,0,0,20251215,20261211
4585,1,1,1,1,1,0,0,20251215,20261211
4586,1,1,1,1,1,0,0,20251215,20261211
4587,1,1,1,1,1,0,0,20251215,20261211
4588,1,1,1,1,1,0,0,20251215,20261211
4589,1,1,1,1,1,1,1,20251214,20261212
4590,1,1,1,1,1,0,0,20251215,20261211
4591,1,1,1,1,1,1,1,20251214,20261212
4592,1,1,1,1,1,0,0,20251215,20261211
4593,0,0,0,0,0,1,1,20260321,20261101
4594,1,1,1,1,1,1,1,20251214,20261212
4595,1,1,1,1,1,1,1,20251214,20261212
4596,0,0,0,0,0,1,1,20251214,20261212
4597,1,1,1,1,1,0,0,20251215,20261211
4598,1,1,1,1,1,0,0,20251215,20261211
4599,1,1,1,1,1,0,0,20251215,20261211
4600,1,1,1,1,1,0,0,20251215,20261211
4601,1,1,1,1,1,0,0,20251215,20261211
4602,1,1,1,1,1,0,0,20251215,20261211
4603,0,0,0,0,1,1,0,20251219,20261212
4604,0,0,0,0,0,1,1,20251214,20261212
4605,0,0,0,0,0,1,1,20251214,20261212
4606,0,0,0,0,0,1,1,20251214,20261212
4607,0,0,0,0,1,0,0,20251219,20261211
4608,1,1,1,1,1,0,0,20251215,20261211
4609,1,1,1,1,0,0,0,20251215,20261210
4610,1,1,1,1,1,1,1,20251214,20261212
4611,1,1,1,1,1,1,1,20251214,20261212
4612,1,1,1,1,1,0,0,20251215,20261211
4613,0,0,0,0,0,1,1,20251214,20261212
4614,1,1,1,1,1,0,0,20251215,20261211
4615,1,1,1,1,1,1,1,20251214,20261212
4616,1,1,1,1,1,1,1,20251214,20261212
4617,1,1,1,1,1,1,1,20251214,20261212
4618,0,0,0,0,0,1,1,20251214,20261212
4619,0,0,0,0,0,1,1,20251214,20261212
4620,1,1,1,1,1,1,1,20251214,20261212
4621,1,1,1,1,1,1,1,20251214,20261212
4622,0,0,0,0,0,1,0,20251220,20261212
4623,0,0,0,0,0,1,0,20251220,20261212
4624,0,0,0,0,0,1,0,20251220,20261212
4625,0,0,0,0,0,1,1,20251214,20261212
4626,0,0,0,0,0,1,1,20251214,20261212
4627,0,0,0,0,0,1,1,20251214,20261212
4628,0,0,0,0,0,1,1,20251214,20261212
4629,0,0,0,0,0,1,1,20251214,20261212
4630,0,0,0,0,0,1,1,20251214,20261212
4631,1,1,1,1,1,1,1,20251214,20261212
4632,1,1,1,1,1,1,1,20251214,20261212
4633,1,1,1,1,1,0,0,20251215,20261211
4634,1,1,1,1,1,0,0,20251215,20261211
4635,1,1,1,1,1,1,0,20251215,20261212
4636,1,1,1,1,1,1,1,20251214,20261212
4637,0,0,0,0,0,0,1,20251214,20261206
4638,0,0,0,0,0,0,1,20251214,20261206
4639,0,0,0,0,1,0,0,20251219,20261211
4640,0,0,0,0,0,0,1,20251214,20261206
4641,0,0,0,0,0,1,1,20251214,20261212
4642,0,0,0,0,0,1,0,20251220,20261212
4643,0,0,0,0,0,0,1,20251214,20261206
4644,1,1,1,1,1,0,1,20251214,20261211
4645,1,1,1,1,1,1,0,20251215,20261212
4646,0,0,0,0,0,1,1,20251214,20261212
4647,1,1,1,1,1,0,0,20251215,20261211
4648,0,0,0,0,0,0,0,20251214,20261212
4649,1,1,1,1,1,1,1,20251214,20261212
4650,0,0,0,0,0,0,0,20251214,20261212
4651,1,1,1,1,1,1,1,20251214,20261212
4652,0,0,0,0,0,0,0,20251215,20261211
4653,1,1,1,1,1,1,1,20251214,20261212
4654,0,0,0,0,0,0,0,20251214,20261212
4655,1,1,1,1,1,0,0,20251215,20261211
4656,1,1,1,1,1,0,0,20251215,20261211
4657,1,1,1,1,1,0,0,20251215,20261211
4658,1,1,1,1,1,0,0,20251215,20261211
4659,1,1,1,1,1,0,0,20251215,20261211
4660,0,0,0,0,0,1,1,20260328,20261025
4661,0,0,0,0,0,1,0,20251220,20261212
4662,0,0,0,0,0,1,0,20251220,20261212
4663,1,1,1,1,1,0,1,20251214,20261211
4664,1,1,1,1,1,0,1,20251214,20261211
4665,1,1,1,1,0,1,1,20251214,20261212
4666,0,0,0,0,1,0,0,20251219,20261211
4667,1,1,1,1,1,1,1,20251214,20261212
4668,1,1,1,1,1,0,0,20251215,20261211
4669,1,1,1,1,1,1,1,20251214,20261212
4670,1,1,1,1,1,1,0,20251215,20261212
4671,1,1,1,1,1,1,1,20251214,20261212
4672,1,1,1,1,1,0,0,20251215,20261211
4673,1,1,1,1,1,1,1,20251214,20261212
4674,1,1,1,1,1,1,1,20251214,20261212
4675,1,1,1,1,1,1,1,20251214,20261212
4676,1,1,1,1,1,1,1,20251214,20261212
4677,1,1,1,1,1,1,0,20251215,20261212
4678,0,0,0,0,0,0,1,20251214,20261206
4679,1,1,1,1,1,0,0,20251215,20261211
4680,1,1,1,1,1,1,1,20251214,20261212
4681,0,0,0,0,0,1,1,20251214,20261212
4682,1,1,1,1,1,0,0,20251214,20261212
4683,1,1,1,1,1,0,0,20251215,20261211
4684,0,0,0,0,0,1,1,20251214,20261212
4685,0,0,0,0,0,0,0,20251214,20261212
4686,1,1,1,1,1,0,0,20251215,20261211
4687,0,0,0,0,0,1,1,20260321,20261101
4688,0,0,0,0,0,0,0,20251214,20261212
4689,0,0,0,0,0,1,1,20260321,20261101
4690,1,1,1,1,1,1,1,20251214,20261212
4691,0,0,0,0,0,0,0,20251214,20261212
4692,0,0,0,0,0,1,1,20251214,20261212
4693,1,1,1,1,1,0,0,20251215,20261211
4694,1,1,1,1,1,0,0,20251215,20261211
4695,1,1,1,1,1,1,1,20251214,20261212
4696,1,1,1,1,1,1,1,20251214,20261212
4697,1,1,1,1,1,1,1,20251214,20261212
4698,0,0,0,0,0,1,1,20251214,20261212
4699,1,1,1,1,1,1,1,20251214,20261212
4700,1,1,1,1,1,1,1,20251214,20261212
4701,0,0,0,0,0,0,0,20251220,20261212
4702,0,0,0,0,0,0,0,20251214,20261206
4703,0,0,0,0,0,0,0,20251214,20261212
4704,0,0,0,0,1,0,0,20251219,20261211
4705,0,0,0,0,0,0,0,20251215,20261211
4706,0,0,0,0,0,0,0,20251214,20261212
4707,0,0,0,0,0,0,0,20251214,20261212
4708,0,0,0,0,0,0,0,20251215,20261211
4709,0,0,0,0,0,0,0,20251214,20261206
4710,0,0,0,0,0,0,0,20251215,20261211
4711,0,0,0,0,0,0,0,20251220,20261212
4712,1,1,1,1,0,0,0,20251215,20261210
4713,0,0,0,0,0,0,0,20251214,20261212
4714,0,0,0,0,0,0,0,20251214,20261212
4715,0,0,0,0,0,0,0,20251215,20261211
4716,0,0,0,0,0,0,0,20251215,20261212
4717,0,0,0,0,0,0,0,20251215,20261211
4718,0,0,0,0,0,0,0,20251214,20261212
4719,0,0,0,0,0,0,0,20251214,20261212
4720,0,0,0,0,0,0,0,20251215,20261211
4721,0,0,0,0,0,0,0,20251215,20261211
4722,0,0,0,0,0,0,0,20251214,20261212
4723,0,0,0,0,0,0,0,20251215,20261211
4724,0,0,0,0,0,0,0,20251224,20261129
4725,0,0,0,0,0,0,0,20251224,20261129
4726,0,0,0,0,0,0,0,20251214,20261212
4727,0,0,0,0,0,0,0,20251220,20261212
4728,0,0,0,0,0,0,0,20251224,20261129
4729,0,0,0,0,0,0,0,20251215,20261212
4730,0,0,0,0,0,0,0,20251215,20261211
4731,0,0,0,0,0,0,0,20251214,20261212
4732,0,0,0,0,0,0,0,20251220,20261212
4733,0,0,0,0,0,0,0,20251215,20261212
4734,0,0,0,0,0,0,0,20251215,20261211
4735,0,0,0,0,0,0,0,20251215,20261211
4736,1,1,1,1,1,1,1,20251214,20261212
4737,0,0,0,0,0,0,0,20251220,20261212
4738,0,0,0,0,0,1,0,20251220,20261212
4739,0,0,0,0,0,0,0,20251214,20261212
4740,0,0,0,0,0,0,0,20251215,20261211
4741,1,1,1,1,1,0,1,20251214,20261211
4742,0,0,0,0,0,0,0,20251214,20261212
4743,0,0,0,0,0,0,0,20251214,20261212
4744,0,0,0,0,0,0,0,20251214,20261212
4745,0,0,0,0,0,0,0,20251214,20261212
4746,0,0,0,0,0,0,0,20251215,20261211
4747,0,0,0,0,0,0,0,20251215,20261211
4748,0,0,0,0,0,0,0,20251215,20261211
4749,0,0,0,0,0,0,0,20251214,20261212
4750,0,0,0,0,0,0,0,20251215,20261211
4751,0,0,0,0,0,0,0,20251214,20261212
4752,0,0,0,0,0,0,0,20251215,20261211
4753,0,0,0,0,0,0,0,20251214,20261206
4754,0,0,0,0,0,0,0,20251214,20261211
4755,1,1,1,1,1,1,1,20251214,20261212
4756,1,1,1,1,1,1,1,20251214,20261212
4757,1,1,1,1,1,1,1,20251214,20261212
4758,1,1,1,1,1,1,1,20251214,20261212
4759,0,0,0,0,0,1,1,20251214,20261212
4760,0,0,0,0,0,0,0,20251215,20261211
4761,0,0,0,0,0,1,1,20251214,20261212
4762,0,0,0,0,0,0,0,20251215,20261212
4763,0,0,0,0,0,0,0,20251215,20261210
4764,1,1,1,1,0,1,1,20251214,20261212
4765,0,0,0,0,0,1,0,20251220,20261212
4766,1,1,1,1,1,1,1,20251214,20261212
4767,1,1,1,1,1,1,1,20251214,20261212
4768,1,1,1,1,1,0,0,20251215,20261211
4769,0,0,0,0,0,0,0,20251214,20261212
4770,0,0,0,0,0,1,1,20251214,20261212
4771,1,1,1,1,1,0,0,20251215,20261211
4772,1,1,1,1,1,1,1,20251214,20261212
4773,1,1,1,1,1,1,1,20251214,20261212
4774,1,1,1,1,1,0,0,20251215,20261211
4775,0,0,0,0,0,1,1,20251214,20261212
4776,1,1,1,1,1,0,0,20251215,20261211
4777,0,0,0,0,0,1,1,20260321,20261101
4778,1,1,1,1,1,0,0,20251214,20261212
4779,1,1,1,1,1,1,1,20251214,20261212
4780,1,1,1,1,1,1,1,20251214,20261212
4781,1,1,1,1,1,0,0,20251215,20261211
4782,1,1,1,1,1,1,1,20251214,20261212
4783,0,0,0,0,0,1,1,20251214,20261212
4784,0,0,0,0,0,0,1,20251214,20261206
4785,0,0,0,0,0,1,1,20260321,20261101
4786,1,1,1,1,1,0,0,20251215,20261211
4787,0,0,0,0,0,1,1,20260425,20260928
4788,0,0,0,0,0,1,1,20251214,20261212
4789,1,1,1,1,1,0,0,20251215,20261211
4790,1,1,1,1,1,1,1,20251214,20261212
4791,1,1,1,1,1,0,0,20260605,20260831
4792,1,1,1,1,1,0,0,20251215,20261211
4793,1,1,1,1,1,0,0,20251215,20261211
4794,1,1,1,1,1,0,0,20251215,20261211
4795,1,1,1,1,1,1,1,20251214,20261212
4796,1,1,1,1,1,0,0,20251215,20261211
4797,1,1,1,1,1,1,1,20251214,20261212
4798,1,1,1,1,1,1,1,20251214,20261212
4799,1,1,1,1,1,0,0,20251215,20261211
4800,1,1,1,1,1,1,1,20251214,20261212
4801,1,1,1,1,1,0,0,20251215,20261211
4802,1,1,1,1,1,1,1,20251214,20261212
4803,1,1,1,1,1,1,1,20251214,20261212
4804,0,0,0,0,1,0,0,20251219,20261211
4805,1,1,1,1,0,0,0,20251215,20261210
4806,0,0,0,0,1,1,0,20251219,20261212
4807,0,0,0,0,0,1,1,20260328,20261025
4808,0,0,0,0,0,1,1,20260328,20261025
4809,0,0,0,0,0,1,0,20251220,20261212
4810,0,0,0,0,0,0,0,20251214,20261211
4811,1,0,0,0,0,0,0,20251215,20261207
4812,0,1,1,1,1,1,1,20251214,20261212
4813,1,1,1,1,1,1,1,20251214,20261212
4814,1,1,1,1,1,1,1,20251214,20261212
4815,1,1,1,1,1,0,0,20251215,20261211
4816,1,1,1,1,1,0,0,20251215,20261211
4817,1,1,1,1,1,0,0,20251215,20261211
4818,0,0,0,0,0,1,1,20251214,20261212
4819,0,0,0,0,0,1,1,20251214,20261212
4820,1,1,1,1,1,1,0,20251215,20261212
4821,0,0,0,0,0,1,1,20260328,20261025
4822,1,1,1,1,1,0,0,20251214,20261212
4823,1,1,1,1,1,1,1,20251214,20261212
4824,1,1,1,1,1,1,1,20251214,20261212
4825,1,1,1,1,1,1,1,20251214,20261212
4826,1,1,1,1,1,1,1,20251214,20261212
4827,1,1,1,1,1,0,0,20251215,20261211
4828,1,1,1,1,1,1,1,20251214,20261212
4829,1,1,1,1,1,1,1,20251214,20261212
4830,0,0,0,0,0,1,1,20251214,20261212
4831,1,1,1,1,1,0,0,20251215,20261211
4832,0,0,0,0,0,0,0,20251214,20261212
4833,1,1,1,1,1,0,0,20251215,20261211
4834,1,1,1,1,1,0,0,20251215,20261211
4835,1,1,1,1,1,0,0,20251215,20261211
4836,1,1,1,1,1,0,0,20251215,20261211
4837,1,1,1,1,1,0,0,20251215,20261211
4838,0,0,0,0,0,0,0,20251214,20261212
4839,0,0,0,0,0,1,1,20251214,20261212
4840,1,1,1,1,1,0,0,20251215,20261211
4841,0,0,0,0,0,0,0,20251215,20261210
4842,0,0,0,0,0,0,0,20251214,20261212
4843,0,0,0,0,0,0,0,20251214,20261212
4844,0,0,0,0,0,0,0,20260321,20261031
4845,0,0,0,0,0,0,0,20251214,20261212
4846,0,0,0,0,0,0,0,20251214,20261206
4847,1,1,1,1,1,1,1,20251214,20261212
4848,0,0,0,0,0,0,0,20251215,20261211
4849,0,0,0,0,0,0,0,20251214,20261212
4850,1,1,1,1,1,0,0,20251215,20261211
4851,1,1,1,1,1,0,0,20251215,20261211
4852,0,0,0,0,1,1,1,20251214,20261212
4853,0,0,0,0,0,0,0,20260322,20261025
4854,0,0,0,0,0,1,1,20251214,20261212
4855,0,0,0,0,0,0,0,20251214,20261212
4856,0,0,0,0,0,0,0,20251214,20261212
4857,1,1,1,1,1,0,0,20251215,20261211
4858,0,0,0,0,0,0,0,20260321,20261101
4859,0,0,0,0,0,1,1,20251220,20261212
4860,0,0,0,0,0,1,1,20251214,20261212
4861,1,1,1,1,1,0,0,20251215,20261211
4862,1,1,1,1,1,0,0,20251215,20261211
4863,1,1,1,1,1,0,0,20251215,20261211
4864,1,1,1,1,1,0,0,20251215,20261211
4865,1,1,1,1,1,0,0,20251215,20261211
4866,0,0,0,0,0,0,0,20251219,20261211
4867,1,1,1,1,1,0,0,20251215,20261211
4868,1,1,1,1,1,0,0,20251215,20261211
4869,1,1,1,1,1,0,0,20251215,20261211
4870,1,1,1,1,1,0,0,20251215,20261211
4871,1,1,1,1,1,1,1,20251214,20261212
4872,0,0,0,0,0,1,1,20251214,20261212
4873,1,1,1,1,1,0,0,20251215,20261211
4874,1,1,1,1,1,0,0,20251215,20261211
4875,0,0,0,0,0,1,1,20260523,20260830
4876,0,0,0,0,0,1,1,20251214,20261212
4877,0,0,0,0,0,1,1,20251214,20261212
4878,0,0,0,0,0,1,1,20251214,20261212
4879,0,0,0,0,0,1,1,20251214,20261212
4880,0,0,0,0,0,0,0,20260322,20261101
4881,1,1,1,1,1,1,1,20251214,20261212
4882,1,1,1,1,1,0,0,20251215,20261210
4883,0,0,0,0,0,1,1,20251214,20261212
4884,0,0,0,0,0,0,0,20260321,20261024
4885,1,1,1,1,1,1,1,20251214,20261211
4886,1,1,1,1,1,1,1,20251214,20261212
4887,1,1,1,1,1,1,1,20251214,20261212
4888,1,1,1,1,1,1,1,20251214,20261212
4889,1,1,1,1,1,1,1,20251214,20261212
4890,1,1,1,1,1,1,1,20251214,20261212
4891,0,0,0,0,0,1,1,20251214,20261212
4892,0,0,0,0,0,1,1,20251214,20261212
4893,0,0,0,0,0,1,1,20251214,20261212
4894,0,0,0,0,0,0,0,20251214,20261212
4895,0,0,0,0,0,0,0,20251214,20261212
4896,0,0,0,0,0,0,0,20251214,20261212
4897,0,0,0,0,0,0,0,20251214,20261212
4898,0,0,0,0,0,1,1,20251214,20261212
4899,1,1,1,1,1,0,0,20251215,20260630
4900,1,1,1,1,1,0,0,20251215,20260630
4901,0,0,0,0,0,1,1,20251214,20260628
4902,0,0,0,0,0,1,1,20251214,20260628
4903,1,1,1,1,1,0,0,20251215,20261211
4904,1,1,1,1,1,0,0,20251215,20261211
4905,0,0,0,0,0,1,1,20260321,20261101
4906,1,1,1,1,1,0,0,20251215,20261211
4907,0,0,0,0,0,0,1,20251220,20261212
4908,1,1,1,1,1,0,0,20251215,20261211
4909,0,0,0,0,0,1,0,20251214,20261212
4910,0,0,0,0,0,1,0,20260321,20261031
4911,1,1,1,1,0,0,1,20251214,20261210
4912,1,1,1,1,1,0,0,20251215,20261211
4913,1,1,1,1,1,0,0,20251215,20261211
4914,1,1,1,1,1,0,0,20251215,20261211
4915,1,1,1,1,1,0,0,20251215,20261211
4916,1,1,1,1,1,0,0,20251215,20261211
4917,0,0,0,0,0,0,1,20260322,20261101
4918,0,0,0,0,0,0,1,20251214,20261212
4919,0,0,0,0,1,1,0,20251219,20261212
4920,1,1,1,1,0,1,0,20251215,20261212
4921,0,0,0,0,0,0,0,20251214,20261212
4922,1,1,1,1,1,1,1,20260328,20261101
4923,1,1,1,1,1,1,1,20260328,20261101
4924,1,1,1,1,1,1,1,20260328,20261101
4925,1,1,1,1,1,1,1,20260328,20261101
4926,1,1,1,1,1,1,1,20260328,20261101
4927,1,1,1,1,1,1,1,20260328,20261101
4928,1,0,0,0,0,0,0,20251215,20261207
4929,0,0,0,0,0,0,0,20251214,20261212
4930,1,1,1,1,1,0,0,20251215,20261211
4931,0,1,1,1,1,1,1,20251214,20261212
4932,0,0,0,0,0,1,1,20260501,20261011
4933,1,1,1,1,1,1,1,20251214,20261212
4934,1,1,1,1,1,0,0,20260504,20261009
4935,0,0,0,0,0,1,1,20251214,20261212
4936,0,0,0,0,0,0,0,20251215,20261211
4937,1,1,1,1,1,1,1,20260501,20261011
4938,1,1,1,1,1,0,0,20251215,20261211
4939,0,0,0,0,0,1,1,20260501,20261011
4940,0,0,0,0,0,1,1,20260502,20261011
4941,1,1,1,1,1,1,1,20251214,20261212
4942,0,0,0,0,0,1,1,20251214,20261212
4943,1,1,1,1,1,0,0,20251215,20261211
4944,0,0,0,0,0,0,0,20251214,20261212
4945,0,0,0,0,0,1,1,20251214,20261212
4946,1,1,1,1,1,1,1,20251214,20261212
4947,1,1,0,0,0,0,0,20251215,20261211
4948,1,1,1,1,1,1,1,20251214,20261212
4949,1,1,1,1,1,1,1,20260501,20261011
4950,1,1,1,1,1,0,0,20251215,20261211
4951,1,1,1,1,1,1,1,20251214,20261212
4952,1,1,1,1,0,0,0,20251215,20261211
4953,0,0,0,0,0,1,1,20251214,20261212
4954,1,1,1,1,1,1,1,20251214,20261212
4955,1,1,1,1,1,1,1,20251214,20261212
4956,1,1,1,1,1,1,1,20251214,20261212
4957,1,1,1,1,1,0,0,20251215,20261211
4958,1,1,1,1,1,1,1,20251214,20261212
4959,1,1,1,1,1,1,1,20251214,20261212
4960,0,0,0,0,0,0,1,20251214,20261206
4961,1,1,1,1,1,1,1,20251214,20261212
4962,1,1,1,1,1,1,1,20251214,20261212
4963,1,1,1,1,1,1,1,20251214,20261212
4964,1,1,1,1,1,1,0,20251215,20261212
4965,0,0,0,0,0,1,1,20260501,20260928
4966,0,0,0,0,0,1,1,20260501,20260928
4967,0,0,0,0,0,1,1,20260501,20260928
4968,0,0,0,0,0,0,0,20251215,20261211
4969,0,0,0,0,0,0,0,20251214,20261212
4970,0,0,0,0,0,1,1,20251214,20261212
4971,0,0,0,0,0,1,1,20251214,20261212
4972,1,1,1,1,1,1,1,20251214,20261212
4973,1,1,1,1,1,0,0,20251215,20261211
4974,1,1,1,1,1,1,1,20251214,20261212
4975,1,1,1,1,1,1,1,20251214,20261212
4976,1,1,1,1,1,1,1,20251214,20261212
4977,1,1,1,1,1,0,0,20251215,20261211
4978,1,1,1,1,1,1,1,20251214,20261212
4979,1,1,1,1,1,0,0,20251215,20261211
4980,1,1,1,1,1,1,1,20251214,20261212
4981,1,1,1,1,1,0,0,20251215,20261211
4982,1,1,1,1,1,1,1,20251214,20261212
4983,0,0,0,0,0,1,1,20251214,20261212
4984,1,1,1,1,1,1,1,20251214,20261212
4985,0,0,0,0,0,0,1,20260322,20261101
4986,0,0,0,0,0,1,1,20260321,20261101
4987,1,1,1,1,1,1,1,20251214,20261212
4988,1,1,1,1,1,1,1,20251214,20261212
4989,1,1,1,1,1,1,1,20251214,20261212
4990,0,0,0,0,0,0,0,20260404,20260927
4991,1,1,1,1,1,1,1,20251214,20261212
4992,0,0,0,0,0,0,0,20260328,20261101
4993,0,0,0,0,0,1,0,20251220,20261212
4994,0,0,0,0,0,1,0,20251220,20261212
4995,1,1,1,1,1,1,1,20251214,20261212
4996,1,1,1,1,1,0,0,20251215,20261211
4997,0,0,0,0,0,1,0,20260321,20261031
4998,0,0,0,0,0,1,0,20260321,20261031
4999,0,0,0,0,0,1,1,20251214,20261206
5000,0,0,0,0,0,0,0,20251214,20261212
5001,0,0,0,0,0,0,0,20251220,20261212
5002,0,0,0,0,0,0,1,20260322,20261101
5003,1,1,1,1,1,0,0,20251215,20261211
5004,1,1,1,1,1,1,1,20251214,20261212
5005,0,0,0,0,0,1,1,20251214,20261212
5006,0,0,0,0,0,1,1,20251214,20261212
5007,0,0,0,0,0,1,1,20251214,20261212
5008,1,1,1,1,1,0,0,20251215,20261211
5009,1,1,1,1,1,1,1,20251214,20261212
5010,1,1,1,1,1,1,1,20251214,20261212
5011,1,1,1,1,1,1,1,20251214,20261212
5012,1,1,1,1,1,1,1,20251214,20261212
5013,1,1,1,1,1,1,1,20251214,20261212
5014,1,1,1,1,1,0,0,20251215,20261211
5015,0,0,0,0,0,0,1,20251214,20261206
5016,0,0,0,0,0,1,0,20260501,20261010
5017,0,0,0,0,0,0,1,20260502,20261011
5018,1,1,1,0,1,0,0,20251215,20261212
5019,1,1,1,1,1,1,1,20251214,20261212
5020,1,1,1,1,1,1,1,20251214,20261212
5021,0,0,0,0,0,0,0,20251220,20261212
5022,1,1,1,1,1,1,0,20260501,20261010
5023,1,1,1,1,0,0,1,20260503,20261011
5024,0,0,0,0,1,0,0,20260507,20261011
5025,1,1,1,1,1,0,0,20251215,20261211
5026,0,0,0,0,0,0,0,20251215,20261211
5027,0,0,0,0,0,1,0,20251220,20261212
5028,1,1,1,1,1,0,0,20251215,20261211
5029,1,1,1,1,1,0,0,20251215,20261211
5030,0,0,0,0,0,1,1,20251214,20261212
5031,0,0,0,0,0,1,0,20260501,20261010
5032,0,0,0,0,1,1,0,20260501,20261010
5033,0,0,0,0,0,1,0,20260502,20261010
5034,1,1,1,1,1,0,0,20251215,20261211
5035,1,1,1,1,1,1,1,20251214,20261212
5036,1,1,1,1,1,1,1,20251214,20261212
5037,1,1,1,1,1,1,0,20251215,20261212
5038,1,1,1,1,1,1,1,20251214,20261212
5039,1,1,1,1,1,1,1,20251214,20261212
5040,1,1,1,1,1,1,1,20251214,20261212
5041,1,1,1,1,1,1,1,20251214,20261212
5042,1,1,1,1,1,1,1,20251214,20261212
5043,1,1,1,1,0,0,1,20251214,20261210
5044,1,1,1,1,1,1,1,20260328,20261025
5045,1,1,1,1,1,0,0,20251215,20261211
5046,1,1,1,1,1,0,0,20251215,20261211
5047,1,1,1,1,1,1,1,20260328,20261025
5048,0,0,0,0,0,0,0,20251214,20261212
5049,0,0,0,0,0,1,1,20251214,20261206
5050,0,0,0,0,0,0,0,20251215,20261212
5051,0,0,0,0,0,0,0,20251215,20261212
5052,0,0,0,0,0,0,0,20251214,20261212
5053,0,0,0,0,0,1,1,20260328,20261025
5054,0,0,0,0,0,0,0,20251214,20261206
5055,0,0,0,0,0,0,0,20251214,20261212
5056,0,0,0,0,0,0,0,20251214,20261212
5057,0,0,0,0,0,0,0,20251214,20261212
5058,0,0,0,0,0,0,0,20251214,20261212
5059,0,0,0,0,0,0,0,20251214,20261212
5060,1,1,1,1,1,1,1,20251214,20261212
5061,0,0,0,0,0,0,0,20251214,20261206
5062,1,1,1,1,1,1,1,20251214,20261212
5063,1,1,1,1,1,1,1,20251214,20261212
5064,1,1,1,1,1,1,1,20251214,20261212
5065,1,1,1,1,1,0,0,20251215,20261211
5066,1,1,1,1,1,0,0,20251215,20261211
5067,0,0,0,0,0,1,1,20251214,20261212
5068,1,1,1,1,1,1,1,20251214,20261212
5069,0,0,0,0,0,1,1,20251214,20261212
5070,1,1,1,1,1,0,0,20251215,20261211
5071,1,1,1,1,1,0,0,20251215,20261211
5072,0,0,0,0,0,1,1,20251214,20261212
5073,0,0,0,0,0,1,1,20251214,20261212
5074,1,1,1,1,1,0,0,20251215,20261211
5075,1,1,1,1,1,0,0,20251215,20261211
5076,0,0,0,0,0,0,0,20260328,20261024
5077,1,1,1,1,1,1,1,20251214,20261212
5078,1,1,1,1,1,1,1,20251214,20261212
5079,1,1,1,1,1,1,1,20251214,20261212
5080,1,1,1,1,1,1,1,20251214,20261212
5081,1,1,1,1,1,1,1,20251214,20261212
5082,1,1,1,1,0,0,1,20251214,20261210
5083,1,1,1,1,1,1,1,20251214,20261212
5084,1,1,1,1,1,1,1,20251214,20261212
5085,1,1,1,1,1,0,0,20251215,20261211
5086,1,1,1,1,1,1,1,20251214,20261212
5087,1,1,1,1,1,0,0,20251215,20261211
5088,0,0,0,0,1,1,0,20251219,20261212
5089,1,1,1,1,1,1,1,20251214,20261212
5090,1,1,1,1,1,1,1,20251214,20261212
5091,1,1,1,1,1,0,0,20251215,20261211
5092,1,1,1,1,1,1,1,20251214,20261212
5093,1,1,1,1,1,0,0,20251215,20261211
5094,1,1,1,1,1,1,1,20251214,20261212
5095,0,0,0,0,0,0,1,20260329,20261025
5096,1,1,1,1,1,0,0,20251215,20261211
5097,1,1,1,1,1,1,1,20251214,20261212
5098,1,1,1,1,1,1,1,20251214,20261212
5099,1,1,1,1,1,0,0,20251215,20261211
5100,1,1,1,1,1,0,0,20251215,20261211
5101,1,1,1,1,1,1,0,20251215,20261212
5102,0,0,0,0,0,0,1,20251214,20261206
5103,1,1,1,1,1,1,1,20251214,20261212
5104,1,1,1,1,1,0,0,20251215,20261211
5105,0,0,0,0,0,1,1,20251214,20261212
5106,0,0,0,0,0,1,1,20251214,20261212
5107,0,0,0,0,0,1,1,20260321,20261101
5108,1,1,1,1,1,0,0,20251215,20261211
5109,0,0,0,0,0,1,1,20260321,20261101
5110,1,1,1,1,1,1,1,20251214,20261212
5111,1,1,1,1,1,1,1,20251214,20261212
5112,1,1,1,1,1,0,0,20251215,20261211
5113,1,1,1,1,1,1,1,20251214,20261212
5114,1,1,1,1,1,1,1,20251214,20261212
5115,1,1,1,1,1,1,1,20251214,20261212
5116,0,0,0,0,0,0,1,20251214,20261206
5117,0,0,0,0,0,1,1,20251214,20261212
5118,1,1,1,1,1,1,1,20251214,20261212
5119,0,0,0,0,0,1,1,20251214,20261212
5120,1,1,1,1,1,0,0,20260309,20261211
5121,1,1,1,1,1,1,1,20251214,20261212
5122,1,1,1,1,1,0,0,20251215,20260306
5123,1,1,1,1,1,0,0,20260309,20261211
5124,1,1,1,1,1,0,0,20251215,20261211
5125,1,1,1,1,1,0,0,20251215,20261211
5126,1,1,1,1,1,0,0,20260309,20261211
5127,0,0,0,0,0,1,0,20251220,20261212
5128,1,1,1,1,1,1,1,20251214,20261212
5129,0,0,0,0,0,0,0,20251214,20261212
5130,1,1,1,1,1,1,1,20251214,20261212
5131,0,0,0,0,0,0,1,20251214,20261206
5132,1,1,1,1,1,1,0,20251215,20261212
5133,0,0,0,0,0,0,0,20251214,20261212
5134,0,0,0,0,0,0,0,20251214,20261212
5135,0,0,0,0,0,0,0,20251214,20261212
5136,0,0,0,0,0,0,0,20251214,20261212
5137,0,0,0,0,0,1,1,20251214,20261212
5138,1,1,1,1,1,0,0,20251215,20261211
5139,1,1,1,1,1,1,0,20251215,20261212
5140,1,1,1,1,1,0,0,20251215,20261211
5141,1,1,1,1,1,0,0,20251215,20261211
5142,1,1,1,1,1,1,1,20251214,20261212
5143,1,1,1,1,1,0,0,20251215,20261211
5144,0,0,0,0,0,1,1,20260321,20261101
5145,0,0,0,0,0,1,1,20260425,20260928
5146,0,0,0,0,0,0,1,20251214,20261206
5147,1,1,1,1,1,1,0,20251215,20261212
5148,0,0,0,0,0,1,1,20251214,20261212
5149,0,0,0,0,1,0,0,20260605,20260831
5150,0,0,0,0,0,1,1,20251214,20261212
5151,0,0,0,0,0,0,0,20251214,20261212
5152,1,1,1,1,1,0,0,20251215,20261211
5153,0,0,0,0,0,1,1,20260425,20260928
5154,0,0,0,0,0,0,0,20251214,20261212
5155,0,0,0,0,0,1,1,20251214,20261212
5156,1,1,1,1,1,0,0,20251215,20261211
5157,0,0,0,0,0,0,0,20251214,20261212
5158,0,0,0,0,0,0,0,20260321,20261101
5159,0,0,0,0,0,1,1,20251214,20261212
5160,0,0,0,0,0,0,0,20251214,20261212
5161,1,1,1,1,1,0,0,20251215,20261211
5162,1,1,1,1,1,0,0,20251215,20261211
5163,0,0,0,0,0,1,1,20260425,20260928
5164,0,0,0,0,1,0,0,20260703,20260828
5165,1,1,1,1,1,0,0,20251215,20261211
5166,1,1,1,1,1,1,1,20251214,20261212
5167,1,1,1,1,1,1,1,20251214,20261212
5168,1,1,1,1,1,0,0,20251215,20261211
5169,0,0,0,0,0,1,1,20251214,20261212
5170,0,0,0,0,0,1,1,20251214,20261212
5171,0,0,0,0,0,0,0,20251214,20261212
5172,0,0,0,0,0,0,0,20260320,20261030
5173,0,0,0,1,1,0,0,20251225,20260101
5174,1,1,1,1,1,1,1,20251214,20261212
5175,1,1,1,1,1,1,1,20251214,20261212
5176,1,1,1,1,1,1,1,20251214,20261212
5177,1,1,1,1,1,0,0,20260605,20260831
5178,0,0,0,0,0,0,0,20251222,20260831
5179,0,0,0,0,0,0,0,20251222,20260831
5180,0,0,0,0,1,0,0,20251219,20261211
5181,1,1,1,1,1,0,0,20251215,20261211
5182,1,1,1,1,0,0,0,20251215,20261211
5183,0,0,0,0,0,1,0,20251214,20261212
5184,1,1,1,1,1,0,0,20251215,20261211
5185,1,1,1,1,0,0,0,20251215,20261210
5186,1,1,1,1,1,0,0,20251215,20261211
5187,0,0,0,0,0,0,0,20251214,20261212
5188,1,1,1,1,1,0,0,20251215,20261211
5189,1,1,1,1,1,0,0,20251215,20261211
5190,1,1,1,1,1,0,0,20251215,20261211
5191,1,1,1,1,1,1,1,20251214,20261212
5192,1,1,1,1,1,0,0,20251215,20261211
5193,0,0,0,0,0,1,1,20251214,20261212
5194,0,0,0,0,0,0,0,20251214,20261212
5195,0,0,0,0,0,1,1,20251214,20261212
5196,0,0,0,0,0,0,0,20251231,20260831
5197,1,1,1,1,1,0,0,20260309,20261211
5198,0,0,0,0,0,1,1,20260321,20261101
5199,0,0,0,0,1,0,0,20260320,20261030
5200,0,0,0,0,0,1,1,20251214,20261212
5201,0,0,0,0,0,0,0,20251214,20261212
5202,0,0,0,0,0,1,1,20260321,20261101
5203,0,0,0,0,1,1,0,20260320,20261031
5204,0,0,0,0,0,1,1,20251214,20261212
5205,0,0,0,0,0,0,1,20260322,20261101
5206,0,0,0,0,0,0,0,20251214,20261212
5207,0,0,0,0,0,1,0,20251220,20261212
5208,0,0,0,0,0,1,1,20260321,20261101
5209,0,0,0,0,0,1,1,20251214,20261212
5210,1,1,1,1,1,0,1,20251214,20261211
5211,1,1,1,1,1,0,0,20251215,20261211
5212,0,0,0,0,0,0,0,20251214,20261212
5213,1,1,1,1,1,0,0,20251215,20261211
5214,0,0,0,0,0,0,0,20251215,20261211
5215,1,1,1,1,1,0,0,20251215,20261211
5216,1,0,0,0,0,0,0,20251215,20261207
5217,1,1,1,1,1,1,1,20251214,20261212
5218,0,0,0,0,0,1,0,20251220,20261212
5219,1,1,1,1,1,1,1,20251214,20261212
5220,0,1,1,1,1,1,1,20251214,20261212
5221,1,1,1,1,1,1,1,20251214,20261212
5222,0,0,0,0,0,0,0,20251220,20261212
5223,1,1,1,1,1,1,1,20251215,20261211
5224,1,1,1,1,1,1,0,20251215,20261211
5225,1,1,1,1,1,1,1,20251215,20261211
5226,1,1,1,1,1,0,1,20251214,20261212
5227,1,1,1,1,1,0,0,20251214,20261212
5228,1,1,1,1,1,0,0,20251214,20261212
5229,1,1,1,1,1,0,0,20251214,20261212
5230,1,1,1,1,1,0,0,20251214,20261212
5231,1,1,1,1,1,1,1,20251215,20261211
5232,0,0,0,0,0,0,0,20251214,20261212
5233,1,1,1,1,1,1,1,20251214,20261212
5234,1,1,1,1,1,1,1,20251215,20261211
5235,1,1,1,1,1,1,1,20251215,20261211
5236,1,1,1,1,1,1,1,20251215,20261211
5237,1,1,1,1,1,1,1,20251215,20261211
5238,1,1,1,1,1,1,1,20251215,20261211
5239,1,1,1,1,1,1,1,20251215,20261211
5240,1,1,1,1,1,0,0,20251215,20261211
5241,1,1,1,1,1,1,0,20251215,20261212
5242,1,1,1,1,1,0,0,20251215,20261211
5243,1,1,1,1,1,1,1,20251214,20261212
5244,1,1,1,1,1,0,0,20251215,20261211
5245,1,1,1,1,1,0,0,20251215,20261211
5246,1,1,1,1,1,0,0,20251215,20261211
5247,1,1,1,1,1,1,0,20251215,20261212
5248,1,1,1,1,1,1,1,20251214,20261212
5249,1,1,1,1,1,0,0,20251215,20261211
5250,1,1,1,1,1,0,0,20251215,20261211
5251,0,0,0,0,0,1,1,20251214,20261212
5252,0,0,0,0,0,1,1,20251214,20261212
5253,1,1,1,1,1,1,1,20251214,20261212
5254,1,1,1,1,1,0,0,20251215,20261211
5255,1,1,1,1,1,0,0,20251215,20261211
5256,1,1,1,1,1,1,1,20251214,20261212
5257,1,1,1,1,1,1,1,20251214,20261212
5258,1,1,1,1,1,0,0,20251215,20261211
5259,1,1,1,1,1,0,0,20251215,20261211
5260,1,1,1,1,1,0,0,20251215,20261211
5261,0,0,0,0,0,1,0,20251220,20261212
5262,0,0,0,0,0,1,1,20251214,20261212
5263,1,1,1,1,1,0,0,20251215,20261211
5264,0,0,0,0,0,1,0,20260321,20261031
5265,1,1,1,1,1,0,0,20251215,20261211
5266,1,1,1,1,1,0,0,20251215,20261211
5267,1,1,1,1,1,0,0,20251215,20261211
5268,1,1,1,1,1,0,1,20251214,20261212
5269,0,0,0,0,0,1,0,20251220,20261212
5270,0,0,0,0,0,1,0,20251220,20261212
5271,1,1,1,1,1,1,1,20251214,20261212
5272,1,1,1,1,1,0,0,20251215,20261211
5273,1,1,1,1,1,0,0,20251215,20261211
5274,1,1,1,1,1,0,0,20251215,20261211
5275,1,1,1,1,1,0,0,20251215,20261211
5276,1,1,1,1,1,1,1,20251214,20261212
5277,1,1,1,1,1,0,0,20251215,20261211
5278,1,1,1,1,1,0,0,20251215,20261211
5279,1,1,1,1,1,1,1,20251214,20261212
5280,0,0,0,0,0,0,1,20251214,20261206
5281,1,1,1,1,1,1,1,20251214,20261212
5282,1,1,1,1,1,0,0,20251215,20261211
5283,1,1,1,1,1,1,1,20251214,20261212
5284,0,0,0,0,0,0,1,20251214,20261206
5285,0,0,0,0,0,1,1,20251214,20261212
5286,1,1,1,1,1,0,0,20251215,20261211
5287,0,0,0,0,0,1,0,20251220,20261212
5288,0,0,0,0,0,1,0,20251220,20261212
5289,1,1,1,1,1,1,0,20251215,20261212
5290,1,1,1,1,1,0,0,20251215,20261211
5291,0,0,0,0,0,1,1,20251214,20261212
5292,1,1,1,1,1,0,1,20251214,20261211
5293,1,1,1,1,1,0,1,20251214,20261211
5294,1,1,1,1,1,0,1,20251214,20261211
5295,1,1,1,1,1,1,1,20251214,20261212
5296,0,0,0,0,0,1,0,20251220,20261212
5297,1,1,1,1,1,1,1,20251214,20261212
5298,0,0,0,0,0,1,1,20251214,20261212
5299,1,1,1,1,1,0,1,20251214,20261211
5300,1,1,1,1,1,1,1,20251214,20261212
5301,0,0,0,0,0,1,1,20260501,20261011
5302,0,0,0,0,0,0,1,20251214,20261206
5303,1,1,1,1,1,0,0,20251215,20261211
5304,1,1,1,1,1,0,0,20260302,20261211
5305,0,0,0,0,0,0,0,20251214,20261212
5306,0,0,0,0,0,0,0,20251214,20261212
5307,1,1,1,1,1,1,1,20251214,20261212
5308,0,0,0,0,1,0,0,20251219,20261211
5309,1,1,1,1,1,1,1,20251214,20261212
5310,0,0,0,0,0,0,1,20260125,20261206
5311,1,1,1,1,1,1,1,20251214,20261212
5312,1,1,1,1,0,1,1,20251214,20261212
5313,1,1,1,1,1,1,0,20251214,20261212
5314,1,1,1,1,1,1,1,20251214,20261212
5315,1,1,1,1,1,0,0,20251215,20261211
5316,1,1,1,1,1,1,1,20251214,20261212
5317,1,1,1,1,1,0,0,20251215,20261211
5318,1,1,1,1,1,1,1,20251214,20261212
5319,1,1,1,1,1,0,0,20251215,20261211
5320,1,1,1,1,1,0,1,20251214,20261211
5321,1,1,1,1,1,0,1,20251214,20261211
5322,0,0,0,0,0,0,1,20251214,20261206
5323,0,0,0,0,1,0,0,20251219,20261211
5324,1,1,1,1,1,0,0,20260302,20261211
5325,1,1,1,1,1,1,0,20251215,20261212
5326,1,1,1,1,1,0,0,20251215,20261211
5327,1,1,1,1,1,1,1,20251214,20261212
5328,0,0,0,0,0,0,0,20251229,20261208
5329,1,1,1,1,1,0,1,20251214,20261211
5330,0,0,0,0,0,1,1,20251214,20261212
5331,1,1,1,1,1,1,1,20251214,20261212
5332,1,1,1,1,1,0,0,20251215,20261211
5333,1,1,1,1,1,1,1,20251214,20261212
5334,1,1,1,1,1,1,1,20260501,20261011
5335,1,1,1,1,1,1,1,20260501,20261011
5336,1,1,1,1,1,0,0,20251215,20261211
5337,1,1,1,1,1,1,1,20251214,20261212
5338,1,1,1,1,1,1,1,20251214,20261212
5339,1,1,1,1,1,1,1,20251214,20261212
5340,1,1,1,1,1,1,1,20251214,20261212
5341,0,0,0,0,0,1,1,20251214,20261212
5342,1,1,1,1,1,1,1,20251214,20261212
5343,1,1,1,1,1,1,1,20251214,20261212
5344,1,1,1,1,1,1,1,20251214,20261212
5345,1,1,1,1,1,0,0,20251215,20261211
5346,1,1,1,1,1,0,0,20251215,20261211
5347,0,0,0,0,0,1,0,20260501,20261010
5348,0,0,0,0,0,1,1,20251214,20261212
5349,1,1,1,1,1,0,0,20251215,20261211
5350,0,0,0,0,0,1,0,20251220,20261212
5351,0,0,0,0,0,1,1,20251214,20261212
5352,1,1,1,1,1,0,0,20251215,20261211
5353,1,1,1,1,1,1,1,20251214,20261212
5354,1,1,1,1,1,1,1,20251214,20261212
5355,1,1,1,1,1,1,1,20251214,20261212
5356,1,1,1,1,1,1,1,20251214,20261212
5357,1,1,1,1,1,1,1,20251214,20261212
5358,0,0,0,0,0,0,0,20251214,20261212
5359,1,1,1,1,1,1,1,20251214,20261212
5360,1,1,1,1,1,0,0,20251215,20261211
5361,1,1,1,1,1,1,1,20251214,20261212
5362,1,1,1,1,1,1,1,20251214,20261212
5363,0,0,0,0,0,1,1,20251214,20261212
5364,0,0,0,0,0,0,0,20260103,20261117
5365,1,1,1,1,1,0,0,20251215,20261211
5366,1,1,1,1,1,0,0,20251215,20261211
5367,0,0,0,0,0,1,1,20251214,20261212
5368,0,1,1,1,0,0,0,20251215,20261211
5369,0,0,0,0,1,0,0,20251219,20261211
5370,0,0,0,0,0,0,1,20251214,20261206
5371,0,0,0,0,0,1,0,20251220,20261212
5372,1,1,1,1,1,0,0,20251215,20261211
5373,0,0,0,0,0,1,1,20251214,20261212
5374,1,1,1,1,1,0,0,20251215,20261211
5375,0,0,0,0,0,0,0,20251215,20261211
5376,0,0,0,0,0,0,0,20251214,20261212
5377,1,1,1,1,1,1,1,20251214,20261212
5378,1,1,1,1,1,0,0,20251215,20261211
5379,1,1,1,1,1,1,1,20251214,20261212
5380,1,1,1,1,1,0,0,20251215,20261211
5381,1,1,1,1,1,0,0,20251215,20261211
5382,1,1,1,1,1,0,0,20251215,20261211
5383,1,1,1,1,1,1,1,20251214,20261212
5384,0,0,0,0,0,1,1,20251214,20261212
5385,1,1,1,1,1,0,1,20251214,20261211
5386,1,1,1,1,1,1,1,20251214,20261212
5387,1,1,1,1,1,1,1,20251214,20261212
5388,1,1,1,1,1,1,1,20251214,20261212
5389,1,1,1,1,1,0,0,20251215,20261211
5390,0,0,0,0,0,1,1,20251214,20261212
5391,0,0,0,0,0,1,1,20251214,20261212
5392,1,1,1,1,1,0,0,20251215,20261211
5393,1,1,1,1,1,0,0,20251215,20261211
5394,1,1,1,1,1,0,0,20251215,20261211
5395,0,0,0,0,0,0,0,20251215,20261211
5396,1,1,1,1,1,0,0,20251215,20261211
5397,1,1,1,1,1,0,0,20251215,20261211
5398,1,1,1,1,1,0,0,20251215,20261211
5399,0,0,0,0,0,0,0,20251220,20261212
5400,0,0,0,0,0,0,0,20251214,20261212
5401,1,1,1,1,1,1,1,20251214,20261212
5402,1,1,1,1,1,1,1,20251214,20261212
5403,1,1,1,1,1,1,1,20251214,20261212
5404,0,0,0,0,0,0,1,20251214,20261206
5405,1,1,1,1,1,1,0,20251215,20261212
5406,1,1,1,1,1,0,0,20251215,20261211
5407,1,1,1,1,1,1,1,20251214,20261212
5408,1,1,1,1,1,0,0,20260216,20261211
5409,1,1,1,1,1,1,1,20251214,20261212
5410,0,0,0,0,0,0,0,20251215,20261211
5411,0,0,0,0,0,0,0,20251215,20261211
5412,1,1,1,1,1,1,1,20251214,20261212
5413,1,1,1,1,1,1,1,20251214,20261212
5414,1,1,1,1,1,1,1,20251214,20260215
5415,1,1,1,1,1,0,0,20251215,20260213
5416,1,1,1,1,1,1,1,20251214,20260215
5417,0,0,0,0,0,1,1,20251214,20260215
5418,0,0,0,0,0,0,0,20251214,20261212
5419,1,1,1,1,1,1,1,20251214,20260215
5420,1,1,1,1,1,1,1,20251214,20261212
5421,1,1,1,1,1,1,1,20251214,20261212
5422,1,1,1,1,1,1,1,20251214,20261212
5423,1,1,1,1,1,1,1,20251214,20261212
5424,0,0,0,0,0,1,1,20251214,20261212
5425,1,1,1,1,1,1,1,20251214,20261212
5426,1,1,1,1,1,1,1,20251214,20261212
5427,1,1,1,1,1,1,1,20251214,20261212
5428,1,1,1,1,1,1,1,20251214,20261212
5429,1,1,1,1,1,0,0,20260601,20260831
5430,1,1,1,1,1,1,1,20251214,20261212
5431,1,1,1,1,1,0,0,20251215,20261211
5432,1,1,1,1,1,1,1,20251214,20261212
5433,1,1,1,1,1,0,0,20251215,20261211
5434,1,1,1,1,1,0,0,20251215,20261211
5435,1,1,1,1,1,0,0,20251215,20261211
5436,0,0,0,0,0,1,1,20251214,20261212
5437,1,1,1,1,1,0,0,20251215,20261211
5438,0,0,0,0,0,1,1,20251214,20261212
5439,1,1,1,1,1,0,0,20251215,20261211
5440,1,1,1,1,1,0,0,20251215,20261211
5441,1,1,1,1,1,0,0,20251215,20261211
5442,0,0,1,1,0,0,0,20251224,20251225
5443,0,1,1,1,1,0,0,20251216,20261211
5444,0,0,0,0,0,1,1,20251214,20261212
5445,1,1,1,1,1,1,1,20251214,20261212
5446,0,0,0,0,0,1,1,20251214,20261212
5447,1,1,1,1,1,1,1,20251214,20261212
5448,0,0,0,0,0,1,1,20251214,20261212
5449,1,0,0,0,0,0,0,20251215,20261207
5450,1,1,1,1,1,0,0,20251215,20261211
5451,1,1,1,1,1,0,0,20251215,20261211
5452,0,0,0,0,0,1,0,20251220,20261212
5453,0,0,0,0,0,1,1,20251214,20261212
5454,1,1,1,1,0,0,0,20251215,20261210
5455,1,1,1,1,1,0,0,20251215,20261211
5456,1,1,1,1,1,1,1,20251214,20261212
5457,1,1,1,1,1,0,0,20251215,20261211
5458,1,1,1,1,1,0,1,20251214,20261211
5459,1,1,1,1,1,0,0,20251215,20261211
5460,0,0,0,0,1,1,1,20251214,20261212
5461,0,0,0,0,0,1,1,20251214,20261212
5462,0,0,0,0,0,0,0,20251215,20261211
5463,0,0,0,0,0,0,0,20251215,20261211
5464,1,1,1,1,1,0,0,20251215,20261211
5465,0,0,0,0,0,0,0,20251215,20261211
5466,1,1,1,1,1,0,0,20251215,20261211
5467,0,1,1,1,1,0,0,20251215,20261211
5468,1,1,1,1,1,0,0,20251215,20261211
5469,1,1,1,1,1,0,0,20251215,20261211
5470,1,1,1,1,1,0,0,20251215,20261211
5471,1,1,1,1,1,0,0,20251215,20261211
5472,1,1,1,1,1,0,0,20251215,20261211
5473,1,1,1,1,1,0,0,20251215,20261211
5474,1,1,1,1,1,0,0,20251215,20261211
5475,1,1,1,1,1,0,0,20251215,20261211
5476,1,1,1,1,1,0,0,20251215,20261211
5477,1,1,1,1,1,0,0,20251215,20261211
5478,1,1,1,1,1,0,0,20251215,20261211
5479,1,1,1,1,1,0,0,20251215,20261211
5480,1,1,1,1,1,0,0,20251215,20261211
5481,1,1,1,1,1,0,0,20251215,20261211
5482,1,1,1,1,1,0,0,20251215,20261211
5483,1,1,1,1,1,0,0,20251215,20261211
5484,1,1,1,1,1,0,0,20251215,20261211
5485,1,1,1,1,1,0,0,20251215,20261211
5486,1,1,1,1,1,0,0,20251215,20261211
5487,1,1,1,1,1,1,1,20251214,20261212
5488,1,1,1,1,1,1,1,20251214,20261212
5489,0,0,0,0,0,1,0,20251220,20261212
5490,1,1,1,1,1,0,0,20251215,20261211
5491,1,1,1,1,1,1,1,20251214,20261212
5492,0,0,0,0,0,1,1,20251214,20261212
5493,1,1,1,1,1,0,0,20251215,20261211
5494,0,0,0,0,0,1,1,20251214,20261212
5495,0,0,0,0,0,1,1,20251214,20261212
5496,1,1,1,1,1,1,1,20251214,20261212
5497,1,1,1,1,1,1,1,20251214,20261212
5498,1,1,1,1,1,1,1,20251214,20261212
5499,1,1,1,1,1,1,1,20251214,20261212
5500,1,1,1,1,1,1,1,20251214,20261212
5501,0,0,0,0,0,1,1,20251214,20261212
5502,0,0,0,0,0,1,1,20251214,20261212
5503,0,0,0,0,0,1,1,20251214,20261212
5504,1,1,1,1,1,0,1,20251214,20261211
5505,0,0,0,0,0,1,1,20251214,20261212
5506,1,1,1,1,1,1,1,20251214,20261212
5507,1,1,1,1,1,1,1,20251214,20261212
5508,1,1,1,1,1,1,1,20251214,20261212
5509,1,1,1,1,1,1,1,20251214,20261212
5510,1,1,1,1,1,0,0,20251215,20261211
5511,0,0,0,0,0,1,1,20251214,20260215
5512,0,0,0,0,0,0,0,20251214,20261212
5513,0,0,0,0,0,1,1,20251214,20261212
5514,0,0,0,0,0,1,0,20251220,20261212
5515,1,1,1,1,1,0,0,20251215,20261211
5516,1,1,1,1,1,1,1,20251214,20261212
5517,1,1,1,1,1,0,0,20251215,20261211
5518,0,0,0,0,0,0,0,20251215,20261211
5519,0,0,0,0,0,1,1,20251214,20261212
5520,0,0,0,0,0,0,1,20251214,20261206
5521,1,1,1,1,1,0,0,20251215,20261211
5522,1,1,1,1,1,0,0,20251215,20261211
5523,1,1,1,1,1,0,0,20251215,20261211
5524,1,1,1,1,1,1,1,20251214,20261212
5525,1,1,1,1,1,0,0,20251215,20261211
5526,0,0,0,0,0,0,0,20251214,20261212
5527,0,0,0,0,0,0,0,20251215,20261211
5528,0,0,0,0,0,1,1,20260321,20260928
5529,0,0,0,0,0,1,1,20260321,20260928
5530,0,0,0,0,0,0,0,20251215,20261211
5531,0,0,0,0,0,0,0,20251214,20261212
5532,1,1,1,1,1,1,0,20251215,20261212
5533,0,0,0,0,0,1,1,20251214,20261212
5534,0,0,0,0,0,0,0,20251214,20261206
5535,0,0,0,0,0,1,0,20251220,20261212
5536,0,0,0,0,0,0,0,20251215,20261212
5537,0,0,0,0,1,0,0,20251219,20261211
5538,1,1,1,1,1,1,1,20251214,20261212
5539,0,0,0,0,0,0,1,20251214,20261206
5540,0,0,0,0,0,0,0,20251220,20261212
5541,0,0,0,0,1,0,0,20251219,20261211
5542,0,0,0,0,0,0,0,20251214,20261211
5543,1,1,1,1,1,0,1,20251214,20261211
5544,0,0,0,0,0,0,0,20251214,20261206
5545,0,0,0,0,0,0,1,20251214,20261206
5546,0,0,0,0,0,0,0,20251221,20261212
5547,0,0,0,0,0,0,0,20251214,20261212
5548,1,1,1,1,0,0,0,20251215,20261210
5549,1,1,1,1,1,1,0,20251215,20261212
5550,0,0,0,0,0,0,0,20251220,20261212
5551,0,0,0,0,0,0,0,20251214,20261206
5552,0,0,0,0,0,0,0,20251219,20261211
5553,1,1,1,1,0,0,0,20251215,20261210
5554,0,0,0,0,0,1,0,20251220,20261212
5555,0,0,0,0,0,0,0,20251215,20261210
5556,1,1,1,1,1,0,0,20251215,20261211
5557,0,0,0,0,0,0,0,20251214,20261211
5558,0,0,0,0,0,0,0,20251215,20261212
5559,0,0,0,0,0,0,0,20251214,20261206
5560,0,0,0,0,0,0,0,20251219,20261211
5561,0,0,0,0,0,0,0,20251214,20261212
5562,0,0,0,0,0,0,0,20251214,20261206
5563,0,0,0,0,0,0,0,20251220,20261212
5564,0,0,0,0,0,0,0,20251219,20261211
5565,0,0,0,0,0,0,0,20251215,20261210
5566,0,0,0,0,0,0,0,20251214,20261212
5567,0,0,0,0,0,0,0,20251220,20261212
5568,0,0,0,0,0,0,0,20251219,20261211
5569,0,0,0,0,0,0,0,20251215,20261210
5570,1,1,1,1,1,1,1,20251214,20261212
5571,1,1,1,1,1,0,0,20251215,20261211
5572,1,1,1,1,1,1,1,20251214,20261212
5573,1,1,1,1,1,1,1,20251214,20261212
5574,0,0,0,0,0,1,0,20260403,20261031
5575,0,0,0,0,0,0,1,20260404,20261101
5576,1,1,1,1,1,0,0,20260407,20261030
5577,1,1,1,1,1,0,0,20260407,20261030
5578,0,0,0,0,0,1,1,20260403,20261101
5579,0,0,0,0,0,1,1,20260403,20261101
5580,1,1,1,1,1,0,0,20260404,20261030
5581,1,1,1,1,1,0,1,20260404,20261101
5582,0,0,0,0,0,0,1,20260403,20261101
5583,0,0,0,0,0,1,0,20260404,20261031
5584,0,0,0,0,1,0,0,20260410,20261030
5585,1,1,1,1,0,0,0,20260407,20261029
5586,1,1,1,1,1,0,1,20260404,20261101
5587,0,0,0,0,1,0,1,20260403,20261101
5588,1,1,1,1,0,1,0,20260404,20261031
5589,0,0,0,0,0,0,1,20260403,20261101
5590,0,0,0,0,0,0,1,20260406,20261101
5591,0,0,0,0,0,1,0,20260403,20261031
5592,0,0,0,0,1,0,0,20260410,20261030
5593,1,1,1,1,0,1,1,20260403,20261101
5594,1,1,1,1,1,1,1,20260403,20261101
5595,0,0,0,0,0,0,1,20260406,20261101
5596,0,0,0,0,0,1,0,20260403,20261031
5597,1,1,1,1,0,0,0,20260407,20261029
5598,0,0,0,0,0,1,1,20251214,20261212
5599,0,0,0,0,0,1,1,20251214,20261212
5600,1,1,1,1,1,1,1,20251214,20261212
5601,1,1,1,1,1,1,1,20251214,20261212
5602,1,1,1,1,1,1,1,20251214,20261212
5603,1,1,1,1,1,1,1,20251214,20261212
5604,1,1,1,1,1,1,1,20251214,20261212
5605,1,1,1,1,1,1,1,20251214,20261212
5606,1,1,1,1,1,1,1,20251214,20261212
5607,1,1,1,1,1,1,1,20251214,20261212
5608,1,1,1,1,1,1,1,20251214,20261212
5609,0,0,0,0,1,1,0,20251219,20261212
5610,1,1,1,1,0,0,0,20251215,20261210
5611,0,0,0,0,1,1,0,20251219,20261212
5612,1,1,1,1,1,0,0,20251215,20261211
5613,1,1,1,1,1,1,1,20251214,20261212
5614,0,0,0,0,0,0,0,20251214,20261212
5615,1,1,1,1,1,0,0,20251215,20261211
5616,1,1,1,1,1,0,0,20251215,20261211
5617,1,1,1,1,1,0,0,20251215,20261211
5618,0,0,0,0,0,0,1,20251214,20261206
5619,0,0,0,0,0,1,1,20251214,20261212
5620,1,1,1,1,1,1,1,20251214,20261212
5621,0,0,0,0,0,1,1,20251214,20261212
5622,1,1,1,1,1,1,1,20251214,20261212
5623,0,0,0,0,0,1,1,20251214,20261212
5624,1,1,1,1,1,1,1,20251214,20261212
5625,1,1,1,1,1,1,1,20251214,20261212
5626,1,1,1,1,1,0,0,20251215,20261211
5627,1,1,1,1,1,1,1,20251214,20261212
5628,0,0,0,0,0,1,1,20251214,20261212
5629,1,1,1,1,1,0,0,20251215,20261211
5630,1,1,1,1,1,0,0,20251215,20261211
5631,1,1,1,1,1,1,0,20251215,20261212
5632,1,1,1,1,1,0,0,20251215,20261211
5633,0,0,0,0,0,0,0,20251214,20261212
5634,1,1,1,1,1,0,0,20251215,20261211
5635,1,1,1,1,1,1,1,20251214,20261212
5636,1,1,1,1,1,0,0,20251215,20261211
5637,0,0,0,0,0,1,1,20251214,20261212
5638,1,1,1,1,1,1,1,20251214,20261212
5639,1,1,1,1,1,0,0,20251215,20261211
5640,0,0,0,0,0,1,1,20251214,20261212
5641,0,0,0,0,1,0,0,20251219,20261211
5642,0,0,0,0,0,1,1,20251214,20261212
5643,0,0,0,0,0,1,1,20251214,20261212
5644,0,0,0,0,0,0,0,20251214,20261212
5645,1,1,1,1,1,0,0,20251215,20261211
5646,0,0,0,0,0,0,0,20251214,20261212
5647,0,0,0,0,0,0,0,20251214,20261212
5648,1,1,1,1,1,1,1,20251214,20261212
5649,1,1,1,1,1,1,1,20251214,20261212
5650,1,1,1,1,1,1,1,20251214,20261212
5651,1,1,1,1,1,1,1,20251214,20261212
5652,1,1,1,1,1,1,1,20251214,20261212
5653,1,1,1,1,1,1,1,20251214,20261212
5654,1,1,1,1,1,0,0,20251215,20261211
5655,0,0,0,0,0,1,1,20251214,20261212
5656,0,0,0,0,0,1,1,20251214,20261212
5657,0,0,0,0,0,1,1,20251214,20261212
5658,0,0,0,0,0,1,1,20251214,20261212
5659,1,0,0,0,0,0,0,20251215,20261207
5660,1,1,1,1,1,1,1,20251214,20261212
5661,1,1,1,1,1,1,1,20251214,20261212
5662,1,1,1,1,1,1,1,20251214,20261212
5663,1,1,1,1,1,1,1,20251214,20261212
5664,1,1,1,1,1,1,1,20251214,20261212
5665,0,1,1,1,1,0,0,20251216,20261211
5666,1,1,1,1,1,1,0,20251215,20261212
5667,0,0,0,0,0,0,0,20251215,20261211
5668,0,0,0,0,0,0,0,20251215,20261211
5669,1,1,1,1,1,0,0,20251215,20261211
5670,1,1,1,1,1,0,0,20251215,20261211
5671,1,1,1,1,1,0,0,20251215,20261211
5672,1,1,1,1,1,0,0,20251215,20261211
5673,0,0,0,0,0,0,0,20251215,20261211
5674,0,0,0,0,0,0,0,20251214,20261212
5675,0,0,0,0,0,0,0,20251214,20261212
5676,0,0,0,0,0,0,0,20251214,20261212
5677,0,0,0,0,0,0,0,20251214,20261212
5678,0,0,0,0,0,0,0,20251214,20261212
5679,1,1,1,1,1,0,0,20251215,20261211
5680,1,1,1,1,1,1,1,20251214,20261212
5681,1,1,1,1,1,0,0,20251215,20261211
5682,1,1,1,1,1,1,1,20251214,20261212
5683,1,1,1,1,1,1,1,20251214,20261212
5684,1,1,1,1,1,1,1,20251214,20261212
5685,1,1,1,1,1,1,1,20251214,20261212
5686,1,1,1,1,1,1,1,20251214,20261212
5687,1,1,1,1,1,1,1,20251214,20261212
5688,1,1,1,1,1,1,1,20251214,20261212
5689,0,0,0,0,0,0,0,20251214,20261212
5690,0,0,0,0,0,1,1,20260403,20261101
5691,1,1,1,1,1,1,1,20251214,20261212
5692,1,1,1,1,1,0,0,20251215,20261211
5693,1,1,1,1,1,1,1,20251214,20261212
5694,1,1,1,1,1,1,1,20251214,20261212
5695,1,1,1,1,1,0,0,20251215,20261211
5696,1,1,1,1,1,1,1,20251214,20261212
5697,1,1,1,1,1,0,0,20260216,20261211
5698,0,0,0,0,0,0,0,20251215,20261211
5699,0,0,0,0,0,0,0,20251214,20261212
5700,0,0,0,0,0,0,0,20251214,20261212
5701,0,0,0,0,0,0,0,20251214,20261212
5702,0,0,0,0,0,0,1,20251214,20261206
5703,0,0,0,0,0,0,0,20251214,20261212
5704,0,0,0,0,0,0,0,20251214,20261212
5705,0,0,0,0,0,0,0,20251215,20261211
5706,1,1,1,1,1,1,1,20251214,20261212
5707,1,1,1,1,1,1,1,20251214,20261212
5708,0,0,0,0,0,0,0,20251215,20261211
5709,0,0,0,0,0,0,0,20251222,20260831
5710,0,0,0,0,0,0,0,20251214,20261212
5711,1,1,1,1,1,0,0,20251215,20261211
5712,1,1,1,1,1,0,0,20251215,20261211
5713,1,1,1,1,1,1,1,20251214,20261212
5714,1,1,1,1,1,1,0,20251215,20261212
5715,0,0,0,0,0,0,0,20251215,20261207
5716,1,1,1,1,1,1,1,20251214,20261212
5717,1,1,1,1,1,1,1,20251214,20261212
5718,1,1,1,1,1,1,1,20251214,20261212
5719,1,1,1,1,1,1,1,20251214,20261212
5720,1,1,1,1,1,1,1,20251214,20261212
5721,1,1,1,1,1,1,1,20251214,20261212
5722,1,1,1,1,1,1,1,20251214,20261212
5723,0,0,0,0,0,0,0,20251214,20261212
5724,1,1,1,1,1,1,1,20251214,20261212
5725,1,1,1,1,1,1,1,20251214,20261212
5726,1,1,1,1,1,1,1,20251214,20261212
5727,1,1,1,1,1,1,1,20251214,20261212
5728,1,1,1,1,1,0,0,20251215,20261211
5729,1,1,1,1,1,1,1,20251214,20261212
5730,0,0,0,0,0,1,1,20251214,20261212
5731,1,1,1,1,1,0,0,20251215,20261211
5732,1,1,1,1,1,0,0,20251215,20261211
5733,1,1,1,1,1,0,0,20251215,20261211
5734,1,1,1,1,1,0,0,20251215,20261211
5735,1,1,1,1,1,0,0,20251215,20261211
5736,0,0,0,0,0,1,1,20251214,20261212
5737,0,0,0,0,0,0,0,20251214,20261212
5738,1,1,1,1,1,1,1,20251214,20261212
5739,0,0,0,0,0,0,0,20251215,20261211
5740,1,1,1,1,1,1,1,20251214,20261212
5741,1,1,1,1,1,1,1,20251214,20261212
5742,1,1,1,1,1,1,1,20251214,20261212
5743,1,1,1,1,1,1,1,20251214,20261212
5744,0,0,0,0,0,0,0,20251214,20261212
5745,0,0,0,0,0,1,1,20251214,20261212
5746,1,1,1,1,1,0,0,20251215,20261211
5747,1,1,1,1,1,0,0,20251215,20261211
5748,1,1,1,1,1,1,1,20251214,20260430
5749,1,1,1,1,1,1,1,20251214,20260430
5750,1,1,1,1,1,1,1,20251214,20260501
5751,1,1,1,1,1,1,1,20251214,20261212
5752,1,1,1,1,1,1,1,20251214,20260501
5753,1,1,1,1,1,1,1,20251214,20260430
5754,1,1,1,1,1,0,0,20251215,20261211
5755,0,0,0,0,0,0,0,20251214,20261212
5756,1,1,1,1,1,1,1,20251214,20261212
5757,1,1,1,1,1,1,1,20251214,20261212
5758,1,1,1,1,1,0,0,20251215,20261211
5759,1,1,1,1,1,1,1,20251214,20261212
5760,1,1,1,1,1,1,1,20251214,20261212
5761,1,1,1,1,1,1,1,20251214,20261212
5762,1,1,1,1,1,1,1,20251214,20261212
5763,1,1,1,1,1,1,1,20251214,20261212
5764,1,1,1,1,1,0,0,20251215,20261211
5765,1,1,1,1,1,1,1,20251214,20261212
5766,1,1,1,1,1,1,1,20251214,20261212
5767,1,1,1,1,1,1,1,20251214,20261212
5768,1,1,1,1,1,0,0,20251215,20261211
5769,1,1,1,1,1,1,1,20251214,20261212
5770,1,1,1,1,1,1,1,20251214,20260311
5771,0,0,0,0,0,0,0,20251214,20261212
5772,1,1,1,1,1,0,0,20251215,20261211
5773,1,1,1,1,1,1,1,20251214,20261212
5774,1,1,1,1,1,1,1,20251214,20261212
5775,1,1,1,1,1,0,0,20251215,20261211
5776,1,1,1,1,1,1,1,20251214,20261212
5777,1,1,1,1,1,1,1,20251214,20261212
5778,1,1,1,1,1,1,1,20251214,20261212
5779,1,1,1,1,1,1,1,20251214,20261212
5780,1,1,1,1,1,1,1,20251214,20261212
5781,1,1,1,1,1,0,0,20251215,20261211
5782,1,1,1,1,1,1,1,20251214,20261212
5783,1,1,1,1,1,1,1,20260523,20260831
5784,1,1,1,1,1,1,1,20251214,20261212
5785,0,0,0,0,1,0,0,20251219,20261211
5786,0,0,0,0,0,1,1,20251214,20261212
5787,1,1,1,1,1,1,1,20251214,20261212
5788,1,1,1,1,1,1,1,20251214,20261212
5789,1,1,1,1,1,1,1,20251214,20261212
5790,1,1,1,1,1,1,1,20251214,20261212
5791,1,1,1,1,1,1,1,20251214,20261212
5792,0,0,0,0,0,1,1,20251214,20261212
5793,1,1,1,1,1,1,1,20251214,20261212
5794,1,1,1,1,1,1,1,20251214,20261212
5795,1,1,1,1,1,1,1,20251214,20261212
5796,1,1,1,1,1,1,1,20260523,20260831
5797,1,1,1,1,1,1,1,20251214,20261212
5798,1,1,1,1,0,0,0,20251215,20261210
5799,0,0,0,0,0,1,1,20251214,20261212
5800,1,1,1,1,1,1,1,20251214,20261212
5801,1,1,1,1,1,0,0,20251215,20261211
5802,1,1,1,1,1,1,1,20251214,20261212
5803,0,0,0,0,0,1,1,20251214,20261212
5804,1,1,1,1,1,1,1,20251214,20261212
5805,1,1,1,1,1,1,1,20251214,20261212
5806,1,1,1,1,1,1,1,20251214,20261212
5807,1,1,1,1,1,1,1,20251214,20261212
5808,0,0,0,0,0,0,0,20251214,20261206
5809,0,0,0,0,0,0,0,20251215,20261207
5810,1,1,1,1,1,1,1,20251214,20261212
5811,1,1,1,1,1,1,1,20251214,20261212
5812,1,1,1,1,1,0,0,20251215,20261211
5813,1,1,1,1,1,1,1,20251214,20261212
5814,1,1,1,1,1,1,1,20251214,20261212
5815,1,1,1,1,1,1,1,20251214,20261212
5816,1,1,1,1,1,1,1,20251214,20261212
5817,1,1,1,1,1,1,1,20251214,20261212
5818,1,1,1,1,1,1,1,20251214,20261212
5819,1,1,1,1,1,1,1,20251214,20261212
5820,1,1,1,1,1,1,1,20251214,20261212
5821,1,1,1,1,1,1,1,20251214,20261212
5822,1,1,1,1,1,1,1,20251214,20261212
5823,1,1,1,1,1,1,1,20251214,20261212
5824,1,1,1,1,1,1,1,20251214,20261212
5825,1,1,1,1,1,1,1,20251214,20261212
5826,1,1,1,1,1,1,1,20251214,20261212
5827,1,1,1,1,1,1,1,20251214,20261212
5828,1,1,1,1,1,1,1,20251214,20261212
5829,1,1,1,1,1,1,1,20251214,20261212
5830,1,1,1,1,1,1,1,20251214,20261212
5831,0,0,0,0,0,0,1,20251214,20261206
5832,1,1,1,1,1,1,1,20251214,20261212
5833,1,1,1,1,1,1,1,20251214,20261212
5834,1,1,1,1,1,1,1,20251214,20261212
5835,1,1,1,1,1,1,1,20251214,20261212
5836,0,0,0,0,0,0,0,20251214,20261212
5837,0,0,0,0,0,0,0,20251214,20261212
5838,0,0,0,0,0,0,0,20251214,20261212
5839,1,1,1,1,1,1,1,20251214,20260501
5840,1,1,1,1,1,1,1,20251214,20260501
5841,0,0,0,0,0,1,1,20251214,20261212
5842,1,1,1,1,1,1,1,20251214,20261212
5843,0,0,0,0,0,1,1,20251214,20261212
5844,1,1,1,1,1,1,1,20251214,20261212
5845,1,1,1,1,1,0,0,20251215,20261211
5846,1,1,1,1,1,0,0,20251215,20261211
5847,1,1,1,1,1,1,1,20251214,20261212
5848,0,0,0,0,0,0,1,20260406,20261206
5849,1,1,1,1,1,1,1,20251214,20261212
5850,1,1,1,1,1,1,1,20251214,20261212
5851,1,1,1,1,1,1,1,20251214,20261212
5852,1,1,1,1,1,1,1,20251214,20261212
5853,1,1,1,1,1,1,1,20251214,20261212
5854,1,1,1,1,1,1,1,20251214,20261212
5855,1,1,1,1,1,0,1,20251214,20261211
5856,1,1,1,1,1,1,1,20251214,20261212
5857,0,0,0,0,1,0,0,20260402,20261211
5858,1,1,1,1,1,1,1,20251214,20261212
5859,1,1,1,1,1,1,0,20251215,20261212
5860,1,1,1,1,1,1,1,20251214,20261212
5861,0,0,0,0,0,0,0,20251215,20261207
5862,1,1,1,1,1,1,1,20251214,20261212
5863,0,0,0,0,0,0,0,20251214,20261206
5864,1,1,1,1,1,1,1,20251214,20261212
5865,1,1,1,1,1,1,0,20251215,20261212
5866,1,1,1,1,1,1,1,20251214,20261212
5867,1,1,1,1,1,1,1,20251214,20261212
5868,1,1,1,1,1,1,1,20251214,20261212
5869,0,0,0,0,0,1,1,20251214,20261212
5870,1,1,1,1,1,1,1,20251214,20261212
5871,1,1,1,1,1,1,1,20251214,20261212
5872,1,1,1,1,1,1,1,20251214,20261212
5873,1,1,1,1,1,1,1,20251214,20261212
5874,1,1,1,1,1,1,1,20251214,20261212
5875,1,1,1,1,1,0,0,20251215,20261211
5876,1,1,1,1,1,1,1,20251214,20261212
5877,1,1,1,1,1,1,1,20251215,20261212
5878,1,1,1,1,1,1,1,20251215,20261212
5879,1,1,1,1,1,1,1,20251214,20261211
5880,0,0,0,0,0,0,0,20251215,20261212
5881,0,0,0,0,0,0,0,20251215,20261212
5882,0,0,0,0,0,0,0,20251215,20261211
5883,0,0,0,0,0,0,0,20251215,20261211
5884,1,1,1,1,1,0,0,20251215,20261211
5885,0,0,0,0,0,0,0,20251215,20261211
5886,1,1,1,1,1,0,0,20251215,20261211
5887,1,1,1,1,1,0,0,20251215,20261211
5888,1,1,1,1,1,0,0,20251215,20261211
5889,1,1,1,1,1,0,0,20251215,20261211
5890,1,1,1,1,1,0,0,20251215,20261211
5891,1,1,1,1,1,0,0,20251215,20261211
5892,1,1,1,1,1,0,0,20251215,20261211
5893,1,1,1,1,1,0,0,20251215,20261211
5894,1,1,1,1,1,0,0,20251215,20261211
5895,0,0,0,0,0,0,0,20251215,20261211
5896,1,1,1,1,1,0,0,20251215,20261211
5897,1,1,1,1,1,0,0,20251215,20261211
5898,1,1,1,1,1,0,0,20251215,20261211
5899,1,1,1,1,1,0,0,20251215,20261211
5900,1,1,1,1,1,0,0,20251215,20261211
5901,1,1,1,1,1,0,0,20251215,20261211
5902,0,0,0,0,0,0,0,20251215,20261211
5903,0,0,0,0,0,0,0,20251215,20261211
5904,1,1,1,1,1,0,0,20251215,20261211
5905,1,1,1,1,1,0,0,20251215,20261211
5906,0,0,0,0,0,0,0,20251215,20261211
5907,1,1,1,1,0,0,0,20251215,20261211
5908,1,1,1,1,1,0,0,20251215,20261211
5909,0,0,0,0,0,0,0,20251215,20261211
5910,1,1,1,1,1,0,0,20251215,20261211
5911,1,1,1,1,0,0,0,20251215,20261211
5912,0,0,0,0,0,0,0,20251215,20261211
5913,1,1,1,1,0,0,0,20251215,20261211
5914,0,0,0,0,0,0,0,20251215,20261211
5915,1,1,1,1,1,0,0,20251215,20261211
5916,1,1,1,1,1,0,0,20251215,20261211
5917,0,0,0,0,0,0,0,20251215,20261211
5918,1,1,1,1,1,0,0,20251215,20261211
5919,1,1,1,1,1,0,0,20251215,20261211
5920,1,1,1,1,0,0,0,20251215,20261211
5921,0,0,0,0,0,0,0,20251215,20261211
5922,1,1,1,1,1,0,0,20251215,20261211
5923,0,0,0,0,0,0,0,20251215,20261210
5924,1,1,1,1,1,1,1,20251214,20261212
5925,1,1,1,1,1,1,1,20251214,20261212
5926,1,1,1,1,1,1,1,20251214,20261212
5927,1,1,0,1,1,0,1,20251214,20261212
5928,1,1,1,1,1,1,1,20251214,20261212
5929,1,1,0,1,0,0,1,20251214,20261212
5930,1,1,0,1,0,0,1,20251214,20261212
5931,0,0,0,0,0,0,0,20251219,20261211
5932,0,0,0,0,0,0,0,20251214,20261212
5933,1,1,1,1,1,0,0,20251215,20261211
5934,0,0,0,0,0,0,0,20251214,20261212
5935,0,0,0,0,0,0,0,20251215,20261211
5936,1,1,1,1,1,1,1,20251214,20261212
5937,1,1,1,1,1,1,1,20251214,20261212
5938,0,0,0,0,0,1,1,20251214,20261212
5939,0,0,0,0,0,1,1,20251214,20261212
5940,0,0,0,0,0,1,1,20251214,20261212
5941,0,0,0,0,0,0,1,20251214,20261212
5942,0,0,0,0,0,0,1,20251214,20261212
5943,0,0,0,0,0,0,1,20251214,20261212
5944,0,0,0,0,0,0,0,20251214,20261212
5945,0,0,0,0,0,1,0,20260321,20261031
5946,0,0,0,0,0,0,0,20251215,20261211
5947,0,0,0,0,0,0,0,20251215,20261211
5948,0,0,0,0,0,0,0,20251215,20261211
5949,0,0,0,0,0,1,1,20251214,20261212
5950,1,1,1,1,1,0,0,20251215,20261211
5951,0,0,0,0,0,1,1,20251214,20261212
5952,1,1,1,1,1,0,0,20251215,20261211
5953,1,1,1,1,1,1,0,20251215,20261211
5954,1,1,1,1,1,0,0,20251215,20261211
5955,0,0,0,0,0,0,1,20251214,20261212
5956,0,0,0,0,0,0,1,20251214,20261212
5957,0,0,0,0,0,0,0,20251214,20261212
5958,1,1,1,1,1,0,1,20251214,20261212
5959,1,1,1,1,1,0,0,20251214,20261212
5960,1,1,1,1,1,0,1,20251214,20261212
5961,1,1,1,1,1,0,0,20251215,20261211
5962,0,0,0,0,0,0,0,20251214,20261212
5963,0,0,0,0,0,0,0,20251214,20261212
5964,1,1,1,1,1,0,0,20251215,20261211
5965,1,1,1,1,1,0,1,20251214,20261212
5966,0,0,0,0,0,0,1,20251214,20261212
5967,0,0,0,0,0,1,0,20260321,20261031
5968,0,0,0,0,0,1,1,20260321,20261101
5969,1,1,1,1,1,0,0,20251215,20261211
5970,1,1,1,1,1,1,1,20251215,20261211
5971,0,0,0,0,0,1,0,20251214,20261212
5972,0,0,0,0,0,1,1,20251214,20261212
5973,0,0,0,0,0,0,0,20251214,20261212
5974,0,0,0,0,0,0,0,20251214,20261212
5975,0,0,0,0,0,1,0,20251214,20261212
5976,0,0,0,0,0,1,0,20260321,20261031
5977,0,0,0,0,0,0,0,20251215,20261211
5978,0,0,0,0,0,1,1,20251214,20261212
5979,1,1,1,1,1,1,1,20251214,20261212
5980,1,1,1,1,1,0,0,20251215,20261211
5981,0,0,0,0,0,0,0,20251214,20261212
5982,0,0,0,0,0,0,0,20251214,20261212
5983,1,1,1,1,1,0,0,20251215,20261211
5984,1,1,1,1,1,0,0,20251215,20261211
5985,1,1,1,1,1,0,0,20251215,20261211
5986,1,1,1,1,1,0,0,20251215,20261211
5987,1,1,1,1,1,0,0,20251215,20261211
5988,1,1,1,1,1,1,1,20251215,20261211
5989,1,1,1,1,1,1,0,20251215,20261211
5990,1,1,1,1,1,1,1,20251215,20261211
5991,0,0,0,0,0,1,1,20251214,20261212
5992,0,0,0,0,0,1,1,20251214,20261212
5993,1,1,1,1,1,0,0,20251215,20261211
5994,0,0,0,0,0,1,1,20251214,20261212
5995,1,1,1,1,1,1,1,20251214,20261212
5996,1,1,1,1,1,0,0,20251215,20261211
5997,1,1,1,1,1,1,1,20251214,20261212
5998,1,1,1,1,1,1,1,20251214,20261212
5999,1,1,1,1,1,0,0,20251215,20261211
6000,1,1,1,1,1,1,1,20251214,20261212
6001,1,1,1,1,1,0,0,20251215,20261211
6002,0,0,0,0,0,1,1,20251214,20261212
6003,1,1,1,1,1,0,0,20251215,20261211
6004,0,0,0,0,0,1,1,20251214,20261212
6005,1,1,1,1,1,1,1,20251214,20261212
6006,0,0,0,0,0,1,1,20251214,20261212
6007,1,1,1,1,1,1,1,20251214,20261212
6008,1,1,1,1,1,0,0,20251215,20261211
6009,1,1,1,1,1,0,0,20251215,20261211
6010,1,1,1,1,1,0,0,20251215,20261211
6011,1,1,1,1,1,0,0,20251215,20261211
6012,0,0,0,0,0,1,1,20251214,20261212
6013,1,1,1,1,1,1,1,20251214,20261212
6014,1,1,1,1,1,0,0,20251215,20261211
6015,1,1,1,1,1,0,0,20251215,20261211
6016,1,1,1,1,1,0,0,20251215,20261211
6017,1,1,1,1,1,0,0,20251215,20261211
6018,1,1,1,1,1,0,0,20251215,20261211
6019,1,1,1,1,1,0,0,20251215,20261211
6020,1,1,1,1,1,0,0,20251215,20261211
6021,1,1,1,1,1,1,1,20251214,20261212
6022,0,0,0,0,0,1,1,20251214,20261212
6023,1,1,1,1,1,0,0,20251215,20261211
6024,1,1,1,1,1,0,0,20251215,20261211
6025,1,1,1,1,1,0,0,20251215,20261211
6026,1,1,1,1,1,0,0,20251215,20261211
6027,0,0,0,0,0,1,0,20251220,20261212
6028,0,0,0,0,0,0,1,20251214,20261206
6029,1,1,1,1,1,0,0,20251215,20261211
6030,0,0,0,0,0,0,1,20251214,20261206
6031,1,1,1,1,1,0,0,20251215,20261211
6032,1,1,1,1,1,0,0,20251215,20261211
6033,1,1,1,1,1,0,0,20251215,20261211
6034,0,0,0,0,0,1,1,20251214,20261212
6035,1,1,1,1,1,0,0,20251215,20261211
6036,1,1,1,1,1,1,1,20251214,20261212
6037,1,1,1,1,1,0,0,20251215,20261211
6038,0,0,0,0,0,1,1,20251214,20261212
6039,1,1,1,1,1,0,0,20251215,20261211
6040,1,1,1,1,1,0,0,20251215,20261211
6041,1,1,1,1,1,0,0,20251215,20261211
6042,1,1,1,1,1,1,1,20251214,20261212
6043,0,0,0,0,0,1,1,20251214,20261212
6044,1,1,1,1,1,0,0,20251215,20261211
6045,1,1,1,1,1,0,0,20251215,20261211
6046,1,1,1,1,1,0,0,20251215,20261211
6047,1,1,1,1,1,1,1,20251214,20261212
6048,1,1,1,1,1,1,1,20251214,20261212
6049,1,1,1,1,1,0,0,20251215,20261211
6050,1,1,1,1,1,1,1,20251214,20261212
6051,1,1,1,1,1,1,1,20251214,20261212
6052,1,1,1,1,1,0,0,20251215,20261211
6053,1,1,1,1,1,0,0,20251215,20261211
6054,0,0,0,0,0,1,1,20251214,20261212
6055,1,1,1,1,1,0,0,20251215,20261211
6056,1,1,1,1,1,1,1,20251214,20261212
6057,1,1,1,1,1,1,1,20251214,20261212
6058,1,1,1,1,1,0,0,20251215,20261211
6059,0,0,0,0,0,0,1,20251214,20261206
6060,1,1,1,1,1,0,0,20251215,20261211
6061,1,1,1,1,1,0,0,20251215,20261211
6062,1,1,1,1,1,0,0,20251215,20261211
6063,1,1,1,1,1,1,0,20251215,20261212
6064,1,1,1,1,1,0,0,20251215,20261211
6065,1,1,1,1,1,0,0,20251215,20261211
6066,1,1,1,1,1,0,0,20251215,20261211
6067,1,1,1,1,1,0,0,20251215,20261211
6068,1,1,1,1,1,0,0,20251215,20261211
6069,1,1,1,1,1,1,1,20251214,20261212
6070,1,1,1,1,1,1,1,20251214,20261212
6071,1,1,1,1,1,1,1,20251214,20261212
6072,0,0,0,0,0,1,0,20251220,20261212
6073,0,0,0,0,0,0,1,20251214,20261206
6074,0,0,0,0,0,0,1,20251214,20261206
6075,1,1,1,1,1,0,0,20251215,20261211
6076,1,1,1,1,1,0,0,20251215,20261211
6077,1,1,1,1,1,0,0,20251215,20261211
6078,0,0,0,0,0,1,0,20251220,20261212
6079,1,1,1,1,1,0,0,20251215,20261211
6080,1,1,1,1,1,0,0,20251215,20261211
6081,0,0,0,0,0,1,1,20251214,20261212
6082,1,1,1,1,1,0,0,20251215,20261211
6083,0,0,0,0,0,1,1,20251214,20261212
6084,1,1,1,1,1,1,1,20251214,20261212
6085,1,1,1,1,1,1,0,20251215,20261212
6086,1,1,1,1,1,0,0,20251215,20261211
6087,0,0,0,0,0,0,1,20251214,20261206
6088,0,0,0,0,0,1,1,20251214,20261212
6089,1,1,1,1,1,0,0,20251215,20261211
6090,1,1,1,1,1,0,0,20251215,20261211
6091,1,1,1,1,1,0,0,20251215,20261211
6092,1,1,1,1,1,0,0,20251215,20261211
6093,1,1,1,1,1,0,0,20251215,20261211
6094,1,1,1,1,1,0,0,20251215,20261211
6095,1,1,1,1,1,1,1,20251214,20261212
6096,0,0,0,0,0,1,0,20251220,20261212
6097,1,1,1,1,1,1,1,20251214,20261212
6098,1,1,1,1,1,1,1,20251214,20261212
6099,0,0,0,0,0,0,1,20251214,20261206
6100,1,1,1,1,1,0,0,20251215,20261211
6101,1,1,1,1,1,0,0,20251215,20261211
6102,0,0,0,0,0,1,1,20251214,20261212
6103,1,1,1,1,1,1,1,20251214,20261212
6104,1,1,1,1,1,1,1,20251214,20261212
6105,1,1,1,1,1,0,0,20251215,20261211
6106,1,1,1,1,1,0,0,20251215,20261211
6107,1,1,1,1,0,0,0,20251215,20261210
6108,1,1,1,1,0,0,0,20251215,20261210
6109,1,1,1,1,0,0,0,20251215,20261210
6110,0,0,0,0,0,1,1,20251214,20261212
6111,1,1,1,1,1,0,0,20251215,20261211
6112,0,0,0,0,1,0,0,20251219,20261211
6113,0,0,0,0,0,0,1,20251214,20261206
6114,0,0,0,0,1,0,0,20251219,20261211
6115,0,0,0,0,0,0,1,20251214,20261206
6116,0,0,0,0,0,1,0,20251220,20261212
6117,1,1,1,1,1,0,0,20251215,20261211
6118,1,0,0,0,0,0,0,20251215,20261207
6119,1,1,1,1,1,0,0,20251215,20261211
6120,0,0,0,0,0,1,0,20251220,20261212
6121,0,0,0,0,0,1,1,20251214,20261212
6122,1,1,1,1,1,1,1,20251214,20261212
6123,0,0,0,0,0,1,1,20251214,20261212
6124,0,0,0,0,0,0,0,20251215,20261211
6125,0,0,0,0,0,1,0,20251220,20261212
6126,0,0,0,0,0,0,1,20251214,20261206
6127,0,0,0,0,0,0,1,20251214,20261206
6128,1,1,1,1,1,0,1,20251214,20261211
6129,1,1,1,1,1,1,1,20251214,20261212
6130,1,1,1,1,1,0,0,20251215,20261211
6131,1,1,1,1,0,1,1,20251214,20261212
6132,0,1,1,1,1,0,0,20251216,20261211
6133,0,0,0,0,0,1,0,20251220,20261212
6134,1,1,1,1,1,1,0,20251215,20261212
6135,0,0,0,0,0,0,1,20251214,20261206
6136,0,0,0,0,0,0,1,20251214,20261206
6137,1,1,1,1,1,1,1,20251214,20261212
6138,1,1,1,1,1,0,0,20251215,20261211
6139,0,0,0,0,0,1,1,20251214,20261212
6140,1,1,1,1,0,0,0,20251215,20261210
6141,1,1,1,1,0,1,1,20251214,20261212
6142,1,1,1,1,0,0,0,20251215,20261210
6143,1,1,1,1,1,1,0,20251215,20261212
6144,0,0,0,0,0,1,0,20251220,20261212
6145,0,0,0,0,0,1,0,20251220,20261212
6146,1,1,1,1,1,0,0,20251215,20261211
6147,0,0,0,0,0,0,0,20251226,20260927
6148,0,0,0,0,1,0,0,20251219,20261211
6149,1,1,1,1,1,1,0,20251215,20261212
6150,0,0,0,0,1,1,0,20251219,20261212
6151,1,1,1,1,1,0,0,20251215,20261211
6152,1,1,1,1,1,0,0,20251215,20261211
6153,1,1,1,1,1,1,0,20251215,20261212
6154,1,1,1,1,1,0,1,20251214,20261211
6155,0,0,0,0,0,0,1,20251214,20261206
6156,1,1,1,1,1,0,1,20251214,20261211
6157,1,1,1,1,1,0,0,20251215,20261211
6158,1,1,1,1,1,0,0,20251215,20261211
6159,1,1,1,1,1,0,0,20251215,20261211
6160,0,0,0,0,0,1,0,20251220,20261212
6161,1,1,1,1,1,1,0,20251215,20261212
6162,1,1,1,1,1,0,0,20251215,20261211
6163,1,1,1,1,1,1,1,20251214,20261212
6164,1,1,1,1,1,1,1,20251214,20261212
6165,1,1,1,1,1,1,1,20251214,20261212
6166,1,1,1,1,1,1,1,20251214,20261212
6167,1,1,1,1,1,0,0,20251215,20261211
6168,1,1,1,1,1,1,1,20251214,20261212
6169,1,1,1,1,1,0,0,20251215,20261211
6170,1,1,1,1,0,0,1,20251214,20261210
6171,0,0,0,0,0,0,1,20251214,20261206
6172,1,1,1,1,1,1,0,20251215,20261212
6173,1,1,1,1,1,0,0,20251215,20261211
6174,1,1,1,1,1,0,0,20251215,20261211
6175,0,0,0,0,0,1,0,20260328,20261024
6176,0,0,0,0,0,1,1,20251214,20261212
6177,1,1,1,1,1,1,1,20251214,20261211
6178,1,1,1,1,1,1,1,20251214,20261211
6179,1,1,1,1,1,1,1,20251215,20261211
6180,1,1,1,1,1,1,1,20251215,20261211
6181,1,1,1,1,1,0,0,20251215,20261211
6182,1,1,1,1,1,1,1,20251214,20261212
6183,1,1,1,1,1,1,0,20251215,20261212
6184,1,1,1,1,1,1,1,20251214,20261212
6185,1,1,1,1,1,0,0,20251215,20261211
6186,1,1,1,1,1,1,1,20251214,20261212
6187,1,1,1,1,1,1,0,20251215,20261212
6188,1,1,1,1,1,1,0,20251215,20261212
6189,1,1,1,1,1,0,0,20251215,20261211
6190,1,1,1,1,1,0,0,20251215,20261211
6191,1,1,1,1,1,1,1,20251214,20261212
6192,1,1,1,1,1,0,0,20251215,20261211
6193,1,1,1,1,1,1,1,20251214,20261212
6194,1,1,1,1,1,1,1,20251214,20261212
6195,1,1,1,1,1,0,0,20251215,20261211
6196,0,0,0,0,0,0,0,20251229,20260831
6197,0,0,0,0,0,0,0,20251229,20260831
6198,0,0,0,0,0,0,0,20251215,20261211
6199,1,1,1,1,1,0,0,20251215,20261211
6200,1,1,1,1,1,0,0,20251215,20261211
6201,1,1,1,1,1,0,0,20251215,20261211
6202,1,1,1,1,1,0,0,20251215,20261211
6203,1,1,1,1,1,1,1,20251214,20261212
6204,1,1,1,1,1,1,0,20251215,20261212
6205,1,1,1,1,1,1,0,20251215,20261212
6206,1,1,1,1,1,0,0,20251215,20261211
6207,1,1,1,1,1,1,1,20251214,20261212
6208,1,1,1,1,1,1,1,20251214,20261212
6209,0,0,0,0,0,1,1,20251214,20261212
6210,1,1,1,1,1,1,0,20251215,20261212
6211,1,1,1,1,1,1,1,20251214,20261212
6212,1,1,1,1,1,0,0,20251215,20261211
6213,1,1,1,1,1,0,0,20251215,20261211
6214,0,0,0,0,0,1,1,20251214,20261212
6215,1,1,1,1,1,1,1,20251214,20261212
6216,1,1,1,1,1,0,0,20251215,20261211
6217,1,1,1,1,1,0,0,20251215,20261211
6218,1,1,1,1,1,0,0,20251215,20261211
6219,1,1,1,1,1,0,0,20251215,20261211
6220,0,0,0,0,0,0,1,20251214,20261206
6221,1,1,1,1,1,0,0,20251215,20261211
6222,0,0,0,0,0,1,1,20251214,20261212
6223,1,1,1,1,1,0,0,20251215,20261211
6224,1,1,1,1,1,0,0,20251215,20261211
6225,1,1,1,1,1,1,1,20251214,20261212
6226,0,0,0,0,0,1,1,20251214,20261212
6227,1,1,1,1,1,1,1,20251214,20261212
6228,1,1,1,1,1,0,0,20251215,20261211
6229,1,1,1,1,1,0,0,20251215,20261211
6230,1,1,1,1,1,0,0,20251215,20261211
6231,1,1,1,1,1,1,1,20251214,20261212
6232,1,1,1,1,1,1,1,20251214,20261212
6233,1,1,1,1,1,1,1,20251214,20261212
6234,0,0,0,0,0,1,1,20251214,20261212
6235,1,1,1,1,1,0,0,20251215,20261211
6236,1,1,1,1,1,0,0,20251215,20261211
6237,1,1,1,1,1,1,1,20251214,20261212
6238,1,1,1,1,1,1,1,20251214,20261212
6239,1,1,1,1,1,0,0,20251215,20261211
6240,0,0,0,0,0,0,1,20251214,20261206
6241,0,0,0,1,0,0,0,20260514,20260625
6242,1,1,1,1,1,1,1,20251214,20261212
6243,1,1,1,1,1,1,1,20251214,20261212
6244,1,1,1,1,1,1,1,20251214,20261212
6245,0,0,0,0,0,0,0,20260606,20260928
6246,1,1,1,1,1,0,0,20251215,20261211
6247,0,0,0,0,0,1,1,20251214,20261212
6248,1,1,1,1,1,1,0,20251215,20261212
6249,1,1,1,1,1,1,1,20251214,20261212
6250,1,1,1,1,1,1,1,20251214,20261212
6251,0,0,0,0,0,0,1,20251214,20261212
6252,1,1,1,1,1,0,0,20251215,20261211
6253,1,1,1,1,1,0,0,20251215,20261211
6254,0,0,0,0,0,0,0,20251220,20261212
6255,0,0,0,0,0,0,1,20251214,20261206
6256,0,0,0,0,0,0,1,20251214,20261206
6257,1,1,1,1,1,0,0,20251215,20261211
6258,1,1,1,1,1,1,1,20251214,20261212
6259,1,1,1,1,1,0,0,20251215,20261211
6260,1,1,1,1,1,0,0,20251215,20261211
6261,1,1,1,1,1,0,0,20251215,20261211
6262,1,1,1,1,1,0,0,20251215,20261211
6263,1,1,1,1,1,1,1,20251214,20261212
6264,1,1,1,1,1,0,0,20251215,20261211
6265,1,1,1,1,1,0,0,20251215,20261211
6266,0,0,0,0,0,1,1,20251214,20261212
6267,1,1,1,1,1,1,1,20251214,20261212
6268,1,1,1,1,1,0,0,20251215,20261211
6269,1,1,1,1,1,0,0,20251215,20261211
6270,1,1,1,1,0,0,0,20251215,20261210
6271,1,1,1,1,1,0,0,20251215,20261211
6272,0,0,0,0,0,0,1,20251214,20261206
6273,0,0,0,0,0,1,1,20251214,20261212
6274,1,1,1,1,1,1,1,20251214,20261212
6275,1,1,1,1,1,0,0,20251215,20261211
6276,0,0,0,0,1,0,0,20251219,20261211
6277,0,0,0,0,0,0,1,20251214,20261206
6278,1,1,1,1,1,1,1,20251214,20261212
6279,1,1,1,1,1,1,1,20251214,20261212
6280,1,1,1,1,1,1,1,20251214,20261212
6281,1,1,1,1,1,0,0,20251215,20261211
6282,1,1,1,1,1,1,1,20251214,20261212
6283,1,1,1,1,1,1,0,20251215,20261212
6284,1,1,1,1,1,0,1,20251214,20261211
6285,1,1,1,1,1,0,0,20251215,20261211
6286,1,1,1,1,1,0,0,20251215,20261211
6287,0,0,0,0,0,1,1,20251214,20261212
6288,1,1,1,1,1,0,0,20251215,20261211
6289,1,1,1,1,1,1,1,20251214,20261212
6290,1,1,1,1,1,0,0,20251215,20261211
6291,1,1,1,1,1,1,1,20251214,20261212
6292,1,1,1,1,1,0,0,20251215,20261211
6293,1,1,1,1,1,0,0,20251215,20261211
6294,1,1,1,1,1,0,0,20251215,20261211
6295,1,1,1,1,1,0,0,20251215,20261211
6296,1,1,1,1,1,1,1,20251214,20261212
6297,1,1,1,1,1,0,0,20251215,20261211
6298,1,1,1,1,1,0,0,20251215,20261211
6299,1,1,1,1,1,0,0,20251215,20261211
6300,1,1,1,1,1,0,0,20251215,20261211
6301,1,1,1,1,1,0,0,20251215,20261211
6302,1,1,1,1,1,0,0,20251215,20261211
6303,0,0,0,0,1,1,1,20251214,20261212
6304,0,0,0,0,1,1,1,20251214,20261212
6305,0,0,0,0,1,1,1,20251214,20261212
6306,1,1,1,1,1,1,1,20251214,20261212
6307,1,1,1,1,1,0,0,20251215,20261211
6308,1,1,1,1,1,0,0,20251215,20261211
6309,1,1,1,1,1,1,1,20251214,20261212
6310,0,0,0,0,0,1,1,20260328,20261101
6311,0,0,0,0,0,1,1,20260328,20261101
6312,1,1,1,1,1,0,0,20251215,20261211
6313,0,0,0,0,0,1,1,20260328,20261101
6314,0,0,0,0,0,0,1,20251214,20261206
6315,0,0,0,0,0,0,1,20251214,20261206
6316,0,0,0,0,0,1,0,20251220,20261212
6317,0,0,0,0,0,0,1,20251214,20261206
6318,1,1,1,1,1,0,0,20251215,20261211
6319,1,1,1,1,1,1,1,20251214,20261212
6320,1,1,1,1,1,0,0,20251215,20261211
6321,1,1,1,1,1,0,0,20251215,20261211
6322,1,1,1,1,1,0,0,20251215,20261211
6323,1,1,1,1,1,0,0,20251215,20261211
6324,1,1,1,1,1,0,0,20251215,20261211
6325,0,0,0,0,0,0,0,20251215,20261211
6326,0,0,0,0,0,1,0,20251220,20261212
6327,0,0,0,0,0,0,0,20251215,20261211
6328,1,1,1,1,1,0,0,20251215,20261211
6329,1,1,1,1,1,0,0,20251215,20261211
6330,1,1,1,1,1,0,0,20251215,20261211
6331,1,1,1,1,1,0,0,20251215,20261211
6332,0,0,0,0,1,0,0,20251219,20261211
6333,0,0,0,0,0,1,0,20251220,20261212
6334,1,1,1,1,1,0,0,20251215,20261211
6335,1,1,1,1,1,0,0,20251215,20261211
6336,1,1,1,1,1,1,1,20251214,20261212
6337,1,1,1,1,1,1,1,20251214,20261212
6338,1,1,1,1,1,0,0,20251215,20261211
6339,0,0,0,0,0,0,0,20251214,20261212
6340,1,1,1,1,1,0,0,20251215,20261211
6341,1,1,1,1,1,0,0,20251215,20261211
6342,0,0,0,0,0,1,1,20251214,20261212
6343,1,1,1,1,1,1,1,20251214,20261212
6344,1,1,1,1,1,0,0,20251215,20261211
6345,1,1,1,1,1,1,1,20251214,20261212
6346,1,1,1,1,1,1,1,20251214,20261212
6347,1,1,1,1,1,0,0,20251215,20261211
6348,1,1,1,1,1,0,0,20251215,20261211
6349,1,1,1,1,1,1,1,20251214,20261212
6350,1,1,1,1,1,1,1,20251214,20261212
6351,1,1,1,1,1,1,1,20251214,20261212
6352,1,1,1,1,1,0,0,20251215,20261211
6353,0,0,0,0,0,1,1,20251214,20261212
6354,0,0,0,0,0,0,0,20251215,20261211
6355,1,1,1,1,1,0,0,20251215,20261211
6356,1,1,1,1,1,0,0,20251215,20261211
6357,1,1,1,1,1,1,1,20251214,20261212
6358,1,1,1,1,1,0,0,20251215,20261211
6359,1,1,1,1,1,0,0,20251215,20261211
6360,1,1,1,1,1,0,0,20251215,20261211
6361,1,1,1,1,1,0,0,20251215,20261211
6362,1,1,1,1,1,0,0,20251215,20261211
6363,1,1,1,1,1,0,0,20251215,20261211
6364,1,1,1,1,1,0,0,20251215,20261211
6365,0,0,0,0,0,0,0,20251215,20261211
6366,1,1,1,1,1,0,0,20251215,20261211
6367,1,1,1,1,1,0,0,20251215,20261211
6368,0,0,0,0,0,0,0,20251222,20260831
6369,1,1,1,1,1,0,0,20251215,20261211
6370,1,1,1,1,1,0,0,20251215,20261211
6371,1,1,1,1,1,0,0,20251215,20261211
6372,0,0,0,0,0,1,0,20251220,20261212
6373,0,0,0,0,0,1,1,20251214,20261212
6374,0,0,0,0,0,1,1,20251214,20261212
6375,1,1,1,1,1,0,0,20251215,20261211
6376,0,0,0,0,0,0,0,20251221,20260831
6377,0,0,0,0,1,0,0,20251219,20261211
6378,0,0,0,0,0,1,1,20251214,20261212
6379,0,0,0,0,0,1,1,20251214,20261212
6380,1,1,1,1,1,1,1,20251214,20261212
6381,1,1,1,1,1,1,1,20251214,20261212
6382,1,1,1,1,1,0,0,20251215,20261211
6383,1,1,1,1,1,1,1,20251214,20261212
6384,1,1,1,1,1,1,1,20251214,20261212
6385,1,1,1,1,1,1,1,20251214,20261212
6386,1,1,1,1,1,0,1,20251214,20261211
6387,1,1,1,1,0,1,1,20251214,20261212
6388,1,1,1,1,1,1,1,20251214,20261212
6389,1,1,1,1,1,0,0,20251215,20261211
6390,1,1,1,1,1,1,1,20251214,20261212
6391,1,1,1,1,1,0,0,20251215,20261211
6392,1,1,1,1,1,0,0,20251215,20261211
6393,1,1,1,1,1,1,1,20251214,20261212
6394,1,1,1,1,1,0,0,20251215,20261211
6395,0,0,0,0,0,1,1,20251214,20261212
6396,1,1,1,1,1,0,0,20251215,20261211
6397,1,1,1,1,1,0,0,20251215,20261211
6398,0,0,0,0,0,1,1,20251214,20261212
6399,1,1,1,1,1,0,0,20251215,20261211
6400,0,0,0,0,0,1,1,20251214,20261212
6401,0,0,0,0,0,1,1,20251214,20261212
6402,1,1,1,1,1,0,0,20251215,20261211
6403,0,0,0,0,0,1,1,20251214,20261212
6404,1,1,1,1,1,0,0,20251215,20261211
6405,1,1,1,1,1,0,0,20251215,20261211
6406,0,0,0,0,0,1,1,20251214,20261212
6407,1,1,1,1,1,0,0,20251215,20261211
6408,1,1,1,1,1,0,0,20251215,20261211
6409,0,0,0,0,0,1,1,20251214,20261212
6410,1,1,1,1,1,0,0,20251215,20261211
6411,1,1,1,1,1,1,1,20251214,20261212
6412,1,1,1,1,1,0,0,20251215,20261211
6413,1,1,1,1,1,0,0,20251215,20261211
6414,1,1,1,1,1,1,1,20251214,20261212
6415,1,1,1,1,1,0,0,20251215,20261211
6416,1,1,1,1,1,1,1,20251214,20261212
6417,1,1,1,1,1,1,1,20251214,20261212
6418,1,1,1,1,1,0,0,20251215,20261211
6419,1,1,1,1,1,1,1,20251214,20261212
6420,1,1,1,1,1,0,0,20251215,20261211
6421,1,1,1,1,1,1,1,20251214,20261212
6422,1,1,1,1,1,0,0,20251215,20261211
6423,1,1,1,1,1,1,1,20251214,20261212
6424,0,0,0,0,1,0,0,20251219,20261211
6425,1,1,1,1,1,1,1,20251214,20261212
6426,1,1,1,1,1,1,1,20251214,20261212
6427,1,1,1,1,1,0,0,20251215,20261211
6428,1,1,1,1,1,1,0,20251215,20261212
6429,1,1,1,1,1,0,0,20251215,20261211
6430,0,0,0,0,0,1,1,20251214,20261212
6431,1,1,1,1,0,0,0,20251215,20261210
6432,1,1,1,1,1,0,0,20251215,20261211
6433,1,1,1,1,1,1,1,20251214,20261212
6434,1,1,1,1,1,1,1,20251214,20261212
6435,1,1,1,1,1,1,0,20251215,20261212
6436,1,1,1,1,1,1,1,20251214,20261212
6437,0,0,0,0,0,0,0,20251219,20261212
6438,1,1,1,1,0,0,0,20251215,20261210
6439,0,0,0,0,0,1,1,20251214,20261212
6440,0,0,0,0,0,0,0,20251215,20261211
6441,0,0,0,0,0,0,0,20251215,20261211
6442,0,0,0,0,0,0,0,20251214,20261212
6443,0,0,0,0,0,0,0,20251214,20261206
6444,0,0,0,0,0,0,0,20251215,20261211
6445,0,0,0,0,0,0,0,20251214,20261212
6446,0,0,0,0,0,0,0,20251215,20261211
6447,0,0,0,0,0,0,0,20251214,20261212
6448,0,0,0,0,0,0,0,20251215,20261211
6449,0,0,0,0,0,1,1,20251214,20261212
6450,0,0,0,0,0,0,0,20251214,20261210
6451,0,0,0,0,1,1,0,20251219,20261212
6452,0,0,0,0,0,1,1,20251214,20261212
6453,1,1,1,1,1,1,0,20251215,20261212
6454,0,0,0,0,0,1,1,20251214,20261212
6455,0,0,0,0,0,0,0,20251214,20261212
6456,0,0,0,0,0,0,0,20251215,20261211
6457,0,0,0,0,0,0,0,20251214,20261212
6458,0,0,0,0,0,0,0,20251214,20261212
6459,1,1,1,1,1,1,1,20251214,20261212
6460,0,0,0,0,0,0,0,20251215,20261211
6461,1,1,1,1,1,1,1,20251214,20261212
6462,0,0,0,0,0,0,0,20251214,20261212
6463,0,0,0,0,0,0,0,20251214,20261212
6464,0,0,0,0,0,0,0,20251214,20261212
6465,0,0,0,0,0,0,0,20251215,20261211
6466,1,1,1,1,1,1,1,20251214,20261212
6467,0,0,0,0,1,1,0,20251219,20261212
6468,1,1,1,1,1,1,1,20251214,20261212
6469,0,0,0,0,0,0,0,20251214,20261212
6470,1,1,1,1,1,0,0,20251215,20261211
6471,0,0,0,0,0,0,0,20251220,20261212
6472,0,0,0,0,0,0,0,20251215,20261211
6473,0,0,0,0,0,1,1,20251214,20261212
6474,1,1,1,1,0,0,1,20251214,20261210
6475,1,1,1,1,1,0,0,20251215,20261211
6476,1,1,1,1,1,0,0,20251215,20261211
6477,1,1,1,1,1,0,0,20251215,20261211
6478,0,0,0,0,0,1,1,20251214,20261212
6479,0,0,0,0,0,0,0,20251222,20260831
6480,1,1,1,1,1,1,1,20251214,20261212
6481,1,1,1,1,1,0,0,20251215,20261211
6482,0,0,0,0,0,1,1,20251214,20261212
6483,1,1,1,1,1,1,1,20251214,20261212
6484,1,1,1,1,1,0,0,20251214,20261212
6485,1,1,1,1,1,0,0,20251215,20261211
6486,1,1,1,1,1,0,0,20251215,20261211
6487,1,1,1,1,1,0,0,20251215,20261211
6488,1,1,1,1,1,0,0,20251215,20261211
6489,1,1,1,1,1,0,0,20251215,20261211
6490,1,1,1,1,1,1,1,20251214,20261212
6491,1,1,1,1,1,1,1,20251214,20261212
6492,1,1,1,1,1,0,0,20251215,20261211
6493,1,1,1,1,1,1,0,20251215,20261212
6494,1,1,1,1,1,0,0,20251215,20261211
6495,1,1,1,1,1,1,1,20260328,20261025
6496,1,1,1,1,1,0,0,20251215,20261211
6497,1,1,1,1,1,1,1,20260328,20261025
6498,0,0,0,0,1,1,1,20260425,20260831
6499,1,1,1,1,1,1,1,20251214,20261212
6500,0,0,0,0,0,0,0,20251214,20261212
6501,1,1,1,1,1,0,0,20251215,20261211
6502,1,1,1,1,1,0,0,20251215,20261211
6503,0,0,0,0,1,1,1,20260425,20260831
6504,1,1,1,1,1,1,1,20260328,20261025
6505,0,0,0,0,0,0,0,20251214,20261212
6506,1,1,1,1,1,0,0,20251215,20261211
6507,1,1,1,1,1,0,0,20251215,20261211
6508,0,0,0,0,0,0,0,20251214,20261212
6509,1,1,1,1,1,1,1,20251214,20261212
6510,0,0,0,0,0,0,0,20251214,20261212
6511,0,0,0,0,0,0,0,20251215,20261211
6512,0,0,0,0,0,0,0,20251214,20261212
6513,1,1,1,1,1,0,0,20251215,20261211
6514,1,1,1,1,1,1,1,20251214,20261212
6515,0,0,0,0,0,1,1,20260321,20261101
6516,1,1,1,1,1,1,1,20251214,20261212
6517,1,1,1,1,1,1,1,20251214,20261212
6518,1,1,1,1,1,1,1,20251214,20261212
6519,1,1,1,1,1,1,1,20251214,20261212
6520,0,0,0,0,1,0,0,20251219,20261211
6521,1,1,1,1,1,1,1,20251214,20261212
6522,0,0,0,0,1,1,1,20251214,20261212
6523,0,0,0,0,0,1,1,20251214,20261212
6524,1,1,1,1,1,0,0,20251215,20261211
6525,0,0,0,0,0,1,1,20251214,20261212
6526,1,1,1,1,1,0,0,20251215,20261211
6527,1,1,1,1,1,1,1,20251214,20261212
6528,1,1,1,1,1,0,0,20251215,20261211
6529,0,0,0,0,0,0,0,20251222,20260831
6530,1,1,1,1,1,0,0,20251215,20261211
6531,1,1,1,1,1,0,0,20251215,20261211
6532,1,1,1,1,1,0,0,20251215,20261211
6533,1,1,1,1,1,0,0,20251215,20261211
6534,0,0,0,0,0,1,0,20251220,20261212
6535,1,1,1,1,1,1,1,20251214,20261212
6536,1,1,1,1,1,0,0,20251215,20261211
6537,1,1,1,1,1,0,0,20251215,20261211
6538,1,1,1,1,1,1,1,20251214,20261212
6539,1,1,1,1,1,1,1,20251214,20261212
6540,1,1,1,1,1,1,1,20251214,20261212
6541,1,1,1,1,1,0,0,20251215,20261211
6542,1,1,1,1,1,0,0,20251215,20261211
6543,1,1,1,1,1,0,0,20251215,20261211
6544,0,0,0,0,0,1,1,20251214,20261212
6545,1,1,1,1,1,0,0,20251215,20261211
6546,0,0,0,0,0,0,0,20251214,20261212
6547,1,1,1,1,1,0,0,20251215,20261211
6548,0,0,0,0,0,0,0,20251214,20261212
6549,1,1,1,1,1,1,1,20251214,20261212
6550,1,1,1,1,1,0,0,20251215,20261211
6551,1,1,1,1,1,1,1,20251214,20261212
6552,0,0,0,0,0,1,1,20251214,20261212
6553,1,1,1,1,1,0,0,20251215,20261211
6554,1,1,1,1,1,1,1,20251214,20261212
6555,1,1,1,1,1,1,1,20251214,20261212
6556,1,1,1,1,1,1,1,20251214,20261212
6557,1,1,1,1,1,0,0,20251214,20261212
6558,0,0,0,0,0,0,0,20251214,20261212
6559,1,1,1,1,1,0,0,20251215,20261211
6560,1,1,1,1,1,0,0,20251215,20261211
6561,1,1,1,1,1,0,0,20251215,20261211
6562,0,0,0,0,0,0,0,20251214,20261212
6563,1,1,1,1,1,0,0,20251215,20261211
6564,1,1,1,1,1,1,1,20251214,20261212
6565,1,1,1,1,1,0,0,20251215,20261211
6566,1,1,1,1,1,0,0,20251215,20261211
6567,1,1,1,1,1,0,0,20251215,20261211
6568,1,1,1,1,1,0,0,20251215,20261211
6569,0,0,0,0,0,0,0,20251222,20260831
6570,1,1,1,1,1,0,0,20251215,20261211
6571,1,1,1,1,1,0,0,20251215,20261211
6572,1,1,1,1,1,0,0,20251215,20261211
6573,1,1,1,1,1,1,1,20251214,20261212
6574,1,1,1,1,1,0,0,20251215,20261211
6575,1,1,1,1,1,0,0,20251215,20261211
6576,1,1,1,1,1,0,0,20251215,20261211
6577,1,1,1,1,1,1,1,20251214,20261212
6578,1,1,1,1,1,0,0,20251215,20261211
6579,0,0,0,0,0,1,1,20251214,20261212
6580,0,0,0,0,0,0,0,20251214,20261212
6581,1,1,1,1,1,1,1,20251214,20261212
6582,1,1,1,1,1,0,0,20251215,20261211
6583,1,1,1,1,1,1,1,20251214,20261212
6584,1,1,1,1,1,1,1,20251214,20261212
6585,1,1,1,1,1,1,0,20251215,20261212
6586,1,1,1,1,1,1,1,20251214,20261212
6587,1,1,1,1,1,1,1,20251214,20261212
6588,1,1,1,1,1,1,1,20251214,20261212
6589,0,0,0,0,0,0,1,20251214,20261206
6590,1,1,1,1,1,1,1,20251214,20261212
6591,1,1,1,1,1,1,1,20251214,20261212
6592,0,0,0,0,0,0,0,20251214,20261211
6593,1,1,1,1,1,1,1,20251214,20261212
6594,0,0,0,0,0,0,0,20251220,20261212
6595,1,1,1,1,1,1,1,20251214,20261212
6596,1,1,1,1,1,1,0,20251215,20261212
6597,1,1,1,1,1,1,1,20251214,20261212
6598,1,1,1,1,1,1,1,20251214,20261212
6599,1,1,1,1,1,1,1,20251214,20261212
6600,1,1,1,1,1,1,1,20251214,20261212
6601,1,1,1,1,1,1,1,20251214,20261212
6602,1,1,1,1,1,1,1,20251214,20261212
6603,1,1,1,1,1,1,1,20251214,20261212
6604,1,1,1,1,1,1,1,20251214,20261212
6605,1,1,1,1,1,1,1,20251214,20261212
6606,1,1,1,1,1,1,1,20251214,20261212
6607,1,1,1,1,1,0,0,20251215,20261211
6608,0,0,0,0,0,1,0,20260516,20261017
6609,1,1,1,1,1,1,0,20251215,20261212
6610,0,0,0,0,0,0,1,20251214,20261206
6611,1,1,1,1,1,0,0,20251215,20261211
6612,0,0,0,0,0,0,0,20251214,20261206
6613,1,1,1,1,1,1,0,20251215,20261212
6614,1,1,1,1,1,1,1,20251214,20261212
6615,1,1,1,1,1,1,1,20251214,20261212
6616,1,1,1,1,1,1,1,20251214,20261212
6617,1,1,1,1,1,0,0,20251215,20261211
6618,1,1,1,1,1,1,1,20251214,20261212
6619,1,1,1,1,1,0,0,20251215,20261211
6620,0,0,0,0,0,1,1,20260321,20261101
6621,0,0,0,0,0,1,1,20260321,20261101
6622,1,1,1,1,1,0,0,20251215,20261211
6623,1,1,1,1,1,1,1,20251214,20261212
6624,1,1,1,1,1,0,0,20251215,20261211
6625,1,1,1,1,1,1,1,20251214,20261212
6626,1,1,1,1,1,1,1,20251214,20261212
6627,1,1,1,1,1,0,0,20251215,20261211
6628,1,1,1,1,1,1,1,20251214,20261212
6629,1,1,1,1,1,0,0,20251215,20261211
6630,1,1,1,1,1,0,1,20251214,20261211
6631,0,0,0,0,0,1,0,20251220,20261212
6632,1,1,1,1,1,1,1,20251214,20261212
6633,1,1,1,1,1,0,0,20251215,20261211
6634,0,0,0,0,0,1,1,20251214,20261212
6635,1,1,1,1,1,1,1,20251214,20261212
6636,1,1,1,1,1,0,0,20251215,20261211
6637,0,0,0,0,0,1,1,20251214,20261212
6638,0,0,0,0,0,0,0,20251214,20261212
6639,0,0,0,0,0,1,1,20251214,20261212
6640,1,1,1,1,1,1,1,20251214,20261212
6641,1,1,1,1,1,1,1,20251214,20261212
6642,0,0,0,0,0,0,0,20251215,20261211
6643,0,0,0,0,0,1,1,20260403,20260928
6644,0,0,0,0,0,1,1,20260403,20260928
6645,0,0,0,0,0,1,1,20251214,20261212
6646,0,0,0,0,0,1,1,20251214,20261212
6647,1,1,1,1,1,0,0,20251215,20261211
6648,1,1,1,1,1,1,1,20251214,20261212
6649,1,1,1,1,1,0,0,20251215,20261211
6650,0,0,0,0,0,1,1,20251214,20261212
6651,0,0,0,0,0,1,1,20251214,20261212
6652,1,1,1,1,1,0,0,20251215,20261211
6653,1,1,1,1,1,1,1,20251214,20261212
6654,1,1,1,1,1,0,0,20251215,20261211
6655,0,0,0,0,0,0,1,20251214,20261206
6656,1,1,1,1,1,1,0,20251215,20261212
6657,1,1,1,1,1,1,1,20251214,20261212
6658,1,1,1,1,1,0,0,20251215,20261211
6659,1,1,1,1,1,0,0,20251215,20261211
6660,1,1,1,1,1,1,1,20251214,20261212
6661,0,0,0,0,0,0,1,20251214,20261206
6662,1,1,1,1,1,1,0,20251215,20261212
6663,0,0,0,0,0,0,1,20251214,20261206
6664,1,1,1,1,1,1,1,20251214,20261212
6665,1,1,1,1,1,1,1,20251214,20261212
6666,1,1,1,1,1,1,1,20251214,20261212
6667,1,1,1,1,1,1,1,20251214,20261212
6668,1,1,1,1,1,1,0,20251215,20261212
6669,1,1,1,1,1,1,1,20251214,20261212
6670,0,0,0,0,0,0,0,20251214,20261212
6671,1,1,1,1,1,0,1,20251214,20261211
6672,1,1,1,1,1,1,1,20251214,20261212
6673,1,1,1,1,1,1,1,20251214,20261212
6674,1,1,1,1,1,1,1,20251214,20261212
6675,0,0,0,0,0,1,0,20251220,20261212
6676,0,0,0,0,0,0,1,20251214,20261206
6677,1,1,1,1,1,1,1,20251214,20261212
6678,0,0,0,0,0,1,0,20251220,20261212
6679,0,0,0,0,0,0,1,20251214,20261206
6680,0,0,0,0,0,0,1,20260705,20260830
6681,1,1,1,1,1,0,0,20251215,20261211
6682,0,0,0,0,0,0,1,20251214,20261206
6683,1,1,1,1,1,0,0,20251215,20261211
6684,0,0,0,0,0,1,0,20260704,20260829
6685,1,1,1,1,1,0,0,20251215,20261211
6686,1,0,0,0,0,0,0,20251215,20261207
6687,1,1,1,1,1,1,0,20251215,20261212
6688,1,1,1,1,1,1,1,20251214,20261212
6689,1,1,1,1,1,0,0,20251215,20261211
6690,0,1,1,1,1,0,0,20251216,20261211
6691,1,1,1,1,1,0,0,20251215,20261211
6692,0,0,0,0,0,1,0,20251220,20261212
6693,1,1,1,1,1,0,0,20251215,20261211
6694,0,0,0,0,0,0,0,20251214,20261212
6695,1,1,1,1,1,0,0,20251215,20261211
6696,1,1,1,1,1,0,0,20251215,20261211
6697,1,1,1,1,1,0,0,20251215,20261211
6698,1,1,1,1,1,0,1,20251214,20261211
6699,0,1,0,0,0,0,0,20251215,20261211
6700,0,0,0,0,0,0,0,20251214,20261212
6701,0,0,0,0,1,0,1,20251214,20261212
6702,0,0,0,0,0,0,0,20251214,20261212
6703,0,0,0,0,0,0,0,20251214,20261212
6704,0,0,0,0,0,0,0,20251214,20261212
6705,0,0,0,0,0,0,0,20251214,20261212
6706,0,0,0,0,0,0,0,20251214,20261212
6707,0,0,0,0,0,0,0,20251214,20261212
6708,1,1,1,1,1,0,0,20251215,20261211
6709,1,1,1,1,1,0,0,20251215,20261211
6710,1,1,1,1,1,0,0,20251215,20261211
6711,1,1,1,1,1,0,0,20251215,20261211
6712,1,1,1,1,1,0,0,20251215,20261211
6713,0,0,0,0,0,1,1,20260328,20261025
6714,1,1,1,1,1,0,0,20251215,20261211
6715,1,1,1,1,1,0,0,20251215,20261211
6716,1,1,1,1,1,0,0,20251215,20261211
6717,1,1,1,1,1,0,0,20251215,20261211
6718,1,1,1,1,1,0,0,20251215,20261211
6719,1,1,1,1,1,0,0,20251215,20261211
6720,1,1,1,1,1,1,1,20251214,20261212
6721,1,1,1,1,1,0,0,20251215,20261211
6722,1,1,1,1,1,0,0,20251215,20261211
6723,1,1,1,1,1,0,0,20251215,20261211
6724,1,1,1,0,0,0,0,20251215,20261211
6725,1,1,1,1,1,1,1,20251214,20261212
6726,0,0,0,0,0,0,0,20251214,20261212
6727,0,0,0,0,0,1,1,20251214,20261212
6728,0,0,0,0,0,0,0,20251214,20261212
6729,1,1,1,1,1,1,1,20251214,20261212
6730,0,0,0,0,0,1,1,20260321,20261101
6731,1,1,1,1,1,0,0,20251215,20261211
6732,0,0,0,0,1,1,1,20251214,20261212
6733,0,0,0,0,0,1,1,20251214,20261212
6734,1,1,1,1,1,0,0,20251215,20261211
6735,1,1,1,1,1,1,1,20251214,20261212
6736,1,1,1,1,1,0,0,20251215,20261211
6737,1,1,1,1,1,1,1,20251214,20261212
6738,0,0,0,0,1,0,1,20251214,20261212
6739,1,1,1,1,1,0,0,20251215,20261211
6740,1,1,1,1,1,0,0,20251215,20261211
6741,1,1,1,0,0,0,0,20251215,20261211
6742,0,0,0,0,0,0,0,20251214,20261212
6743,1,1,0,0,0,0,0,20251215,20261211
6744,0,0,0,0,0,0,0,20251214,20261212
6745,1,1,1,1,1,0,0,20251215,20261211
6746,1,1,0,1,1,0,0,20251214,20261212
6747,0,0,0,0,0,0,0,20251214,20261212
6748,0,0,0,0,0,0,0,20251215,20261211
6749,0,0,0,0,0,0,0,20251214,20261212
6750,1,1,1,1,1,0,0,20251214,20261212
6751,1,1,1,1,1,0,0,20251214,20261212
6752,0,0,0,0,0,1,1,20251214,20261212
6753,0,0,0,0,0,0,0,20251215,20261211
6754,1,1,1,1,1,0,0,20251214,20261212
6755,0,0,0,0,0,0,0,20251215,20261211
6756,1,1,1,1,0,0,1,20251214,20261210
6757,0,0,0,0,0,0,0,20251215,20261211
6758,0,0,0,0,0,0,0,20251214,20261212
6759,0,0,0,0,0,1,1,20251214,20261212
6760,0,0,0,0,0,1,1,20251214,20261212
6761,1,1,1,1,1,0,0,20251215,20261211
6762,0,0,0,0,0,0,0,20251214,20261212
6763,1,1,1,1,1,0,0,20251215,20261211
6764,0,0,0,0,0,0,0,20251214,20261212
6765,0,0,0,0,0,0,0,20251214,20261212
6766,0,0,0,0,0,0,0,20251214,20261212
6767,1,1,1,1,1,0,0,20251215,20261211
6768,1,1,1,1,1,0,0,20251215,20261211
6769,1,1,1,1,1,1,1,20251214,20261212
6770,1,1,1,1,1,1,1,20251214,20261212
6771,1,1,1,1,1,0,0,20251215,20261211
6772,0,0,0,0,0,0,0,20251229,20260831
6773,1,1,1,1,1,1,1,20251214,20261212
6774,1,1,1,1,1,0,0,20251215,20261211
6775,1,1,1,1,1,1,1,20251214,20261212
6776,0,0,0,0,0,0,0,20251229,20260831
6777,0,0,0,0,0,1,1,20251214,20261212
6778,1,1,1,1,1,1,1,20251214,20261212
6779,1,1,1,1,1,0,0,20251215,20261211
6780,0,0,0,0,0,1,1,20251214,20261212
6781,1,1,1,1,1,0,0,20251215,20261211
6782,0,0,0,0,0,1,1,20260530,20260830
6783,1,1,1,1,1,0,0,20251215,20261211
6784,1,1,1,1,1,0,0,20251215,20261211
6785,1,1,1,1,1,0,0,20251215,20261211
6786,1,1,1,1,1,0,0,20251215,20261211
6787,0,0,0,0,0,1,0,20260530,20260829
6788,1,1,1,1,1,1,1,20251214,20261212
6789,1,1,1,1,1,1,1,20260530,20260831
6790,0,0,0,0,0,1,1,20251214,20261212
6791,0,0,0,0,0,1,1,20251214,20261212
6792,1,1,1,1,1,1,1,20251214,20261212
6793,1,1,1,1,1,1,1,20251214,20261212
6794,1,1,1,1,1,1,1,20251214,20261212
6795,1,1,1,1,1,1,1,20251214,20261212
6796,1,1,1,1,1,0,0,20251215,20261211
6797,1,1,1,1,1,0,0,20251215,20261211
6798,1,1,1,1,1,0,0,20251215,20261211
6799,1,1,1,1,1,1,1,20251214,20261212
6800,0,0,0,0,0,1,1,20260501,20261011
6801,1,1,1,1,1,1,1,20251214,20261212
6802,1,1,1,1,1,1,1,20251214,20261212
6803,0,0,0,0,0,1,1,20251214,20261212
6804,0,0,0,0,0,1,0,20251220,20261212
6805,0,0,0,0,0,0,0,20251214,20261211
6806,1,1,1,1,1,0,0,20251215,20261211
6807,0,0,0,0,0,1,0,20251220,20261212
6808,1,1,1,1,1,0,0,20251215,20261211
6809,1,1,1,1,1,0,0,20251215,20261211
6810,1,1,1,1,1,0,1,20251214,20261211
6811,1,1,1,1,1,0,0,20251215,20261211
6812,1,1,1,1,1,0,0,20251215,20261211
6813,0,0,0,0,1,1,0,20251219,20261212
6814,0,0,0,0,0,0,0,20260513,20261117
6815,1,1,1,1,1,1,1,20251214,20261212
6816,0,0,0,0,0,0,0,20251231,20260831
6817,0,0,0,0,0,1,1,20251214,20261212
6818,1,1,1,1,1,1,1,20251214,20261212
6819,1,1,1,1,1,0,0,20251215,20261211
6820,1,1,1,1,1,0,0,20251215,20261211
6821,1,1,1,1,1,1,1,20251214,20261212
6822,0,0,0,0,0,1,1,20260501,20260830
6823,0,0,0,0,0,1,1,20260501,20260830
6824,0,0,0,0,0,0,0,20251215,20261210
6825,0,0,0,0,1,0,1,20251214,20261211
6826,1,1,1,1,0,1,0,20251215,20261212
6827,1,1,1,1,0,1,0,20251215,20261212
6828,0,0,0,0,1,0,0,20251219,20261211
6829,1,1,1,1,1,0,1,20251214,20261211
6830,0,0,0,0,1,0,1,20251214,20261211
6831,0,0,0,0,0,0,0,20251214,20261212
6832,0,0,0,0,0,1,1,20251214,20261212
6833,1,1,1,1,1,0,0,20251215,20261211
6834,1,1,1,1,1,0,0,20251215,20261211
6835,0,0,0,0,0,1,1,20251214,20261212
6836,1,1,1,1,1,0,0,20251215,20261211
6837,0,0,0,0,0,1,1,20260606,20260928
6838,1,1,1,1,1,0,0,20251215,20261211
6839,0,0,0,0,0,1,1,20251214,20261212
6840,1,1,1,1,1,0,0,20251215,20261211
6841,1,1,1,1,1,0,0,20251215,20261211
6842,0,0,0,0,0,1,1,20251214,20261212
6843,0,0,0,0,0,1,1,20251214,20261212
6844,0,0,0,0,0,1,1,20251214,20261212
6845,0,0,0,0,0,0,0,20251214,20261212
6846,0,0,0,0,0,1,1,20260403,20261028
6847,0,0,0,0,0,0,1,20251214,20261206
6848,0,0,0,0,0,1,1,20260403,20261028
6849,0,0,0,0,0,0,0,20251214,20261211
6850,0,0,0,0,0,1,1,20260328,20261101
6851,1,1,1,1,1,1,1,20251214,20261212
6852,1,1,1,1,1,0,0,20251215,20261211
6853,1,1,1,1,1,1,1,20251214,20261212
6854,1,1,1,1,1,1,1,20251214,20261212
6855,0,0,0,0,0,0,0,20251215,20261211
6856,1,1,0,0,0,0,0,20251215,20261211
6857,0,0,0,0,0,1,1,20251214,20261212
6858,1,1,0,0,0,0,0,20251215,20261211
6859,1,1,0,1,1,1,1,20251214,20261212
6860,1,1,0,1,1,1,1,20251214,20261212
6861,0,0,0,0,0,0,1,20251214,20261206
6862,1,1,1,0,1,1,1,20251214,20261212
6863,1,1,1,1,1,1,1,20251214,20261212
6864,1,1,0,0,0,0,0,20251215,20261211
6865,0,0,0,0,0,0,0,20251215,20261211
6866,0,0,0,0,0,0,0,20251214,20261212
6867,0,0,0,0,0,0,0,20251215,20261211
6868,1,1,1,1,1,0,0,20251215,20261211
6869,1,1,1,1,1,0,0,20251215,20261211
6870,1,1,1,1,1,0,0,20251215,20261211
6871,0,0,0,0,0,1,1,20251214,20261212
6872,0,0,0,0,0,1,1,20251214,20261212
6873,0,0,0,0,0,0,0,20251214,20261212
6874,0,0,0,0,0,0,0,20251215,20261212
6875,0,0,0,0,0,0,0,20251214,20261212
6876,0,0,0,0,0,0,0,20251215,20261212
6877,0,0,0,0,0,0,0,20251214,20261212
6878,0,0,0,0,0,0,0,20251215,20261212
6879,1,1,1,1,1,0,0,20251215,20261211
6880,0,0,0,0,0,0,0,20251214,20261206
6881,0,0,0,0,0,0,0,20251214,20261206
6882,0,0,0,0,0,1,1,20251214,20261212
6883,0,0,0,0,0,1,1,20251214,20261212
6884,0,0,0,0,0,1,0,20260501,20261010
6885,0,0,0,0,0,0,1,20260329,20261025
6886,1,1,1,1,1,0,0,20251215,20261212
6887,0,0,0,0,0,1,1,20251214,20261212
6888,0,0,0,0,0,1,1,20260321,20261101
6889,1,1,0,0,0,0,0,20251215,20261211
6890,1,1,1,1,1,0,0,20251215,20261211
6891,1,1,1,1,1,0,0,20251215,20261211
6892,1,1,0,0,0,0,0,20251215,20261211
6893,1,1,1,1,1,0,0,20251215,20261211
6894,1,1,1,1,1,0,0,20251215,20261211
6895,1,1,1,1,1,0,0,20251215,20261211
6896,0,0,0,0,0,0,0,20251215,20261211
6897,1,1,1,1,1,0,0,20251215,20261211
6898,1,1,0,0,0,0,0,20251215,20261211
6899,1,1,0,0,0,0,0,20251215,20261211
6900,1,1,0,0,0,0,0,20251215,20261211
6901,1,1,0,0,0,0,0,20251215,20261211
6902,1,1,1,1,1,0,0,20251215,20261211
6903,0,1,0,0,0,0,0,20251215,20261211
6904,0,0,0,0,0,0,0,20251215,20261211
6905,1,1,1,1,1,0,0,20251215,20261211
6906,1,1,1,1,1,0,0,20251215,20261211
6907,1,1,1,1,1,0,0,20251215,20261211
6908,0,0,0,0,0,0,0,20251215,20261211
6909,0,0,0,0,0,0,0,20251215,20261211
6910,1,1,1,1,1,0,0,20251215,20261211
6911,0,1,0,0,1,1,0,20251215,20261212
6912,1,1,1,1,1,1,1,20251214,20261212
6913,0,0,0,0,0,0,0,20251220,20261212
6914,0,0,0,0,0,0,1,20251214,20261206
6915,1,0,0,0,1,1,1,20251214,20261212
6916,0,0,0,0,0,0,1,20251214,20261206
6917,0,0,0,0,0,1,1,20251214,20261212
6918,0,0,0,0,0,1,1,20251214,20261212
6919,0,0,0,0,0,1,1,20260328,20261101
6920,0,0,0,0,0,0,0,20251214,20261206
6921,1,1,1,1,1,0,0,20251215,20261211
6922,1,1,1,1,1,0,0,20251215,20261211
6923,0,0,0,0,0,1,1,20251214,20261212
6924,0,0,0,0,0,1,1,20251214,20261212
6925,0,0,0,0,0,1,1,20251214,20261212
6926,0,0,0,0,0,1,1,20251214,20261212
6927,0,0,0,0,0,1,1,20251214,20261212
6928,1,1,1,1,1,0,0,20251215,20261211
6929,1,1,1,1,1,0,0,20251215,20261211
6930,1,1,1,1,1,0,0,20251215,20261211
6931,0,0,0,0,0,1,1,20251214,20261212
6932,0,0,0,0,0,1,1,20251214,20261212
6933,1,1,1,1,1,0,0,20251215,20261211
6934,1,1,1,1,1,1,1,20251214,20261212
6935,1,1,1,1,1,1,1,20251214,20261212
6936,0,0,0,0,0,1,1,20260328,20261101
6937,0,0,0,0,0,1,1,20251214,20261212
6938,1,1,1,1,1,0,0,20251215,20261211
6939,0,0,0,0,0,1,1,20251214,20261212
6940,0,0,0,0,0,1,1,20251214,20261212
6941,1,1,1,1,1,1,1,20251214,20261212
6942,0,0,0,0,0,1,1,20251214,20261212
6943,0,0,0,0,0,1,1,20251214,20261212
6944,0,0,0,0,0,0,0,20251215,20261211
6945,0,0,0,0,0,0,0,20251215,20261211
6946,0,0,0,0,0,0,0,20251215,20261212
6947,0,0,0,0,0,1,1,20251214,20261212
6948,0,0,0,0,0,0,0,20251215,20261211
6949,1,1,1,1,1,1,1,20251214,20261212
6950,1,1,1,1,1,0,0,20251215,20261211
6951,0,0,0,0,0,1,1,20251214,20261212
6952,1,1,1,1,1,0,0,20251215,20261211
6953,0,0,0,0,0,0,0,20251220,20261212
6954,0,0,0,0,0,0,1,20251214,20261206
6955,1,1,1,1,1,1,1,20251214,20261212
6956,1,1,1,1,1,0,0,20251215,20261211
6957,1,1,1,1,1,1,1,20251214,20261212
6958,1,1,1,1,1,1,1,20251214,20261212
6959,1,1,1,1,1,1,1,20251214,20261212
6960,1,1,1,1,1,1,1,20251214,20261212
6961,1,1,1,1,1,1,1,20251214,20261212
6962,1,1,1,1,1,1,1,20251214,20261212
6963,0,0,0,0,0,1,0,20251220,20261212
6964,0,0,0,0,0,0,0,20251220,20261212
6965,1,1,1,1,1,0,0,20251215,20261211
6966,0,0,0,0,0,1,1,20251214,20261212
6967,0,0,0,0,0,0,0,20251214,20261206
6968,0,0,0,0,0,1,0,20251220,20261212
6969,1,1,1,1,1,0,1,20251214,20261211
6970,0,0,0,0,0,0,0,20251220,20261212
6971,0,0,0,0,0,1,0,20251220,20261212
6972,0,0,0,0,0,0,0,20251220,20261212
6973,0,0,0,0,0,0,0,20251215,20261210
6974,0,0,0,0,1,0,0,20251214,20261212
6975,1,1,1,0,0,0,0,20251222,20260103
6976,1,1,1,1,1,1,0,20251215,20261212
6977,0,0,0,0,0,0,1,20251214,20261206
6978,0,0,0,0,0,1,1,20260501,20260928
6979,0,1,1,0,0,0,0,20251215,20261211
6980,1,1,1,1,1,1,1,20260425,20260928
6981,1,1,1,0,0,0,0,20260427,20260528
6982,0,0,0,0,0,0,0,20260430,20260529
6983,0,1,1,1,1,1,1,20251214,20261212
6984,1,0,0,0,0,0,0,20251215,20261207
6985,0,0,0,0,0,0,1,20251214,20261206
6986,0,0,0,0,0,1,0,20251220,20261212
6987,0,0,0,0,0,0,0,20251215,20261211
6988,0,0,0,0,0,0,0,20260601,20260924
6989,0,0,0,0,0,0,0,20260605,20260925
6990,1,1,1,1,0,1,1,20251214,20261212
6991,0,0,0,0,1,0,0,20251219,20261211
6992,0,0,0,0,0,0,0,20251215,20261210
6993,0,0,0,0,0,0,0,20251219,20261211
6994,0,0,0,0,0,0,0,20251219,20261211
6995,0,1,0,0,0,0,0,20251215,20261210
6996,0,0,0,0,0,1,0,20251220,20261212
6997,0,0,0,0,0,1,0,20251222,20260927
6998,0,0,0,0,0,0,1,20251214,20261212
6999,0,0,0,0,0,1,1,20251214,20261212
7000,1,1,1,1,1,0,0,20251215,20261211
7001,0,0,0,0,0,0,0,20251215,20261210
7002,0,0,0,0,1,0,0,20251219,20261211
7003,0,0,0,0,0,0,0,20251214,20261212
7004,1,1,0,0,1,1,1,20251214,20261212
7005,0,0,1,1,0,0,0,20251217,20261210
7006,0,0,0,0,0,1,1,20260501,20260928
7007,1,1,1,0,0,0,0,20251215,20261212
7008,0,0,0,0,1,0,0,20251214,20261211
7009,0,0,0,0,0,0,0,20260403,20260831
7010,0,0,0,0,0,0,1,20260503,20260928
7011,0,0,0,0,0,1,0,20260501,20260927
7012,1,1,1,0,0,1,1,20251222,20260102
7013,0,0,0,0,0,0,0,20251214,20261212
7014,0,0,0,0,0,0,0,20251215,20261210
7015,0,0,0,0,0,0,0,20251219,20261211
7016,0,0,0,0,0,0,0,20251219,20261211
7017,1,1,1,1,0,0,1,20251214,20261210
7018,0,0,0,0,0,0,0,20251214,20261212
7019,0,0,0,0,0,0,0,20251215,20261211
7020,0,0,0,0,0,0,0,20251214,20261212
7021,0,0,0,0,0,1,1,20251214,20260928
7022,0,0,0,0,0,1,1,20251214,20260928
7023,0,0,0,0,0,0,1,20251214,20260928
7024,1,1,1,1,1,0,0,20251215,20261211
7025,1,1,1,1,1,0,0,20251215,20261211
7026,0,0,0,0,0,1,1,20251214,20261212
7027,1,1,1,1,1,1,1,20251214,20261212
7028,1,1,1,1,1,1,1,20251214,20261212
7029,1,1,1,1,1,0,0,20251215,20261211
7030,0,0,0,0,0,1,1,20251214,20261212
7031,0,0,0,0,0,1,1,20251214,20261212
7032,1,1,1,1,1,0,0,20251215,20261211
7033,1,1,1,1,1,0,0,20251215,20261211
7034,1,1,1,1,1,0,1,20251214,20261211
7035,1,1,1,1,1,0,0,20251215,20261211
7036,0,0,0,0,0,1,0,20251220,20261212
7037,1,1,1,1,1,0,0,20251215,20261211
7038,1,1,1,1,1,0,1,20251214,20261211
7039,1,1,1,1,1,0,0,20251215,20261211
7040,1,1,1,1,1,0,0,20251215,20261211
7041,0,0,0,0,0,1,0,20251220,20261212
7042,0,0,0,0,0,1,0,20251220,20261212
7043,1,1,1,1,1,0,0,20251215,20261211
7044,0,0,0,0,0,1,1,20251214,20261212
7045,0,0,0,0,0,0,1,20251214,20261206
7046,1,1,1,1,1,0,0,20251215,20261211
7047,1,1,1,1,1,1,1,20251214,20261212
7048,1,1,1,1,1,1,1,20251214,20261212
7049,1,1,1,1,1,1,1,20251214,20261212
7050,1,1,1,1,1,1,1,20251214,20261212
7051,1,1,1,1,1,1,1,20251214,20261212
7052,1,1,1,1,1,1,1,20251214,20261212
7053,1,1,1,1,1,1,1,20251214,20261212
7054,1,1,1,1,1,1,1,20251214,20261212
7055,1,1,1,1,1,1,1,20251214,20261212
7056,1,1,1,1,1,1,1,20251214,20261212
7057,0,0,0,0,0,0,0,20260102,20261204
7058,1,1,1,1,1,1,1,20251214,20261212
7059,1,1,1,1,1,1,1,20251214,20261212
7060,1,1,1,1,1,1,1,20251214,20261212
7061,1,1,1,1,1,1,1,20251214,20261212
7062,1,1,1,1,1,0,1,20251214,20261211
7063,1,1,1,1,1,1,1,20251214,20261212
7064,0,0,0,0,0,1,1,20251214,20261212
7065,0,0,0,0,0,1,0,20251220,20261212
7066,1,1,1,1,1,0,0,20251215,20261211
7067,0,0,0,0,0,1,0,20251220,20261212
7068,1,1,1,1,1,0,1,20251214,20261211
7069,1,1,1,1,1,0,0,20251215,20261211
7070,1,1,1,1,1,1,1,20251214,20261212
7071,1,1,1,1,1,0,0,20251215,20261211
7072,0,0,0,0,0,1,1,20251214,20261212
7073,1,1,1,1,1,0,0,20251215,20261211
7074,1,1,1,1,1,0,0,20251215,20261211
7075,0,0,0,0,0,1,1,20260425,20260928
7076,0,0,0,0,0,0,1,20260426,20260928
7077,0,0,0,0,0,1,1,20260501,20261011
7078,1,1,1,1,1,1,1,20251214,20261212
7079,1,1,1,1,1,1,1,20251214,20261212
7080,0,0,0,0,0,1,0,20260704,20260829
7081,1,1,1,1,1,0,0,20251215,20261211
7082,0,0,0,0,0,1,1,20260501,20261011
7083,0,0,0,0,1,0,0,20251219,20261211
7084,1,1,1,1,1,0,0,20251215,20261211
7085,1,1,1,1,1,1,1,20251214,20261212
7086,1,1,1,1,1,0,0,20251215,20261211
7087,0,0,0,0,0,1,0,20251220,20261212
7088,1,1,1,1,1,1,0,20251215,20261212
7089,1,1,1,1,1,0,0,20251215,20261211
7090,0,0,0,0,0,1,0,20260704,20260829
7091,0,0,0,0,0,0,1,20251214,20261206
7092,1,1,1,1,1,0,0,20251215,20261211
7093,1,1,1,1,1,0,0,20251215,20261211
7094,0,0,0,0,0,1,1,20251214,20261212
7095,0,0,0,0,0,1,1,20251214,20261212
7096,1,1,1,1,1,1,1,20251214,20261212
7097,1,1,1,1,1,1,1,20251214,20261212
7098,0,0,0,0,0,0,0,20251215,20261211
7099,0,0,0,0,0,1,1,20251214,20261212
7100,1,1,1,1,1,1,1,20251214,20261212
7101,0,0,0,0,0,1,1,20251214,20261212
7102,1,1,1,1,1,1,1,20251214,20261212
7103,1,1,1,1,1,0,0,20251215,20261211
7104,1,1,1,1,1,1,1,20251214,20261212
7105,0,0,0,0,0,0,0,20251215,20261211
7106,1,1,1,1,1,0,0,20251215,20261211
7107,1,1,1,1,1,0,0,20251215,20261211
7108,1,1,1,1,1,1,1,20251214,20261212
7109,1,1,1,1,1,1,1,20251214,20261212
7110,1,1,1,1,1,1,1,20251214,20261212
7111,1,1,1,1,1,1,1,20251214,20261212
7112,1,1,1,1,1,0,0,20251215,20261211
7113,1,1,1,1,1,1,1,20251214,20261212
7114,1,1,1,1,1,0,0,20251215,20261211
7115,1,1,1,1,1,1,1,20251214,20261212
7116,1,1,1,1,1,1,1,20251214,20261212
7117,1,1,1,1,1,0,0,20251215,20261211
7118,1,1,1,1,1,1,1,20251214,20261212
7119,1,1,1,1,1,1,1,20251214,20261212
7120,1,1,1,1,1,1,1,20251214,20261212
7121,1,1,1,1,1,0,0,20251215,20261211
7122,0,0,0,0,0,1,1,20251214,20261212
7123,1,1,1,1,1,1,1,20251214,20261212
7124,1,1,1,1,1,0,0,20251215,20261211
7125,1,1,1,1,1,1,1,20251214,20261212
7126,0,0,0,0,0,1,1,20260321,20261101
7127,0,0,0,0,0,1,1,20260321,20261101
7128,0,0,0,0,0,0,0,20260321,20261101
7129,0,0,0,0,0,0,0,20260425,20260926
7130,0,0,0,0,0,0,0,20260321,20261101
7131,1,1,1,1,1,0,0,20251215,20261211
7132,1,1,1,1,1,1,1,20251214,20261212
7133,1,1,1,1,1,1,1,20251214,20261212
7134,1,1,1,1,1,1,1,20251214,20261212
7135,1,1,1,1,1,1,1,20251214,20261212
7136,1,1,1,1,1,1,1,20251214,20261212
7137,0,0,0,0,0,1,1,20251214,20261212
7138,1,1,1,1,1,1,1,20251214,20261212
7139,0,0,0,0,0,1,1,20251214,20261212
7140,1,1,1,1,1,0,0,20251215,20261211
7141,1,1,1,1,1,1,1,20251214,20261212
7142,1,1,1,1,1,1,1,20251214,20261212
7143,1,1,1,1,1,0,0,20260427,20260831
7144,1,1,1,1,1,1,1,20251214,20261212
7145,1,1,1,1,1,1,1,20251214,20261212
7146,1,1,1,1,1,0,0,20260427,20260630
7147,1,1,1,1,1,0,0,20251215,20261211
7148,1,1,1,1,1,1,1,20251214,20261212
7149,1,1,1,1,1,1,1,20251214,20261212
7150,1,1,1,1,1,0,0,20251215,20261211
7151,1,1,1,1,1,1,1,20251214,20261212
7152,1,1,1,1,1,1,1,20251214,20261212
7153,1,1,1,1,1,1,1,20251214,20261212
7154,0,1,1,1,1,0,0,20251215,20261211
7155,0,1,1,0,0,0,0,20251215,20261211
7156,1,1,1,1,1,0,0,20260701,20260831
7157,1,1,1,0,0,0,0,20251215,20261211
7158,1,1,1,1,1,0,0,20251215,20261211
7159,1,1,1,1,1,1,1,20251214,20261212
7160,1,1,1,1,1,0,0,20251215,20261211
7161,1,1,1,1,1,0,0,20251215,20261211
7162,1,1,1,1,1,1,1,20251214,20261212
7163,1,1,1,1,1,0,0,20251215,20261211
7164,0,0,0,0,0,1,1,20251214,20261212
7165,1,1,1,1,1,0,0,20251215,20261211
7166,1,1,1,1,1,0,0,20251215,20261211
7167,1,1,1,1,1,0,0,20251215,20261211
7168,0,0,0,0,0,1,0,20251220,20261212
7169,1,1,1,1,1,0,0,20251215,20261211
7170,1,1,1,1,1,1,1,20260425,20260928
7171,1,1,1,1,1,0,0,20251215,20261211
7172,1,1,1,1,0,0,0,20251215,20261211
7173,0,0,0,0,0,1,1,20260425,20260928
7174,0,0,1,0,0,0,0,20251215,20261211
7175,1,1,1,1,1,0,0,20251215,20261211
7176,1,1,1,1,1,0,0,20251214,20261212
7177,0,0,0,0,0,0,0,20251215,20261211
7178,0,0,0,0,0,1,1,20251214,20261212
7179,1,1,1,1,1,0,1,20251214,20261211
7180,1,1,1,1,1,1,1,20251214,20260630
7181,1,1,1,1,1,1,1,20251214,20260630
7182,1,1,1,1,1,0,0,20251215,20260630
7183,1,1,1,1,1,0,0,20251215,20261211
7184,1,1,1,1,1,0,0,20251215,20260630
7185,1,1,1,1,1,1,1,20251214,20260630
7186,0,0,0,0,0,0,0,20251214,20260630
7187,0,0,0,0,0,0,0,20251214,20260630
7188,0,0,0,0,0,1,1,20251214,20260628
7189,1,1,1,1,1,0,0,20251215,20260630
7190,0,0,0,0,0,0,0,20251214,20261212
7191,1,1,1,1,1,1,1,20251214,20261212
7192,1,1,1,1,1,0,0,20251215,20261211
7193,0,0,0,0,0,1,1,20251214,20260928
7194,1,1,1,1,1,1,1,20251214,20261212
7195,1,1,1,1,1,1,1,20251214,20261212
7196,1,1,1,1,1,0,0,20251215,20261211
7197,1,1,1,1,1,1,1,20251214,20261212
7198,1,1,1,1,1,1,1,20251214,20261212
7199,1,1,1,1,1,0,0,20251215,20261211
7200,1,1,1,1,1,0,0,20251215,20261211
7201,0,0,0,0,0,0,0,20251214,20261212
7202,0,1,0,0,0,0,0,20251214,20261212
7203,0,0,0,0,0,0,0,20251214,20261212
7204,0,0,0,0,0,0,0,20251214,20261212
7205,0,0,0,0,0,0,0,20260329,20261024
7206,1,1,1,1,1,0,0,20251215,20261211
7207,1,1,1,1,1,0,0,20251215,20261211
7208,1,1,1,1,1,0,0,20251215,20261211
7209,1,1,1,1,1,0,0,20251215,20261211
7210,1,1,1,1,1,1,1,20251214,20261212
7211,1,1,1,1,1,1,1,20251214,20261212
7212,1,1,1,1,1,0,0,20251215,20261211
7213,0,0,0,0,0,0,0,20251214,20261212
7214,1,1,1,1,1,0,0,20251215,20261211
7215,1,1,1,1,1,1,1,20251214,20261212
7216,1,1,1,1,1,0,0,20251215,20261211
7217,1,1,1,1,1,0,0,20251215,20261211
7218,1,1,1,1,1,0,0,20251215,20261211
7219,1,1,1,1,1,0,0,20251215,20261211
7220,1,1,1,1,1,1,1,20251214,20261212
7221,0,0,0,0,0,1,1,20251214,20261212
7222,1,1,1,1,1,0,0,20251215,20261211
7223,0,0,0,0,0,0,1,20251214,20260628
7224,1,1,1,1,1,0,0,20251215,20261211
7225,0,0,0,0,0,1,1,20251214,20260704
7226,1,1,1,1,1,0,0,20251215,20261211
7227,1,1,1,1,1,0,0,20251215,20261211
7228,1,1,1,1,1,0,0,20251215,20261211
7229,1,1,1,1,1,0,0,20251215,20261211
7230,1,1,1,1,1,0,0,20251215,20260630
7231,0,0,0,0,0,0,0,20251216,20261212
7232,1,1,1,1,1,0,0,20251215,20261211
7233,1,1,1,1,1,0,0,20251215,20261211
7234,1,1,1,1,1,0,0,20251215,20261211
7235,1,1,1,1,1,0,0,20251215,20261211
7236,1,1,1,1,1,0,0,20251215,20261211
7237,0,1,1,1,1,0,0,20251216,20261211
7238,0,0,0,0,0,1,1,20251214,20261212
7239,0,0,0,0,0,0,0,20251215,20261211
7240,0,0,0,0,0,0,0,20251215,20261211
7241,1,1,1,1,1,1,1,20251214,20261212
7242,1,1,1,1,1,1,1,20251214,20261212
7243,1,1,1,1,1,1,1,20251214,20261212
7244,1,1,1,1,1,1,1,20251214,20261212
7245,1,1,1,1,1,1,1,20251214,20261212
7246,1,1,1,1,1,1,1,20251214,20261212
7247,1,1,1,1,1,1,1,20251214,20261212
7248,1,1,1,1,1,1,1,20251214,20261212
7249,1,1,1,1,1,0,0,20251215,20260630
7250,1,1,1,1,1,0,0,20251215,20261211
7251,1,1,1,1,1,1,1,20251214,20261212
7252,1,1,1,1,1,1,1,20251214,20261212
7253,0,0,0,0,0,1,1,20251214,20261212
7254,1,1,1,1,1,0,0,20251215,20261211
7255,1,1,1,1,1,1,1,20251214,20261212
7256,1,1,1,1,1,0,0,20251215,20261211
7257,1,1,1,1,1,1,1,20251214,20261212
7258,0,0,0,0,0,0,0,20251214,20260628
7259,0,0,0,0,0,1,1,20251214,20260628
7260,1,1,1,1,1,0,0,20251215,20261211
7261,1,1,1,1,1,1,1,20251214,20261212
7262,0,0,0,0,0,0,0,20251214,20261212
7263,1,1,1,1,1,0,0,20251215,20261211
7264,1,1,1,1,1,0,0,20251215,20261211
7265,1,1,1,1,1,1,1,20251214,20261212
7266,1,1,1,1,1,0,0,20251215,20261211
7267,1,1,1,1,1,0,0,20251215,20261211
7268,1,1,1,1,1,1,1,20251214,20261212
7269,1,1,1,1,1,1,1,20251214,20261212
7270,1,1,1,1,1,1,0,20251215,20261212
7271,1,1,1,1,1,1,1,20251214,20261212
7272,1,1,1,1,0,1,0,20251215,20261212
7273,1,1,1,1,1,0,0,20251215,20261211
7274,1,1,1,1,1,0,0,20251215,20261211
7275,1,1,1,1,1,1,1,20251214,20261212
7276,0,0,0,0,0,0,0,20251214,20261212
7277,0,0,0,0,0,0,0,20251215,20261211
7278,0,0,0,0,0,0,0,20251215,20261211
7279,0,0,0,0,0,0,0,20251214,20261212
7280,0,0,0,0,0,0,0,20251214,20261206
7281,0,0,0,0,1,0,0,20251219,20261211
7282,0,0,0,0,0,0,0,20251214,20261212
7283,1,1,1,1,1,0,0,20251215,20261211
7284,1,1,1,1,1,0,0,20260309,20261211
7285,0,0,0,0,0,0,0,20251214,20261212
7286,0,0,0,0,1,1,0,20251219,20261212
7287,1,1,1,1,1,0,0,20251215,20261211
7288,1,1,1,1,1,1,1,20251214,20261212
7289,0,0,0,0,0,1,1,20251214,20261212
7290,1,1,1,1,1,1,1,20260501,20260930
7291,1,1,1,1,1,0,0,20251215,20261211
7292,0,0,0,0,0,1,1,20251214,20261212
7293,1,1,1,1,1,0,0,20251215,20261211
7294,1,1,1,1,1,0,0,20251215,20261211
7295,1,1,1,1,1,1,1,20251214,20261212
7296,1,1,1,1,1,1,1,20251214,20261212
7297,0,0,0,0,0,0,0,20251214,20261212
7298,1,1,1,1,1,0,0,20251215,20261211
7299,0,0,0,0,0,0,0,20260321,20261101
7300,1,1,1,1,1,0,0,20251215,20261211
7301,1,1,1,1,1,0,0,20251215,20261211
7302,0,0,0,0,0,0,0,20251214,20261206
7303,1,1,1,1,1,0,1,20251214,20261211
7304,0,0,0,0,0,0,0,20251214,20261212
7305,1,1,1,1,1,0,0,20251215,20261211
7306,0,0,0,0,0,0,0,20251214,20261212
7307,0,0,0,0,0,0,0,20251220,20261212
7308,0,0,0,0,0,1,0,20251220,20261212
7309,1,1,1,1,1,1,1,20251214,20261212
7310,0,0,0,0,0,0,0,20251214,20261212
7311,1,1,1,1,1,0,0,20251215,20261211
7312,0,0,0,0,0,1,1,20251214,20261212
7313,0,0,0,0,0,1,1,20251214,20261212
7314,1,1,1,1,1,1,1,20251214,20261212
7315,1,1,1,1,1,0,0,20251215,20261211
7316,1,1,1,1,1,0,0,20251215,20261211
7317,1,1,1,1,1,1,1,20251214,20261212
7318,1,1,1,1,1,1,1,20251214,20261212
7319,1,1,1,1,1,1,1,20251214,20261212
7320,1,1,1,1,1,1,1,20251214,20261212
7321,1,1,1,1,1,1,1,20251214,20261212
7322,1,1,1,1,1,1,1,20251214,20261212
7323,1,1,1,1,1,0,0,20251215,20261211
7324,1,1,1,1,1,1,1,20251214,20261212
7325,0,0,0,0,0,0,1,20251214,20261206
7326,1,1,1,1,1,1,1,20251214,20261212
7327,1,1,1,1,1,1,1,20251214,20261212
7328,1,1,1,1,1,0,1,20251214,20261211
7329,1,1,1,1,1,1,1,20251214,20261212
7330,1,1,1,1,1,0,0,20251215,20261211
7331,0,0,0,0,0,0,0,20251215,20261211
7332,1,1,1,1,1,0,0,20251215,20261211
7333,0,0,0,0,1,1,0,20251219,20261212
7334,0,0,0,0,0,0,0,20251222,20260831
7335,1,1,1,1,0,0,1,20251214,20261210
7336,0,0,0,0,0,1,1,20251214,20261212
7337,1,1,1,1,1,1,1,20251214,20261212
7338,1,1,1,1,1,1,1,20251214,20261212
7339,1,1,1,1,1,0,1,20251215,20261211
7340,1,1,1,1,1,1,1,20251214,20261212
7341,1,1,1,1,1,0,0,20251215,20261211
7342,1,1,1,1,1,1,1,20251214,20261212
7343,1,1,1,1,1,1,1,20251214,20261212
7344,1,1,1,1,1,0,0,20251215,20261211
7345,1,1,1,1,1,0,0,20251215,20261211
7346,1,1,1,1,1,0,0,20251215,20261211
7347,1,1,1,1,1,0,0,20251215,20261211
7348,1,1,1,1,1,1,1,20251214,20261212
7349,0,0,0,0,0,1,1,20251214,20261212
7350,1,1,1,1,1,0,0,20251215,20261211
7351,1,1,1,1,1,0,0,20251215,20261211
7352,1,1,1,1,1,1,1,20251214,20261212
7353,1,1,1,1,1,1,0,20251215,20261212
7354,1,1,1,1,1,0,0,20251215,20261211
7355,1,1,1,1,1,0,0,20251215,20261211
7356,0,0,0,0,0,0,0,20251214,20261212
7357,1,1,1,1,1,0,0,20251215,20261211
7358,0,0,0,0,0,1,1,20251214,20261212
7359,1,1,1,1,0,0,1,20251214,20261210
7360,1,1,1,1,1,0,0,20251215,20261211
7361,1,1,1,1,1,0,0,20251215,20261211
7362,1,1,1,1,1,0,0,20251215,20261211
7363,1,1,1,1,1,1,1,20251214,20261212
7364,1,1,1,1,1,0,0,20251215,20261211
7365,1,1,1,1,1,0,0,20251215,20261211
7366,1,1,1,1,1,0,0,20251215,20261211
7367,1,1,1,1,1,0,0,20251215,20261211
7368,0,0,0,0,0,0,0,20251214,20261206
7369,0,0,0,0,0,0,0,20251214,20261206
7370,1,1,1,1,1,0,0,20251215,20261211
7371,0,0,0,0,0,1,0,20251220,20261212
7372,0,0,0,0,0,0,0,20251214,20261212
7373,0,0,0,0,0,0,0,20251214,20261212
7374,1,1,1,1,1,0,0,20251215,20261211
7375,1,1,1,1,1,0,0,20251215,20261211
7376,0,0,0,0,0,0,0,20251214,20261206
7377,0,0,0,0,0,1,1,20251214,20261212
7378,0,0,0,0,0,1,1,20251214,20261212
7379,0,0,0,0,0,1,1,20251214,20261212
7380,0,0,0,0,0,1,1,20251214,20261212
7381,0,0,0,0,0,1,1,20251214,20261212
7382,0,0,0,0,0,1,1,20251214,20261212
7383,0,0,0,0,0,1,1,20251214,20261212
7384,0,0,0,0,0,1,1,20251214,20261212
7385,0,0,0,0,0,1,1,20251214,20261212
7386,0,0,0,0,0,1,1,20251214,20261212
7387,0,0,0,0,0,0,0,20251214,20261212
7388,1,1,1,1,1,1,1,20251214,20261212
7389,1,1,1,1,1,1,1,20251214,20261212
7390,1,1,1,1,1,1,1,20251214,20261212
7391,1,1,1,1,1,1,1,20251214,20261212
7392,1,1,1,1,1,1,1,20251214,20261212
7393,1,1,1,1,1,1,1,20251214,20261212
7394,0,0,0,0,0,0,0,20251214,20261212
7395,0,0,0,0,0,0,0,20251215,20261212
7396,0,0,0,0,0,0,0,20251214,20261211
7397,0,0,0,0,0,0,0,20251214,20261212
7398,1,1,1,1,1,0,0,20251215,20261211
7399,1,1,1,1,1,0,0,20251215,20261211
7400,1,1,1,1,1,0,0,20251215,20261211
7401,1,1,1,1,1,1,0,20251215,20261212
7402,1,1,1,1,1,0,0,20260309,20261211
7403,0,0,0,0,0,1,0,20260321,20261031
7404,1,1,1,1,1,1,1,20251214,20261212
7405,1,1,1,1,1,0,0,20251215,20261211
7406,0,0,0,0,0,1,0,20260321,20261028
7407,1,1,1,1,1,1,1,20251214,20261212
7408,1,1,1,1,1,1,1,20251214,20261212
7409,1,1,1,1,1,0,0,20251215,20261211
7410,1,1,1,1,1,0,0,20251215,20261211
7411,1,1,1,1,1,0,0,20251215,20261211
7412,0,0,0,0,0,0,0,20251214,20261206
7413,1,1,1,1,1,0,0,20251215,20261211
7414,1,1,1,1,1,0,0,20251215,20261211
7415,1,1,1,1,1,0,0,20251215,20261211
7416,1,1,1,1,1,0,0,20251215,20261211
7417,1,1,1,1,1,0,0,20251215,20261211
7418,1,1,1,1,1,0,0,20260309,20261211
7419,1,1,1,1,1,0,0,20260309,20261211
7420,1,1,1,1,1,0,0,20260309,20261211
7421,1,1,1,1,1,0,0,20251215,20261211
7422,1,1,1,1,1,0,0,20251215,20261211
7423,1,1,1,1,1,0,0,20251215,20261211
7424,1,1,1,1,1,0,0,20251220,20261212
7425,1,1,1,1,1,1,1,20251214,20261212
7426,0,0,0,0,0,1,1,20251214,20261212
7427,1,1,1,1,1,0,0,20251215,20260306
7428,0,0,0,0,0,1,1,20251214,20261212
7429,0,0,0,0,0,1,1,20251214,20261212
7430,0,0,0,0,0,1,1,20251214,20261212
7431,0,0,0,0,0,1,0,20251214,20261212
7432,0,0,0,0,0,1,1,20251214,20261212
7433,1,1,1,1,1,0,0,20251215,20261211
7434,1,1,1,1,1,0,0,20251215,20261211
7435,1,1,1,1,1,0,0,20251215,20261211
7436,1,1,1,1,1,0,1,20251215,20261211
7437,0,0,0,0,0,0,1,20260322,20261101
7438,1,1,1,1,1,1,1,20251214,20261212
7439,0,0,0,0,0,1,0,20251214,20261212
7440,0,0,0,0,0,1,0,20251220,20261212
7441,1,1,1,1,1,1,1,20251214,20261212
7442,1,1,1,1,1,0,0,20251215,20261211
7443,0,0,0,0,0,1,0,20251214,20261212
7444,1,1,1,1,1,0,1,20251215,20261211
7445,0,0,0,0,0,0,1,20251214,20261206
7446,1,1,1,1,1,0,0,20251215,20261211
7447,0,0,0,0,0,0,1,20251214,20261212
7448,0,0,0,0,0,0,0,20251228,20261114
7449,1,1,1,1,1,1,1,20251214,20261212
7450,1,1,1,1,1,1,0,20251215,20261212
7451,0,0,0,0,0,0,1,20251214,20261206
7452,0,0,0,0,0,0,0,20251214,20261212
7453,0,0,0,0,0,0,0,20251214,20261212
7454,0,0,0,0,0,0,0,20251214,20261206
7455,0,0,0,0,0,0,0,20251215,20261212
7456,1,1,1,1,1,1,0,20251215,20261212
7457,0,0,0,0,0,0,0,20251214,20261212
7458,1,1,1,1,1,1,1,20251214,20261212
7459,1,1,1,1,1,1,1,20251214,20261212
7460,0,0,0,0,0,0,0,20251214,20261212
7461,1,1,1,1,1,1,1,20251214,20261212
7462,1,1,1,1,1,1,1,20251214,20261212
7463,1,1,1,1,1,1,1,20251214,20261212
7464,1,1,1,1,1,1,1,20251214,20261212
7465,1,1,1,1,1,1,1,20251214,20261212
7466,1,1,1,1,1,0,0,20251215,20261211
7467,1,1,1,1,1,1,1,20251214,20261212
7468,1,1,1,1,1,1,1,20251214,20261212
7469,1,1,1,1,1,0,0,20251215,20261211
7470,1,1,1,1,1,1,1,20251214,20261212
7471,1,1,1,1,1,1,1,20251214,20261212
7472,1,1,1,1,1,1,1,20251214,20261212
7473,1,1,1,1,1,1,1,20251214,20261212
7474,1,1,1,1,1,1,1,20251214,20261212
7475,1,1,1,1,1,1,1,20251214,20261212
7476,1,1,1,1,1,0,0,20251215,20261211
7477,1,1,1,1,1,1,1,20251214,20261212
7478,1,1,1,1,1,1,1,20251214,20261212
7479,1,1,1,1,1,0,0,20251215,20261211
7480,1,1,1,1,1,1,1,20251214,20261212
7481,1,1,1,1,1,0,0,20251215,20261211
7482,1,1,1,1,1,1,1,20251214,20261212
7483,1,1,1,1,1,0,0,20251215,20261211
7484,0,0,0,0,0,1,1,20251214,20261212
7485,1,1,1,1,1,0,0,20251215,20261211
7486,1,1,1,1,1,0,0,20251215,20261211
7487,1,1,1,1,1,0,0,20251215,20261211
7488,1,1,1,1,1,0,0,20251215,20261211
7489,1,1,1,1,1,0,0,20251215,20261211
7490,0,0,0,0,0,1,1,20251214,20261212
7491,1,1,1,1,1,1,1,20251214,20261212
7492,1,1,1,1,1,1,1,20251214,20261212
7493,1,1,1,1,1,1,1,20251214,20261212
7494,1,1,1,1,1,1,1,20251214,20261212
7495,1,1,1,1,1,0,0,20251215,20261211
7496,1,1,1,1,1,0,0,20251215,20261211
7497,1,1,1,1,1,1,1,20251214,20261212
7498,1,1,1,1,1,1,1,20251214,20261212
7499,1,1,1,1,1,1,1,20251214,20261212
7500,1,1,1,1,1,1,0,20251215,20261212
7501,1,1,1,1,1,1,1,20251214,20261212
7502,1,1,1,1,1,1,1,20251214,20261212
7503,1,1,1,1,1,1,1,20251214,20261212
7504,1,1,1,1,1,1,1,20251214,20261212
7505,1,1,1,1,1,1,0,20251215,20261212
7506,1,1,1,1,1,1,1,20251214,20261212
7507,1,1,1,1,1,1,1,20251214,20261212
7508,1,1,1,1,1,1,1,20251214,20261212
7509,1,1,1,1,1,1,1,20251214,20261212
7510,1,1,1,1,1,1,1,20251214,20261212
7511,0,0,0,0,0,0,0,20251214,20261212
7512,1,1,1,1,1,1,1,20251214,20261212
7513,1,1,1,1,1,1,1,20251214,20261212
7514,1,1,1,1,1,1,1,20251214,20261212
7515,1,1,1,1,1,1,1,20251214,20261212
7516,1,1,1,1,1,1,1,20251214,20261212
7517,1,1,1,1,1,1,1,20251214,20261212
7518,1,1,1,1,1,1,1,20251214,20261212
7519,1,1,1,1,1,1,1,20251214,20261212
7520,1,1,1,1,1,1,1,20251214,20261212
7521,1,1,1,1,1,1,1,20251214,20261212
7522,1,1,1,1,1,1,1,20251214,20261212
7523,1,1,1,1,1,1,1,20251214,20261212
7524,1,1,1,1,1,1,1,20251214,20261212
7525,1,1,1,1,1,1,1,20251214,20261212
7526,1,1,1,1,1,1,1,20251214,20261212
7527,1,1,1,1,1,1,1,20251214,20261212
7528,1,1,1,1,1,1,1,20251214,20261212
7529,1,1,1,1,1,1,1,20251214,20261212
7530,1,1,1,1,1,1,1,20251214,20261212
7531,1,1,1,1,1,1,1,20251214,20261212
7532,1,1,1,1,1,0,0,20251215,20261211
7533,1,1,1,1,1,1,1,20251214,20261212
7534,0,1,1,1,1,0,0,20251216,20261211
7535,1,1,1,1,1,0,0,20251215,20261211
7536,0,0,0,0,1,0,1,20251214,20261211
7537,1,0,0,0,0,1,1,20251214,20261212
7538,1,1,1,1,0,0,0,20251215,20261210
7539,1,1,1,1,1,0,0,20251215,20261211
7540,0,0,0,0,0,1,1,20251214,20261212
7541,0,0,0,0,0,1,1,20251214,20261212
7542,0,0,0,0,0,1,1,20251214,20261212
7543,0,0,0,0,0,1,1,20251214,20261212
7544,0,0,0,0,0,1,1,20251214,20261212
7545,1,1,1,1,1,1,1,20251214,20261212
7546,1,1,1,1,1,0,0,20251215,20261211
7547,1,1,1,1,1,0,0,20251215,20261211
7548,1,1,1,1,1,0,0,20251215,20261211
7549,1,1,1,1,1,0,0,20251215,20261211
7550,1,1,1,1,1,0,0,20251215,20261211
7551,1,1,1,1,1,0,0,20251215,20261211
7552,1,1,0,0,0,0,0,20251222,20260102
7553,1,1,1,1,1,0,0,20251215,20261211
7554,1,1,1,1,1,0,0,20251215,20261211
7555,1,1,1,1,1,0,0,20251215,20261211
7556,1,1,1,1,1,0,0,20251215,20261211
7557,1,1,1,1,1,0,0,20251215,20261211
7558,0,0,0,0,0,1,1,20251214,20261212
7559,0,0,0,0,0,0,1,20251214,20261206
7560,0,0,0,0,0,0,1,20251214,20261206
7561,1,1,1,1,1,0,1,20251214,20261211
7562,1,1,1,1,1,0,0,20251215,20261211
7563,1,1,1,1,1,0,0,20251215,20261211
7564,1,1,1,1,0,0,1,20251214,20261210
7565,0,0,0,0,1,1,0,20251219,20261212
7566,1,1,1,1,1,0,0,20251215,20261211
7567,1,1,1,1,1,1,1,20251214,20261212
7568,1,1,1,1,1,1,1,20251214,20261212
7569,1,1,1,1,1,0,0,20251215,20261211
7570,1,1,1,1,1,1,1,20251214,20261212
7571,0,0,0,0,0,0,0,20251214,20261212
7572,1,1,1,1,1,1,1,20251214,20261212
7573,1,1,1,1,1,0,0,20251215,20261211
7574,1,1,1,1,1,0,0,20251215,20261211
7575,1,1,1,1,1,1,1,20251214,20261212
7576,1,1,1,1,1,0,0,20251215,20261211
7577,1,1,1,1,1,0,0,20251215,20261211
7578,0,0,0,0,0,1,1,20251214,20261212
7579,1,1,1,1,1,1,1,20251214,20261212
7580,1,1,1,1,1,0,0,20251215,20261211
7581,1,1,1,1,1,1,1,20251214,20261212
7582,1,1,1,1,1,1,1,20251214,20261212
7583,1,1,1,1,1,1,1,20251214,20261212
7584,0,0,0,0,0,1,1,20251214,20261212
7585,0,0,0,0,0,1,1,20260403,20260928
7586,1,1,1,1,1,1,1,20251214,20261212
7587,1,1,1,1,1,0,0,20251215,20261211
7588,1,1,1,1,1,0,0,20251215,20261211
7589,1,1,1,1,1,1,0,20251215,20261212
7590,1,1,1,1,1,0,0,20251215,20261211
7591,0,0,0,0,0,0,1,20251214,20261206
7592,1,1,1,1,1,1,1,20251214,20261212
7593,1,1,1,1,1,0,0,20251215,20261211
7594,1,1,1,1,1,1,1,20251214,20261212
7595,1,1,1,1,1,1,1,20251214,20261212
7596,1,1,1,1,1,0,1,20251214,20261211
7597,0,0,0,0,0,1,0,20251220,20261212
7598,1,1,1,1,1,1,1,20251214,20261212
7599,1,1,1,1,1,1,1,20251216,20261212
7600,0,0,0,0,0,1,1,20251214,20261212
7601,0,0,0,0,0,0,0,20251216,20261212
7602,1,1,1,1,1,0,0,20251215,20261211
7603,0,0,0,0,0,0,0,20251216,20261211
7604,0,0,0,0,0,0,0,20251219,20261211
7605,0,0,0,0,0,0,0,20251219,20261211
7606,0,0,0,0,0,0,0,20251219,20261211
7607,0,0,0,0,0,0,0,20251214,20261206
7608,0,0,0,0,0,0,0,20251214,20261206
7609,1,1,1,1,1,1,1,20251214,20261212
7610,1,1,1,1,1,0,0,20251215,20261211
7611,1,1,1,1,1,0,0,20251215,20261211
7612,0,0,0,0,0,1,1,20251214,20261212
7613,1,1,1,1,1,0,0,20251215,20261211
7614,1,1,1,1,0,0,0,20251215,20261210
7615,0,0,0,0,0,0,0,20251215,20261207
7616,0,0,0,0,0,1,1,20251214,20261212
7617,0,0,0,0,0,1,1,20251214,20261212
7618,1,1,0,0,0,1,1,20251214,20261212
7619,0,0,0,0,0,0,0,20251215,20261212
7620,0,0,0,0,0,1,0,20251215,20261212
7621,0,0,0,0,1,1,1,20251214,20261212
7622,0,0,0,0,0,1,1,20251214,20261212
7623,1,1,1,1,1,0,0,20251215,20261211
7624,1,1,1,1,1,0,0,20251215,20261211
7625,1,1,1,1,1,0,0,20251215,20261211
7626,0,0,0,0,0,1,1,20251214,20261212
7627,0,0,0,0,0,1,1,20251214,20261212
7628,0,0,0,0,0,1,1,20251214,20261212
7629,0,0,0,0,0,1,1,20251214,20261212
7630,0,0,0,0,0,1,1,20251214,20261212
7631,1,1,1,1,1,0,0,20251215,20261211
7632,1,1,1,1,1,0,0,20260701,20260831
7633,1,1,1,1,1,1,1,20251214,20261212
7634,1,1,1,1,1,1,1,20251214,20261212
7635,1,1,1,1,1,1,1,20251214,20261212
7636,0,0,0,0,0,1,1,20251214,20261212
7637,1,1,1,1,1,0,0,20251215,20261211
7638,1,1,1,1,1,0,0,20251215,20261211
7639,1,1,1,1,1,1,1,20251214,20261212
7640,0,0,0,0,0,1,1,20260613,20260830
7641,1,1,1,1,1,0,0,20251215,20261211
7642,1,1,1,1,1,1,1,20251214,20261212
7643,0,0,0,0,0,1,1,20251214,20261212
7644,1,1,1,1,1,0,0,20251215,20261211
7645,1,1,1,1,1,0,0,20251215,20261211
7646,1,1,1,1,1,0,0,20251215,20261211
7647,1,1,1,1,1,0,0,20251215,20261211
7648,1,1,1,1,1,0,0,20251215,20261211
7649,1,1,1,1,1,1,1,20251214,20261212
7650,0,0,0,0,0,1,1,20251214,20261212
7651,1,1,1,1,1,1,1,20251214,20261212
7652,1,1,1,1,1,1,1,20251214,20261212
7653,1,1,1,1,1,1,1,20251214,20261212
7654,1,1,1,1,1,0,0,20251215,20261211
7655,1,1,1,1,1,1,1,20251214,20261212
7656,1,1,1,1,1,0,0,20251215,20261211
7657,1,1,1,1,0,0,0,20251215,20261210
7658,1,1,1,1,1,1,1,20251214,20261212
7659,1,1,1,1,1,1,1,20251214,20261212
7660,1,1,1,1,1,1,1,20251214,20261212
7661,1,1,1,1,1,1,0,20251215,20261212
7662,1,1,1,1,1,1,1,20251214,20261212
7663,1,1,1,1,1,1,1,20251214,20261212
7664,0,0,0,0,1,0,0,20251219,20261211
7665,1,1,0,1,1,1,0,20251215,20261212
7666,1,1,1,1,1,0,0,20251215,20261211
7667,1,1,1,1,1,0,0,20251215,20261211
7668,1,1,1,1,1,0,0,20251215,20261211
7669,1,1,1,1,1,0,0,20251215,20261211
7670,1,1,1,1,1,0,0,20251215,20261211
7671,1,1,1,1,1,1,1,20251214,20261212
7672,0,0,0,0,0,0,0,20251214,20261212
7673,1,1,1,1,1,1,0,20251215,20261212
7674,1,1,1,1,1,1,1,20251214,20261212
7675,1,1,1,1,1,1,1,20251214,20261212
7676,1,1,1,1,1,1,1,20251214,20261212
7677,1,1,1,1,1,0,0,20251215,20261211
7678,1,1,1,1,1,0,0,20251215,20261211
7679,1,1,1,1,1,0,0,20251215,20261211
7680,1,1,1,1,1,0,0,20251215,20261211
7681,1,1,1,1,1,0,0,20251215,20261211
7682,0,0,0,0,0,0,1,20251214,20261206
7683,1,1,1,1,1,1,1,20251214,20261212
7684,0,0,0,1,1,1,1,20260702,20260719
7685,0,0,0,0,0,0,0,20251214,20261206
7686,0,0,0,0,0,0,1,20251214,20261206
7687,1,1,1,1,1,1,1,20251214,20261212
7688,1,1,1,1,1,1,1,20251214,20261212
7689,1,1,1,1,1,0,0,20251215,20261211
7690,0,0,0,0,0,1,1,20251214,20261212
7691,1,1,1,1,1,1,1,20251214,20261212
7692,0,0,0,0,0,1,0,20260425,20260927
7693,1,1,1,1,1,1,0,20251215,20261212
7694,0,0,0,0,0,1,1,20251214,20261212
7695,1,1,1,1,1,1,1,20251214,20261212
7696,0,0,0,0,0,0,0,20251214,20261212
7697,1,1,1,1,1,1,1,20251214,20261212
7698,1,1,1,1,1,0,0,20251215,20261211
7699,1,1,1,1,1,0,0,20251215,20261211
7700,1,1,1,1,1,1,1,20251214,20261212
7701,1,1,1,1,1,1,1,20251214,20261212
7702,1,1,1,1,1,1,1,20251214,20261212
7703,1,1,1,1,1,0,0,20251215,20261211
7704,1,1,1,1,1,0,0,20251215,20261211
7705,0,0,0,0,0,1,1,20251214,20261212
7706,1,1,1,1,1,0,0,20251215,20261211
7707,1,1,1,1,1,1,1,20251214,20261212
7708,1,1,1,1,1,0,0,20251215,20261212
7709,1,1,1,1,1,1,1,20251214,20261212
7710,0,0,0,0,0,0,1,20251214,20261206
7711,1,1,1,1,1,1,1,20251214,20261212
7712,0,0,0,0,0,0,1,20251214,20261206
7713,1,1,1,1,1,0,0,20251215,20261211
7714,1,1,1,1,1,1,0,20251215,20261212
7715,0,0,0,0,0,0,0,20251215,20261212
7716,0,0,0,0,0,0,0,20251214,20261212
7717,0,0,0,0,0,0,0,20251214,20261212
7718,0,0,0,0,0,0,0,20251214,20261206
7719,1,1,1,1,1,0,0,20251215,20261211
7720,1,1,1,1,1,1,1,20251214,20261212
7721,1,1,1,1,1,0,0,20251215,20261211
7722,0,0,0,0,0,1,1,20260328,20261101
7723,0,0,0,0,0,1,1,20251214,20261212
7724,0,0,0,0,0,1,1,20251214,20261212
7725,1,1,1,1,1,1,1,20251214,20261212
7726,1,1,1,1,1,0,0,20251215,20261211
7727,0,0,0,0,0,1,1,20251214,20261212
7728,1,1,1,1,1,0,1,20251214,20261211
7729,0,0,0,0,0,1,1,20251214,20261212
7730,1,1,1,1,1,1,1,20251214,20261212
7731,0,0,0,0,0,0,0,20260130,20261030
7732,1,1,1,1,1,0,0,20251215,20261211
7733,1,1,1,1,1,1,1,20251214,20261212
7734,1,1,1,1,1,0,0,20251215,20261211
7735,1,1,1,1,1,1,1,20251214,20261212
7736,1,1,1,1,1,1,1,20251214,20261212
7737,1,1,1,1,1,1,1,20251214,20261212
7738,0,0,0,0,0,1,1,20251214,20261212
7739,1,1,1,1,1,0,0,20251215,20261211
7740,0,0,0,0,1,0,0,20251219,20261211
7741,1,1,1,1,1,1,1,20251214,20261212
7742,1,1,1,1,1,1,1,20251214,20261212
7743,1,1,1,1,1,1,1,20251214,20261212
7744,1,1,1,1,1,1,1,20251214,20261212
7745,1,1,1,1,1,1,1,20251214,20261212
7746,1,1,1,1,1,1,1,20251214,20261212
7747,1,1,1,1,1,1,1,20251214,20261212
7748,1,1,1,1,1,1,1,20251214,20261212
7749,1,1,1,1,1,1,1,20251214,20261212
7750,1,1,1,1,1,1,1,20251214,20261212
7751,1,1,1,1,1,0,0,20251215,20261211
7752,1,1,1,1,1,1,1,20251214,20261212
7753,1,1,1,1,1,1,1,20251214,20261212
7754,1,1,1,1,1,0,0,20251215,20261211
7755,0,0,0,0,0,1,1,20251214,20261212
7756,1,1,1,1,1,1,1,20251214,20261212
7757,1,1,1,1,1,1,1,20251214,20261212
7758,1,1,1,1,1,0,0,20251215,20261211
7759,1,1,1,1,1,0,0,20251215,20261211
7760,1,1,1,1,1,0,0,20251215,20261211
7761,0,0,0,0,0,0,0,20251215,20261211
7762,1,1,1,1,1,1,1,20251214,20261212
7763,1,1,1,1,1,0,0,20251215,20261211
7764,1,1,1,1,1,1,1,20251214,20261212
7765,0,1,0,0,0,0,0,20251215,20261211
7766,1,1,1,1,0,0,0,20251215,20261210
7767,1,1,1,1,1,0,0,20251215,20261211
7768,0,0,0,0,0,1,1,20251214,20261212
7769,0,0,0,0,0,1,0,20251220,20261212
7770,0,0,0,0,0,1,0,20251220,20261212
7771,1,1,1,1,1,0,0,20251215,20261211
7772,1,1,1,1,1,1,1,20251214,20261212
7773,1,1,1,1,1,1,1,20251214,20261212
7774,1,1,1,1,1,1,1,20251214,20261212
7775,0,0,0,0,0,1,1,20251214,20261212
7776,1,1,1,1,1,1,1,20251214,20261212
7777,1,1,1,1,1,1,1,20251214,20261212
7778,1,1,1,1,1,1,1,20251214,20261212
7779,1,1,1,1,1,0,0,20251215,20261211
7780,1,1,1,1,1,0,0,20251215,20261211
7781,1,1,1,1,1,0,0,20251215,20261211
7782,1,1,1,1,1,0,0,20251215,20261211
7783,0,0,0,0,0,1,1,20251214,20261212
7784,1,1,1,1,1,0,0,20251215,20261211
7785,1,1,1,1,1,0,0,20251215,20261211
7786,1,1,1,1,1,0,0,20251215,20261211
7787,0,0,0,0,0,1,1,20251214,20261212
7788,1,1,1,1,1,1,1,20251214,20261212
7789,1,1,1,1,1,0,0,20251215,20261211
7790,1,1,1,1,1,1,1,20251214,20261212
7791,1,1,1,1,1,0,0,20251215,20261211
7792,1,1,1,1,1,0,0,20251215,20261211
7793,1,1,1,1,1,0,0,20251215,20261211
7794,1,1,1,1,1,0,0,20251215,20261211
7795,1,1,1,1,1,0,0,20251215,20261211
7796,1,1,1,1,1,0,0,20251215,20261211
7797,1,1,1,1,1,0,0,20251215,20261211
7798,1,1,1,1,1,1,1,20251214,20261212
7799,1,1,1,1,1,0,0,20251215,20261211
7800,1,1,1,1,1,1,1,20251214,20261212
7801,1,1,1,1,1,0,0,20251215,20261211
7802,1,1,1,1,1,0,0,20251215,20261211
7803,1,1,1,1,1,0,0,20251215,20261211
7804,1,1,1,1,1,0,0,20251215,20261211
7805,0,0,0,0,0,1,1,20251214,20261212
7806,1,1,1,1,1,0,0,20251215,20261211
7807,1,1,1,1,1,0,0,20251215,20261211
7808,1,1,1,1,1,0,0,20251215,20261211
7809,0,0,0,0,0,1,0,20251220,20261212
7810,0,0,0,0,0,1,0,20251220,20261212
7811,1,1,1,1,1,0,0,20251215,20261211
7812,1,1,1,1,1,1,1,20251214,20261212
7813,1,1,1,1,1,0,0,20251215,20261211
7814,1,1,1,1,1,0,0,20251215,20261211
7815,0,0,0,0,0,1,1,20251214,20261212
7816,1,1,1,1,1,1,1,20251214,20261212
7817,1,1,1,1,1,1,1,20251214,20261212
7818,1,1,1,1,1,1,0,20251215,20261212
7819,0,0,0,0,0,0,0,20251220,20261212
7820,0,0,0,0,0,0,1,20251214,20261206
7821,0,0,0,0,0,0,1,20251214,20261206
7822,1,1,1,1,1,1,1,20251214,20261212
7823,0,0,0,0,0,1,1,20251214,20261212
7824,1,1,1,1,1,0,0,20251215,20261211
7825,0,0,0,0,0,0,0,20251215,20261212
7826,0,0,0,0,1,0,0,20251219,20261211
7827,1,1,1,1,1,0,0,20251215,20261211
7828,1,1,1,1,1,0,0,20251215,20261211
7829,1,1,1,1,1,1,1,20251215,20261212
7830,1,1,1,1,1,0,0,20251215,20261211
7831,1,1,1,1,1,1,0,20251215,20261212
7832,1,1,1,1,1,1,1,20251214,20261212
7833,1,1,1,1,1,1,1,20251214,20261212
7834,1,1,1,1,1,1,1,20251214,20261212
7835,1,1,1,1,1,1,1,20251214,20261212
7836,1,1,1,1,1,1,1,20251214,20261212
7837,1,1,1,1,1,1,1,20251215,20261212
7838,1,1,1,1,1,1,1,20251214,20261212
7839,0,0,0,0,0,0,0,20260328,20261101
7840,1,1,1,1,1,0,0,20251215,20261211
7841,1,1,1,1,1,0,0,20251215,20261211
7842,0,0,0,0,0,0,0,20260328,20261101
7843,1,1,1,1,1,1,1,20251214,20261212
7844,1,1,1,1,1,1,1,20251214,20261212
7845,1,1,1,1,1,1,1,20251214,20261212
7846,1,1,1,1,1,1,1,20251214,20261212
7847,1,1,1,1,1,0,0,20251215,20261211
7848,1,1,1,1,1,1,1,20251214,20261212
7849,1,1,1,1,1,1,1,20251214,20261212
7850,1,1,1,1,1,1,1,20251214,20261212
7851,1,1,1,1,1,1,1,20251214,20261212
7852,1,1,1,1,1,1,1,20251214,20261212
7853,1,1,1,1,1,1,1,20251214,20261212
7854,1,1,1,1,1,1,1,20251214,20261212
7855,1,1,1,1,1,1,1,20251214,20261212
7856,0,0,0,0,1,1,0,20251219,20261212
7857,1,1,1,1,1,0,0,20251215,20261211
7858,0,0,0,0,0,1,1,20251214,20261212
7859,1,1,1,1,1,1,1,20251214,20261212
7860,1,1,1,1,1,1,1,20251214,20261212
7861,1,1,1,1,1,1,1,20251214,20261212
7862,1,1,1,1,1,1,1,20251214,20261212
7863,1,1,1,1,1,1,1,20251214,20261212
7864,0,0,0,0,0,1,1,20251214,20261212
7865,1,1,1,1,1,0,1,20251214,20261211
7866,1,1,1,1,1,1,1,20251214,20261212
7867,1,1,1,1,1,1,1,20251214,20261212
7868,1,1,1,1,1,1,1,20251214,20261212
7869,1,1,1,1,1,1,1,20251214,20261212
7870,0,0,0,0,0,0,0,20251219,20261211
7871,1,1,1,1,1,1,1,20251214,20261212
7872,1,1,1,1,1,1,1,20251214,20261212
7873,1,1,1,1,1,1,1,20251214,20261212
7874,0,0,0,0,0,1,0,20251220,20261212
7875,1,1,1,1,0,1,1,20251214,20261212
7876,1,0,0,0,0,0,0,20251215,20261207
7877,0,0,0,0,0,1,1,20251214,20261212
7878,1,1,1,1,0,1,1,20251214,20261212
7879,0,0,0,0,1,1,0,20251219,20261212
7880,1,1,1,1,1,0,0,20251215,20261211
7881,1,1,1,1,1,1,1,20251214,20261212
7882,1,1,1,1,1,1,1,20251214,20261212
7883,0,0,0,0,0,1,0,20251220,20261212
7884,0,0,0,0,0,0,0,20251216,20261211
7885,1,1,1,1,1,1,1,20251214,20261212
7886,1,1,1,1,1,1,1,20251214,20261212
7887,1,1,1,1,1,1,1,20251214,20261212
7888,1,1,1,1,1,1,1,20251214,20261212
7889,1,1,1,1,1,1,1,20251214,20261212
7890,1,1,1,1,1,1,1,20251214,20261212
7891,1,1,1,1,1,1,1,20251214,20261212
7892,1,1,1,1,1,1,1,20251214,20261212
7893,1,1,1,1,1,1,1,20251214,20261212
7894,1,1,1,1,1,1,1,20251214,20261212
7895,0,0,0,0,1,1,1,20251214,20261212
7896,1,1,1,1,1,0,0,20251215,20261211
7897,1,1,1,1,1,1,1,20251214,20261212
7898,0,0,0,0,1,1,1,20251214,20261212
7899,1,1,1,1,1,1,1,20251214,20261212
7900,1,1,1,1,1,1,1,20251214,20261212
7901,1,1,1,1,1,1,1,20251214,20261212
7902,0,0,0,0,0,0,0,20251215,20261211
7903,0,0,0,0,0,1,1,20251214,20261212
7904,1,1,1,1,1,0,0,20251215,20261211
7905,0,0,0,0,0,0,0,20251215,20261211
7906,1,1,1,1,1,0,0,20251215,20261211
7907,1,1,1,1,1,0,0,20251215,20261211
7908,1,1,1,1,1,0,0,20251215,20261211
7909,1,1,1,1,1,0,0,20251215,20261211
7910,1,1,1,1,1,0,0,20251215,20261211
7911,1,1,1,1,1,0,0,20251215,20261211
7912,1,1,1,1,1,1,1,20251214,20261212
7913,0,0,0,0,0,1,1,20260704,20260830
7914,0,0,0,0,0,1,1,20251214,20261212
7915,1,1,1,1,1,1,1,20251214,20261212
7916,1,1,1,1,0,0,0,20251215,20261210
7917,1,1,1,1,1,1,1,20251214,20261212
7918,1,1,1,1,1,1,1,20251214,20261212
7919,1,1,1,1,1,0,0,20251215,20261211
7920,1,1,1,1,1,1,1,20251214,20261212
7921,0,1,1,1,1,0,0,20251216,20261211
7922,0,0,0,0,0,1,1,20260425,20260928
7923,1,1,1,1,1,1,1,20251214,20261212
7924,1,1,1,1,1,0,0,20251215,20261211
7925,1,1,1,1,1,1,1,20251214,20261212
7926,1,1,1,1,1,0,0,20251215,20261211
7927,0,0,0,0,0,1,1,20251214,20261212
7928,1,1,1,1,1,0,0,20251215,20261211
7929,1,0,0,0,0,0,0,20251215,20261207
7930,1,1,1,1,1,0,0,20251214,20261212
7931,0,0,0,0,0,1,1,20251214,20261212
7932,1,1,1,1,1,1,0,20251214,20261212
7933,1,1,1,1,1,1,1,20251214,20261212
7934,0,0,0,0,0,1,1,20251214,20261212
7935,1,1,1,1,1,0,0,20251215,20261211
7936,0,0,0,0,0,0,0,20260425,20260928
7937,0,0,0,0,0,0,0,20251214,20261212
7938,0,0,0,0,0,1,1,20251214,20261212
7939,1,1,1,1,1,1,1,20251214,20261212
7940,1,1,1,1,1,0,0,20251215,20261211
7941,1,1,1,1,1,0,0,20251215,20261211
7942,0,0,0,0,0,1,1,20260425,20260928
7943,1,1,1,1,1,1,1,20251214,20261212
7944,1,1,1,1,1,1,1,20251214,20261212
7945,1,1,1,1,1,1,1,20251214,20261212
7946,0,0,0,0,0,1,1,20251214,20261212
7947,0,0,0,0,0,1,1,20251214,20261212
7948,1,1,1,1,1,0,0,20251215,20261211
7949,0,0,0,0,0,0,0,20251222,20261116
7950,0,0,0,0,0,1,1,20260425,20260928
7951,0,0,0,0,0,0,0,20251214,20261212
7952,1,1,1,1,1,0,0,20251215,20261211
7953,0,0,0,0,0,1,1,20251214,20261212
7954,0,0,0,0,0,1,0,20251220,20261212
7955,0,0,0,0,0,0,0,20251214,20261212
7956,1,1,1,1,1,0,0,20251215,20261211
7957,0,0,0,0,0,1,1,20251214,20261212
7958,1,1,1,1,1,0,0,20251215,20261211
7959,1,1,1,1,1,1,1,20251214,20261212
7960,0,0,0,0,0,0,1,20251214,20261206
7961,0,0,0,0,0,1,1,20251214,20261212
7962,0,0,0,0,0,0,1,20251214,20261206
7963,1,1,1,1,1,0,0,20251215,20261211
7964,1,1,1,1,1,0,0,20251215,20261211
7965,0,0,0,0,1,0,0,20251219,20261211
7966,1,1,1,1,1,0,0,20251215,20261211
7967,1,1,1,1,1,0,0,20251215,20261211
7968,1,1,1,1,0,0,0,20251215,20261210
7969,1,1,1,1,1,1,1,20251214,20261212
7970,0,0,0,0,1,0,0,20251219,20261211
7971,0,0,0,0,0,0,1,20251214,20261206
7972,0,0,0,0,0,0,1,20251214,20261206
7973,1,1,1,1,1,0,0,20251215,20261211
7974,0,0,0,0,0,1,0,20251220,20261212
7975,0,0,0,0,0,0,1,20251214,20261206
7976,0,0,0,0,0,1,0,20251220,20261212
7977,0,0,0,0,0,1,1,20251214,20261212
7978,0,0,0,0,0,1,0,20251220,20261212
7979,1,1,1,1,1,0,0,20251215,20261211
7980,0,0,0,0,0,0,0,20251225,20260927
7981,0,0,0,0,0,0,0,20251224,20260927
7982,0,0,0,0,0,0,0,20251220,20261212
7983,0,0,0,0,0,0,0,20251214,20261206
7984,0,0,0,0,0,0,0,20251214,20261211
7985,0,0,0,0,0,0,0,20251214,20261212
7986,0,0,0,0,0,0,0,20251214,20261211
7987,0,0,0,0,0,0,0,20251215,20261211
7988,0,0,0,0,0,0,0,20251214,20261212
7989,0,0,0,0,0,0,0,20251215,20261211
7990,0,0,0,0,0,0,0,20251215,20261211
7991,0,0,0,0,0,1,0,20251220,20261212
7992,0,0,0,0,0,0,0,20251220,20261212
7993,0,0,0,0,0,0,0,20251215,20261211
7994,1,1,1,1,1,0,0,20251215,20261211
7995,0,0,0,0,0,0,0,20251214,20261212
7996,0,0,0,0,0,0,0,20251214,20261212
7997,0,0,0,0,0,0,0,20251219,20261211
7998,0,0,0,0,0,0,1,20251214,20261206
7999,0,0,0,0,0,0,0,20251214,20261212
8000,1,1,1,0,0,0,0,20251229,20251231
8001,1,1,1,1,1,1,1,20251214,20261212
8002,1,1,1,1,1,0,0,20251215,20261211
8003,0,0,0,0,0,0,0,20251214,20261212
8004,1,1,1,1,1,0,0,20251215,20261211
8005,1,1,1,1,1,1,1,20251214,20261212
8006,0,0,0,0,0,1,1,20251214,20261212
8007,1,1,1,1,1,0,0,20251215,20261211
8008,1,1,1,1,1,0,0,20251215,20261211
8009,1,1,1,1,1,1,1,20251214,20261212
8010,1,1,1,1,1,0,0,20251215,20261211
8011,1,1,1,1,1,0,0,20251215,20261211
8012,0,0,0,0,0,1,1,20251214,20261212
8013,0,0,0,0,0,1,1,20251214,20261212
8014,1,1,1,1,1,0,0,20251215,20261211
8015,1,1,1,1,1,0,0,20251215,20261211
8016,1,1,1,1,1,0,0,20251215,20261211
8017,1,1,1,1,1,0,0,20251215,20261211
8018,1,1,1,1,1,0,0,20251215,20261211
8019,0,0,0,0,0,1,1,20251214,20261212
8020,0,0,0,0,0,1,1,20251214,20261212
8021,1,1,1,1,1,0,0,20251215,20261211
8022,1,1,1,1,1,0,0,20251215,20261211
8023,0,0,0,0,0,1,0,20251220,20261212
8024,1,1,1,1,1,0,0,20251215,20261211
8025,1,1,1,1,1,0,0,20251215,20261211
8026,1,1,1,1,1,0,0,20251215,20261211
8027,1,1,1,1,1,0,0,20251215,20261211
8028,1,1,1,1,1,0,0,20251215,20261211
8029,0,0,0,0,0,0,1,20251214,20261206
8030,0,0,0,0,0,1,1,20251214,20261212
8031,0,0,0,0,0,0,1,20251214,20261206
8032,1,1,1,1,1,0,0,20251215,20261211
8033,1,1,1,1,1,0,0,20251215,20261211
8034,1,1,1,1,1,1,1,20251214,20261212
8035,0,0,0,0,0,1,1,20251214,20261212
8036,0,0,0,0,0,1,1,20251214,20261212
8037,1,1,1,1,1,1,1,20251214,20261212
8038,0,0,0,0,0,1,1,20251214,20261212
8039,1,1,1,1,0,0,0,20251215,20261210
8040,1,1,1,1,1,0,0,20251215,20261211
8041,1,1,1,1,1,1,1,20251214,20261212
8042,1,1,1,1,0,0,0,20251215,20261210
8043,1,1,1,1,1,0,0,20251215,20261211
8044,1,1,1,1,1,0,0,20251215,20261211
8045,1,1,1,1,1,0,0,20251215,20261211
8046,1,1,1,1,1,0,0,20251215,20261211
8047,1,1,1,1,1,0,0,20251215,20261211
8048,0,0,0,0,0,1,0,20251220,20261212
8049,1,1,1,1,1,0,0,20251215,20261211
8050,0,0,0,0,0,1,1,20251214,20261212
8051,0,0,0,0,0,1,1,20251214,20261212
8052,0,0,0,0,0,1,1,20251214,20261212
8053,1,1,1,1,1,0,0,20251215,20261211
8054,1,1,1,1,1,0,0,20251215,20261211
8055,1,0,0,0,0,0,0,20251222,20251230
8056,0,0,0,0,0,1,1,20251214,20261212
8057,1,1,1,1,1,1,1,20251214,20261212
8058,1,1,1,1,1,1,1,20251214,20261212
8059,1,1,1,1,1,1,1,20251214,20261212
8060,1,1,1,1,1,1,1,20251214,20261212
8061,1,1,1,1,1,0,0,20251215,20261211
8062,1,1,1,1,1,1,1,20251214,20261212
8063,0,0,0,0,0,1,0,20260425,20260927
8064,1,1,1,1,1,1,1,20251214,20261212
8065,1,1,1,1,1,1,1,20251214,20261212
8066,0,0,0,0,0,1,1,20251214,20261212
8067,1,1,1,1,1,1,1,20251214,20261212
8068,1,1,1,1,0,0,0,20251215,20261210
8069,0,0,0,0,0,1,1,20251214,20261212
8070,0,0,0,0,0,1,0,20251220,20261212
8071,1,1,1,1,1,0,0,20251215,20261211
8072,1,1,1,1,1,0,0,20251215,20261211
8073,1,1,1,1,1,1,0,20251215,20261212
8074,1,1,1,1,1,1,1,20251214,20261212
8075,1,1,1,1,1,0,0,20251215,20261211
8076,1,1,1,1,1,1,1,20251214,20261212
8077,1,1,1,1,1,1,1,20251214,20261212
8078,1,1,1,1,1,1,1,20251214,20261212
8079,1,1,1,1,1,1,1,20251214,20261212
8080,1,1,1,1,1,1,1,20251214,20261212
8081,1,1,1,1,1,1,1,20251214,20261212
8082,1,1,1,1,1,1,1,20251214,20261212
8083,1,1,1,1,0,0,1,20251214,20261211
8084,1,1,1,1,1,1,1,20251214,20261212
8085,1,1,1,1,1,1,1,20251214,20261212
8086,1,1,1,1,1,1,1,20251214,20261212
8087,1,1,1,1,1,0,1,20251214,20261211
8088,1,1,1,1,1,1,1,20251214,20261212
8089,1,1,1,1,1,1,1,20251214,20261212
8090,1,1,1,1,1,1,0,20251215,20261212
8091,0,0,0,0,0,0,1,20251214,20261206
8092,1,1,1,1,1,1,1,20251214,20261212
8093,1,1,1,1,1,1,1,20251214,20260228
8094,1,1,1,1,1,0,0,20251215,20261211
8095,1,1,1,1,1,0,0,20251215,20261211
8096,1,1,1,1,1,1,1,20251214,20261212
8097,1,1,1,1,1,1,1,20251214,20261212
8098,1,1,1,1,1,0,0,20251215,20261211
8099,1,1,1,1,0,0,0,20251215,20261210
8100,1,1,1,1,1,1,1,20251214,20261212
8101,1,1,1,1,1,1,1,20251214,20261212
8102,1,1,1,1,1,1,1,20251214,20261212
8103,1,0,0,0,0,0,0,20251215,20261210
8104,0,0,0,0,0,0,0,20251215,20261212
8105,0,0,0,0,0,0,0,20251214,20261211
8106,0,0,0,0,0,0,0,20251214,20261211
8107,0,0,0,0,0,1,0,20251220,20261212
8108,1,1,1,1,1,1,1,20251214,20261212
8109,0,0,0,0,0,1,1,20251214,20261212
8110,0,0,0,0,0,1,0,20251220,20261212
8111,0,0,0,0,0,0,1,20251214,20261206
8112,0,0,0,0,0,0,0,20251215,20261207
8113,1,1,1,1,1,0,0,20251215,20261211
8114,0,0,0,0,0,1,1,20251214,20261212
8115,0,0,0,0,0,1,1,20251214,20261212
8116,0,0,0,0,0,1,1,20251214,20261212
8117,1,1,1,1,1,0,0,20251215,20261211
8118,0,0,0,0,0,1,1,20251214,20261212
8119,1,1,1,1,1,1,1,20251214,20261212
8120,0,0,0,0,0,0,0,20251227,20260516
8121,1,1,1,1,1,0,0,20251215,20261211
8122,1,1,1,1,1,0,0,20251215,20261211
8123,1,1,1,1,1,0,0,20251215,20261211
8124,1,1,1,1,1,1,1,20251214,20261212
8125,1,1,1,1,1,0,0,20251215,20261211
8126,0,0,0,0,0,1,1,20251214,20261212
8127,0,0,0,0,0,0,0,20260606,20261028
8128,1,1,1,1,1,0,0,20251215,20261211
8129,1,1,1,1,1,0,0,20251215,20261211
8130,1,1,1,1,1,1,1,20251214,20261212
8131,1,1,1,1,1,0,0,20251215,20261211
8132,0,0,0,0,0,1,1,20251214,20261212
8133,0,0,0,0,0,0,0,20251229,20261205
8134,1,1,1,1,1,1,1,20251214,20261212
8135,0,0,0,0,0,0,0,20251214,20261212
8136,0,0,0,0,0,0,0,20251214,20261212
8137,1,1,1,1,1,0,0,20251215,20261211
8138,1,1,1,1,1,1,1,20251214,20261212
8139,1,1,1,1,1,1,1,20251214,20261212
8140,1,1,1,1,1,0,0,20251215,20261211
8141,1,1,1,1,1,1,1,20251214,20261212
8142,1,1,1,1,1,1,1,20251214,20261212
8143,1,1,1,1,1,0,0,20251215,20261211
8144,0,0,0,0,0,1,1,20251214,20261212
8145,0,0,0,0,0,1,1,20251214,20261212
8146,1,1,1,1,1,0,0,20251215,20261211
8147,1,1,1,1,1,1,1,20251214,20261212
8148,1,1,1,1,1,1,1,20251214,20261212
8149,1,1,1,1,1,1,1,20251214,20261212
8150,0,0,0,0,0,1,1,20251214,20261212
8151,1,1,1,1,1,1,1,20251214,20261212
8152,0,0,0,1,1,0,1,20251214,20261211
8153,1,1,1,1,1,1,1,20251214,20261212
8154,1,1,1,1,1,1,1,20251214,20261212
8155,1,1,1,1,1,1,1,20251214,20261212
8156,1,1,1,1,1,0,0,20251215,20261211
8157,1,1,1,1,1,0,0,20251215,20261211
8158,1,1,1,0,0,1,0,20251215,20261212
8159,0,0,0,0,0,0,0,20251214,20261212
8160,1,1,1,1,1,0,0,20251215,20261211
8161,0,0,0,0,0,0,0,20251214,20261212
8162,0,0,0,0,0,1,1,20251214,20261212
8163,1,1,1,1,1,0,0,20251215,20261211
8164,0,0,0,0,0,0,0,20251219,20261212
8165,0,0,0,0,0,0,0,20251214,20261212
8166,1,1,1,1,1,1,1,20251214,20261212
8167,1,1,1,1,1,1,1,20251214,20261212
8168,1,1,1,1,1,1,1,20251214,20261212
8169,0,0,0,0,0,1,1,20251214,20261212
8170,0,0,0,0,0,0,0,20251229,20261205
8171,0,0,0,0,0,0,1,20251214,20261206
8172,1,1,1,1,1,1,0,20251215,20261212
8173,0,0,0,0,0,0,0,20251214,20261212
8174,1,1,1,1,0,0,0,20251215,20261211
8175,0,0,0,1,1,0,1,20251214,20261211
8176,1,1,1,1,1,0,0,20251215,20261211
8177,0,0,0,0,0,1,1,20251214,20261212
8178,1,1,1,1,1,1,1,20251214,20261212
8179,0,0,0,0,0,1,1,20251214,20261212
8180,1,1,1,1,1,0,0,20251215,20261211
8181,1,1,1,1,1,1,1,20251214,20261212
8182,0,0,0,0,0,0,0,20251214,20261210
8183,0,0,0,0,0,1,1,20251214,20261212
8184,1,1,1,1,1,0,0,20251215,20261211
8185,0,0,0,0,0,1,0,20251220,20261212
8186,1,1,1,1,1,1,1,20251214,20261212
8187,1,1,1,1,1,0,0,20251215,20261211
8188,1,1,1,1,1,0,0,20251215,20261211
8189,0,0,0,0,0,1,1,20251214,20261212
8190,1,1,1,1,1,0,0,20251215,20261211
8191,0,0,0,0,0,1,1,20251214,20261212
8192,0,0,0,0,0,0,0,20251214,20261212
8193,1,1,1,1,1,1,1,20251214,20261212
8194,1,1,1,1,1,1,1,20251214,20261212
8195,1,1,1,1,1,1,1,20251214,20261212
8196,0,0,0,0,0,0,0,20251222,20260831
8197,1,1,1,1,1,1,1,20251214,20261212
8198,1,1,1,1,1,1,1,20251214,20261212
8199,1,1,1,1,1,1,1,20251214,20261212
8200,1,1,1,1,1,1,1,20251214,20261212
8201,1,1,1,1,1,1,1,20251214,20261212
8202,1,1,1,1,1,0,0,20251215,20261211
8203,1,1,1,1,1,1,1,20251214,20261212
8204,1,1,1,1,1,1,1,20251214,20261212
8205,0,0,0,0,0,1,1,20251214,20261212
8206,1,1,1,1,1,1,1,20251214,20261212
8207,1,1,1,1,1,0,0,20251215,20261211
8208,1,1,1,1,1,0,0,20251215,20261211
8209,1,1,1,1,1,1,1,20251214,20261212
8210,1,1,1,1,1,0,0,20251215,20261211
8211,1,1,1,1,1,1,1,20251214,20261212
8212,1,1,1,1,1,1,1,20251214,20261212
8213,1,1,1,1,1,1,1,20251214,20261212
8214,1,1,1,1,1,1,1,20251214,20261212
8215,1,1,1,1,1,1,1,20251214,20261212
8216,1,1,1,1,1,1,1,20251214,20261212
8217,1,1,1,1,1,1,1,20251214,20261212
8218,1,1,1,1,1,1,1,20251214,20261212
8219,1,1,1,1,1,1,1,20251214,20261212
8220,1,1,1,1,1,1,1,20251214,20261212
8221,1,1,1,1,1,1,1,20251214,20261212
8222,1,1,1,1,1,0,0,20251215,20261211
8223,0,0,0,0,0,1,1,20251214,20261212
8224,1,1,1,1,1,1,1,20251214,20261212
8225,1,1,1,1,1,0,0,20251215,20261211
8226,1,1,1,1,1,1,1,20251214,20261212
8227,0,0,0,0,0,1,1,20251214,20261212
8228,1,1,1,1,1,0,0,20251215,20261211
8229,1,1,1,1,1,1,0,20251215,20261212
8230,1,1,1,1,1,1,1,20251214,20261212
8231,1,1,1,1,1,1,0,20251215,20261212
8232,1,1,1,1,1,1,1,20251214,20261212
8233,1,1,1,1,1,0,0,20251215,20261211
8234,1,1,1,1,1,1,1,20251214,20261212
8235,0,0,0,0,0,1,0,20251220,20261212
8236,1,1,1,1,1,1,1,20251214,20261212
8237,1,1,1,1,1,0,0,20251215,20261211
8238,1,1,1,1,1,0,0,20251215,20261211
8239,1,1,1,1,1,0,0,20251215,20261211
8240,1,1,1,1,1,1,1,20251214,20261212
8241,1,1,1,1,1,0,0,20251215,20261211
8242,0,0,0,0,0,0,0,20251214,20261212
8243,1,1,1,1,1,0,0,20251215,20261211
8244,1,1,1,1,1,0,0,20251215,20261211
8245,1,1,1,1,1,0,0,20251215,20261211
8246,1,1,1,1,1,1,1,20251214,20261212
8247,1,1,1,1,1,1,1,20251214,20261212
8248,0,0,0,0,0,1,1,20251214,20261212
8249,1,1,1,1,1,0,0,20260504,20260630
8250,1,1,1,1,1,1,1,20251214,20261212
8251,1,1,1,1,1,1,1,20251214,20261212
8252,1,1,1,1,1,1,1,20251214,20261212
8253,1,1,1,1,1,1,1,20251214,20261212
8254,1,1,1,1,1,1,1,20251214,20261212
8255,1,1,1,1,1,1,1,20251214,20261212
8256,1,1,1,1,1,1,1,20251214,20261212
8257,1,1,1,1,1,1,1,20251214,20261212
8258,1,1,1,1,1,1,1,20251214,20261212
8259,1,1,1,1,1,0,0,20251215,20261211
8260,1,1,1,1,1,1,1,20251214,20261212
8261,1,1,1,1,1,1,1,20251214,20261212
8262,1,1,1,1,1,1,1,20251214,20261212
8263,1,1,1,1,1,1,1,20251214,20261212
8264,1,1,1,1,1,0,0,20251215,20261211
8265,1,1,1,1,1,0,0,20251215,20261211
8266,0,0,0,0,0,1,1,20251214,20261212
8267,1,1,1,1,1,0,0,20251215,20261211
8268,1,1,1,1,1,1,1,20251214,20261212
8269,1,1,1,1,1,1,1,20251214,20261212
8270,1,1,1,1,1,0,0,20251215,20261211
8271,1,1,1,1,1,0,0,20251215,20261211
8272,1,1,1,1,1,0,0,20251215,20261211
8273,0,0,0,0,0,0,1,20251214,20261212
8274,0,0,0,0,0,0,0,20260403,20261028
8275,1,1,1,1,1,0,0,20251215,20261211
8276,0,0,0,0,0,0,0,20260403,20261028
8277,1,1,1,1,1,1,1,20251214,20261212
8278,1,1,1,1,1,0,0,20251215,20261211
8279,1,1,1,1,1,1,1,20251214,20261212
8280,1,1,1,1,1,0,0,20251215,20261211
8281,1,1,1,1,1,0,0,20251215,20261211
8282,0,0,0,0,0,0,0,20251214,20261212
8283,1,1,1,1,1,1,1,20251214,20261212
8284,1,1,1,1,1,1,1,20251214,20261212
8285,1,1,1,1,1,1,1,20251214,20261212
8286,1,1,1,1,1,1,1,20251214,20261212
8287,1,1,1,1,1,1,1,20251214,20261212
8288,1,1,1,1,1,1,1,20251214,20261212
8289,0,0,0,0,0,0,0,20251214,20261212
8290,0,0,0,0,0,0,0,20251214,20261212
8291,1,1,1,1,1,1,1,20251214,20261212
8292,1,1,1,1,1,1,1,20251214,20261212
8293,1,1,1,1,1,1,1,20251214,20261212
8294,1,1,1,1,1,1,1,20251214,20261212
8295,1,1,1,1,1,1,1,20251214,20261212
8296,1,1,1,1,1,1,0,20251215,20261212
8297,1,1,1,1,1,1,1,20251214,20261212
8298,1,1,1,1,1,1,1,20251214,20261212
8299,1,1,1,1,1,1,1,20251214,20261212
8300,1,1,1,1,1,1,1,20251214,20261212
8301,1,1,1,1,1,1,1,20251214,20261212
8302,1,1,1,1,1,1,1,20251214,20261212
8303,1,1,1,1,1,1,1,20251214,20261212
8304,0,0,0,0,0,1,1,20251214,20261212
8305,1,1,1,1,1,0,0,20251215,20261211
8306,1,1,1,1,1,0,0,20251215,20261211
8307,0,0,0,0,0,0,0,20251214,20261212
8308,0,0,0,0,0,1,1,20251214,20261212
8309,1,1,1,1,1,0,0,20251215,20261211
8310,0,0,0,1,0,0,0,20260427,20260925
8311,0,0,0,1,0,0,0,20251215,20261211
8312,0,0,0,0,1,0,0,20251219,20261211
8313,1,1,1,1,1,0,0,20251215,20261211
8314,1,1,1,1,1,1,0,20251215,20261212
8315,0,0,0,0,0,1,1,20251214,20261212
8316,1,1,1,1,1,1,1,20251214,20261212
8317,1,1,1,1,1,0,0,20251215,20261211
8318,1,1,1,1,1,1,1,20251214,20261212
8319,1,1,1,1,1,1,1,20251214,20261212
8320,1,1,1,1,1,0,0,20251215,20261211
8321,1,1,1,1,1,1,1,20251214,20261212
8322,0,0,0,0,1,0,0,20251219,20261211
8323,1,1,1,1,1,0,0,20251215,20261211
8324,1,1,1,1,1,0,0,20251215,20261211
8325,1,1,1,1,1,0,0,20251215,20261211
8326,1,1,1,1,1,0,0,20251215,20261211
8327,1,1,1,1,1,1,1,20251214,20261212
8328,1,1,1,1,1,0,0,20251215,20261211
8329,0,0,0,0,0,1,1,20251214,20261212
8330,1,1,1,1,1,1,0,20251215,20261212
8331,1,1,1,1,1,0,0,20251215,20261211
8332,1,1,1,1,1,0,0,20251215,20261211
8333,1,1,1,1,0,1,1,20251214,20261212
8334,1,1,1,1,1,1,1,20251214,20261212
8335,1,1,1,1,1,1,1,20251214,20261212
8336,1,1,1,1,1,1,0,20251215,20261212
8337,1,1,1,1,1,1,1,20251214,20261212
8338,1,1,1,1,1,1,1,20251214,20261212
8339,1,1,1,1,1,1,1,20251214,20261212
8340,0,0,0,0,0,1,0,20251220,20261212
8341,0,0,0,0,0,0,1,20251214,20261206
8342,1,1,0,0,0,1,0,20251222,20260102
8343,0,0,0,0,0,1,1,20251214,20261212
8344,1,1,1,1,1,0,0,20251215,20261211
8345,1,1,1,1,1,1,1,20260425,20260928
8346,1,1,1,1,1,0,0,20251214,20261212
8347,1,1,1,1,1,1,1,20260425,20260928
8348,1,1,1,1,1,0,0,20251214,20261212
8349,1,1,1,1,1,1,1,20251214,20261212
8350,1,1,1,1,1,1,1,20251214,20261212
8351,0,0,0,0,0,0,1,20251214,20261206
8352,1,1,1,1,1,1,0,20251215,20261212
8353,1,1,1,1,1,0,0,20251215,20261211
8354,1,1,1,1,1,0,0,20251215,20261211
8355,0,0,0,0,0,0,1,20251214,20261206
8356,1,1,1,1,1,0,0,20251215,20261211
8357,0,0,0,0,0,1,1,20260425,20260928
8358,0,0,0,0,0,1,1,20260425,20260928
8359,0,0,0,0,0,1,0,20260425,20260926
8360,0,0,0,0,0,1,1,20260425,20260928
8361,0,0,0,0,0,0,1,20260705,20260830
8362,1,1,1,1,1,0,0,20251215,20261211
8363,0,0,0,0,0,1,1,20260425,20260928
8364,0,0,0,0,0,0,1,20260426,20260928
8365,1,1,1,1,1,1,1,20251214,20261212
8366,1,1,1,1,1,1,1,20251214,20261212
8367,1,1,1,1,1,1,1,20251214,20261212
8368,1,1,1,1,1,1,1,20251214,20261212
8369,0,0,0,0,0,0,0,20251215,20261212
8370,0,0,0,1,1,0,1,20251214,20261211
8371,0,0,0,0,0,0,0,20251215,20261212
8372,0,0,0,1,1,0,1,20251214,20261211
8373,1,1,1,1,1,0,0,20251215,20261211
8374,0,0,0,0,0,1,1,20251214,20261212
8375,1,1,1,1,1,0,0,20251215,20261211
8376,1,1,1,1,1,0,0,20251215,20261211
8377,0,0,0,0,0,1,1,20251214,20261212
8378,1,1,1,1,1,0,0,20251215,20261211
8379,1,1,1,1,1,0,0,20251215,20261211
8380,0,0,0,0,0,0,0,20251215,20261211
8381,1,1,1,1,1,0,0,20251215,20261211
8382,1,1,1,1,1,0,0,20251215,20261211
8383,1,1,1,1,1,1,1,20251214,20261212
8384,0,0,0,0,0,1,1,20251214,20261212
8385,0,0,0,0,0,1,1,20251214,20261212
8386,1,1,1,1,1,1,1,20251214,20261212
8387,0,0,0,0,0,0,1,20251214,20261212
8388,0,0,0,0,0,1,1,20251214,20261212
8389,0,0,0,0,0,1,1,20251214,20261212
8390,1,1,1,1,1,0,0,20251215,20261211
8391,1,1,1,1,1,0,0,20251215,20261211
8392,1,1,1,1,1,1,1,20251214,20261212
8393,0,0,0,0,0,0,0,20251215,20261211
8394,1,1,1,1,1,1,1,20251214,20261212
8395,0,0,0,0,0,0,0,20251215,20261211
8396,0,0,0,0,0,1,1,20251214,20261212
8397,1,1,1,1,1,1,1,20251214,20261212
8398,1,1,1,1,1,0,0,20251215,20261211
8399,0,0,0,0,0,1,0,20260328,20261114
8400,1,1,1,1,1,1,1,20251214,20261212
8401,1,1,1,1,1,0,1,20251214,20261212
8402,1,1,1,1,1,1,1,20251214,20261212
8403,1,1,1,1,1,1,1,20251214,20261212
8404,1,1,1,1,1,0,0,20251215,20261211
8405,1,1,1,1,1,0,0,20251215,20261211
8406,1,1,1,1,1,1,1,20251214,20261212
8407,1,1,1,1,1,1,1,20251214,20261212
8408,1,1,1,1,1,1,1,20251214,20261212
8409,1,1,1,1,0,0,1,20251214,20261210
8410,1,1,1,1,1,1,1,20251214,20261212
8411,1,1,1,1,1,1,1,20251214,20261212
8412,1,1,1,1,1,1,1,20251214,20261212
8413,1,1,1,1,1,0,0,20251215,20261211
8414,1,1,1,1,1,1,1,20251214,20261212
8415,0,0,0,0,0,0,0,20251215,20261211
8416,0,0,0,0,0,1,1,20251214,20261212
8417,0,0,0,0,1,1,0,20251219,20261212
8418,1,1,1,1,1,0,0,20251215,20261211
8419,1,1,1,1,1,0,0,20251215,20261211
8420,1,1,1,1,1,0,0,20251215,20261211
8421,0,0,0,0,0,1,0,20251220,20261212
8422,0,0,0,0,0,1,1,20251214,20261212
8423,1,1,1,1,1,1,1,20251214,20261212
8424,1,1,1,1,1,0,1,20251214,20261211
8425,1,1,1,1,1,0,0,20251215,20261211
8426,1,1,1,1,1,1,1,20251214,20261212
8427,1,1,1,1,1,0,0,20251215,20261211
8428,1,1,1,1,1,1,1,20251214,20261212
8429,1,1,1,1,1,1,1,20251214,20261212
8430,1,1,1,1,1,0,0,20251215,20261211
8431,1,1,1,1,1,0,0,20251215,20261211
8432,0,0,0,0,0,1,0,20251220,20261212
8433,1,1,1,1,1,0,1,20251214,20261211
8434,0,0,0,0,0,1,1,20260328,20261117
8435,1,1,1,1,1,0,0,20251215,20261211
8436,1,1,1,1,1,0,0,20251215,20261211
8437,1,1,1,1,1,0,0,20251215,20261211
8438,1,1,1,1,1,0,0,20251214,20261212
8439,0,0,0,0,0,1,1,20251214,20261212
8440,1,1,1,1,1,0,0,20251215,20261211
8441,0,0,0,0,0,1,1,20251214,20261212
8442,1,1,1,1,1,0,0,20251215,20261211
8443,1,1,1,1,1,0,0,20251215,20261211
8444,0,1,1,1,1,1,1,20251214,20261212
8445,1,0,0,0,0,0,0,20251215,20261207
8446,1,1,1,1,1,1,0,20251215,20261212
8447,0,0,0,0,0,0,1,20251214,20261206
8448,1,1,1,1,1,1,0,20251215,20261212
8449,0,0,0,0,0,0,1,20251214,20261206
8450,1,1,1,1,1,0,0,20251214,20261212
8451,1,1,1,1,1,1,0,20251215,20261212
8452,0,0,0,0,0,0,0,20260328,20261101
8453,1,1,1,1,1,1,1,20251214,20261212
8454,0,0,0,0,0,1,1,20260511,20260830
8455,1,1,1,1,1,0,0,20251215,20261211
8456,1,1,1,1,1,1,1,20251214,20261212
8457,1,1,1,1,1,1,1,20251214,20261212
8458,1,1,1,1,1,1,1,20251214,20261212
8459,0,0,0,0,0,0,0,20251215,20261211
8460,1,1,1,1,1,1,1,20251214,20261212
8461,0,0,0,0,0,1,1,20260511,20260830
8462,0,0,0,0,0,0,0,20251214,20261212
8463,0,0,0,0,0,0,0,20251214,20261212
8464,0,0,0,0,0,0,0,20260511,20260830
8465,1,1,1,1,1,1,1,20251214,20261212
8466,1,1,1,1,1,1,1,20251214,20261212
8467,0,0,0,0,0,0,0,20251215,20261211
8468,0,0,0,0,0,0,0,20251215,20261211
8469,1,1,1,1,1,0,0,20251215,20261211
8470,0,0,0,0,0,0,0,20251215,20261211
8471,1,1,1,1,1,0,0,20251215,20261211
8472,1,1,1,1,1,0,0,20251215,20261211
8473,0,0,0,0,0,0,0,20251215,20261211
8474,1,1,1,1,1,0,0,20251215,20261211
8475,0,0,0,0,0,0,0,20251215,20261211
8476,1,1,1,1,1,0,0,20251215,20261211
8477,1,1,1,1,1,1,1,20251214,20261212
8478,1,1,1,1,1,0,0,20251215,20261211
8479,0,0,0,0,0,1,0,20251220,20261212
8480,0,0,0,0,0,0,0,20251215,20261211
8481,1,1,1,1,1,0,0,20251215,20261211
8482,0,0,0,0,0,0,0,20251215,20261210
8483,1,1,1,1,1,0,0,20251215,20261211
8484,0,0,0,0,0,0,0,20251215,20261211
8485,0,0,0,0,1,0,1,20251214,20261211
8486,1,1,1,1,1,0,0,20251215,20261211
8487,1,1,1,1,1,1,1,20251214,20261212
8488,0,0,0,0,0,1,1,20251214,20261212
8489,1,1,1,1,1,1,1,20251214,20261212
8490,0,0,0,0,0,0,0,20251214,20261212
8491,1,1,1,1,1,1,1,20251214,20261212
8492,1,1,1,1,1,1,1,20251214,20261212
8493,0,0,0,0,0,0,0,20251214,20261212
8494,0,0,0,0,0,0,0,20251214,20261212
8495,0,0,0,0,0,0,0,20251214,20261212
8496,1,1,1,1,0,0,0,20251215,20261210
8497,1,1,1,1,1,0,0,20251215,20261211
8498,1,1,1,1,1,0,0,20251215,20261211
8499,0,0,0,0,1,0,0,20251219,20261211
8500,1,1,1,1,1,0,0,20251215,20261211
8501,0,0,0,0,1,0,1,20251214,20261211
8502,1,1,1,1,1,0,0,20251215,20261211
8503,0,0,0,0,0,0,0,20251215,20261210
8504,0,0,0,0,1,0,1,20251214,20261211
8505,0,0,0,0,0,1,0,20251220,20261212
8506,0,0,0,0,0,0,0,20251215,20261210
8507,0,0,0,0,1,0,1,20251214,20261211
8508,0,0,0,0,0,1,0,20260328,20261114
8509,1,1,1,1,1,0,1,20251214,20261212
8510,1,1,1,1,1,0,1,20251214,20261212
8511,0,0,0,0,0,0,0,20260321,20261101
8512,0,0,0,0,1,1,1,20251219,20261211
8513,0,0,0,0,0,0,0,20260321,20261101
8514,1,1,1,1,0,0,0,20251214,20261210
8515,0,0,0,0,0,1,1,20251214,20261212
8516,1,1,1,1,1,0,0,20251215,20261211
8517,1,1,1,1,1,1,1,20251214,20261212
8518,1,1,1,1,1,1,1,20251214,20261212
8519,1,1,1,1,1,1,1,20251214,20261212
8520,1,1,1,1,1,0,0,20251215,20261211
8521,1,1,1,1,1,1,1,20251214,20261212
8522,1,1,1,1,1,1,1,20251214,20261212
8523,1,1,1,1,1,1,0,20251214,20261212
8524,1,1,1,1,1,1,1,20251214,20261212
8525,1,1,1,1,1,1,1,20251214,20261212
8526,0,0,0,0,0,1,0,20251220,20261212
8527,0,0,0,0,0,0,1,20251214,20261206
8528,1,1,1,1,1,1,1,20251214,20261212
8529,1,1,1,1,1,0,0,20251215,20261211
8530,1,1,1,1,1,1,1,20251214,20261212
8531,1,1,1,1,1,0,0,20251215,20261211
8532,1,1,1,1,1,1,1,20251214,20261212
8533,1,1,1,1,1,1,1,20251214,20261212
8534,1,1,1,1,1,0,0,20251215,20261211
8535,1,1,1,1,1,1,1,20251214,20261212
8536,0,0,0,0,0,0,1,20251214,20261206
8537,1,1,1,1,1,0,0,20251215,20261211
8538,1,1,1,1,1,1,1,20251214,20261212
8539,1,1,1,1,1,1,1,20251214,20261212
8540,1,1,1,1,1,0,0,20251215,20261211
8541,1,1,1,1,1,1,1,20251214,20261212
8542,1,1,1,1,1,1,1,20251214,20261212
8543,1,1,1,1,1,1,1,20251214,20261212
8544,1,1,1,1,1,0,1,20251214,20261211
8545,1,1,1,1,1,1,1,20251214,20261212
8546,1,1,1,1,1,1,1,20251214,20261212
8547,1,1,1,1,1,1,1,20251214,20261212
8548,1,1,1,1,1,1,1,20251214,20261212
8549,1,1,1,1,1,1,0,20251215,20261212
8550,1,1,1,1,1,1,1,20251214,20261212
8551,1,1,1,1,1,1,1,20251214,20261212
8552,1,1,1,1,1,1,1,20251214,20261212
8553,1,1,1,1,1,1,1,20251214,20261212
8554,0,0,0,0,0,0,0,20251215,20261212
8555,1,1,1,1,1,0,1,20251214,20261211
8556,1,1,1,1,1,1,1,20251214,20261212
8557,1,1,1,1,1,1,1,20251214,20261212
8558,1,1,1,1,1,1,1,20251214,20261212
8559,1,1,1,1,1,1,1,20251214,20261212
8560,1,1,1,1,1,0,1,20251214,20261211
8561,0,0,0,0,0,1,1,20251214,20261212
8562,0,0,0,0,0,1,1,20251214,20261212
8563,0,0,0,0,0,1,0,20251220,20261212
8564,0,0,0,0,0,0,0,20251214,20261206
8565,0,0,0,0,0,1,0,20251220,20261212
8566,0,0,0,0,0,1,0,20251220,20261212
8567,1,1,1,1,1,0,0,20251215,20261211
8568,1,1,1,1,1,0,0,20251215,20261211
8569,1,1,1,1,1,0,0,20251215,20261211
8570,0,0,0,0,0,1,1,20251214,20261212
8571,1,1,1,1,1,0,0,20251215,20261211
8572,1,1,1,1,1,0,0,20251215,20261211
8573,0,0,0,0,0,1,1,20251214,20261212
8574,1,1,1,1,1,0,0,20251215,20261211
8575,1,1,1,1,1,0,0,20251215,20261211
8576,1,1,1,1,1,0,0,20251215,20261211
8577,1,1,1,1,1,0,0,20251215,20261211
8578,1,1,1,1,1,0,0,20251215,20261211
8579,1,1,1,1,1,0,0,20251215,20261211
8580,1,1,1,1,1,0,0,20251215,20261211
8581,1,1,1,1,1,0,0,20251215,20261211
8582,1,1,1,1,1,0,0,20251215,20261211
8583,0,0,0,0,0,1,1,20251214,20261212
8584,0,0,0,0,0,0,0,20251222,20260831
8585,0,0,0,0,0,1,1,20251214,20261212
8586,0,0,0,0,0,0,0,20251215,20261211
8587,0,0,0,0,0,1,1,20251214,20261212
8588,1,1,1,1,1,0,0,20251215,20261211
8589,1,1,1,1,1,0,0,20251215,20261211
8590,0,0,0,0,0,0,1,20251214,20261206
8591,1,1,1,1,1,0,0,20251215,20261211
8592,1,1,1,1,0,0,0,20251215,20261210
8593,1,1,1,1,1,0,0,20251215,20261211
8594,1,1,1,1,1,0,0,20251215,20261211
8595,0,0,0,0,1,1,0,20251219,20261212
8596,0,0,0,0,0,0,0,20251215,20261210
8597,0,0,0,0,1,0,0,20251219,20261211
8598,1,1,1,1,1,1,1,20251214,20261212
8599,1,1,1,1,1,1,1,20251214,20261212
8600,1,1,1,1,1,1,0,20251215,20261212
8601,1,1,1,1,1,0,0,20251215,20261211
8602,0,0,0,0,0,1,0,20251220,20261212
8603,1,1,1,1,1,1,0,20251215,20261212
8604,1,1,1,1,1,1,1,20251214,20261212
8605,1,1,1,1,1,1,1,20251214,20261212
8606,1,1,1,1,1,1,0,20251215,20261212
8607,0,0,0,0,0,0,1,20251214,20261206
8608,1,1,1,1,1,1,1,20251214,20261212
8609,0,0,0,0,0,0,0,20251219,20261212
8610,1,1,1,1,0,1,1,20251214,20261212
8611,1,1,1,1,1,1,1,20251214,20261212
8612,1,1,1,1,1,1,1,20251214,20261212
8613,1,1,1,1,1,1,1,20251214,20261212
8614,1,1,1,1,1,1,1,20251214,20261212
8615,1,1,1,1,1,1,1,20251214,20261212
8616,0,0,0,0,0,0,1,20251214,20261206
8617,0,1,1,1,1,0,0,20251216,20261211
8618,1,1,1,1,1,0,0,20251215,20261211
8619,1,1,1,1,1,0,0,20251215,20261211
8620,1,1,1,1,1,0,0,20251215,20261211
8621,1,0,0,0,0,0,0,20251215,20261207
8622,1,1,1,1,1,0,0,20251215,20261211
8623,1,1,1,1,1,1,1,20251214,20261212
8624,1,1,1,1,1,0,0,20251215,20261211
8625,0,0,0,0,0,1,1,20251214,20261212
8626,0,0,0,0,0,0,0,20251215,20261211
8627,1,1,1,1,1,1,1,20251214,20261212
8628,1,1,1,1,1,0,0,20251215,20261211
8629,1,1,1,1,1,0,0,20251215,20261211
8630,0,0,0,0,0,1,1,20251214,20261212
8631,0,0,0,0,0,0,0,20251214,20261212
8632,0,0,0,0,0,1,1,20251214,20261212
8633,1,1,1,1,1,1,1,20251214,20261212
8634,1,1,1,1,1,1,1,20251214,20261212
8635,1,1,1,1,1,1,1,20251214,20261212
8636,1,1,1,1,1,1,1,20251214,20261212
8637,1,1,1,1,1,1,1,20251214,20261212
8638,1,1,1,1,1,1,1,20251214,20261212
8639,1,1,1,1,1,1,1,20251214,20261212
8640,0,0,0,0,0,0,0,20251214,20261212
8641,1,1,1,1,1,1,1,20251214,20261212
8642,1,1,1,1,1,1,1,20251214,20261212
8643,1,1,1,1,1,1,1,20251214,20261212
8644,1,1,1,1,1,1,1,20251214,20261212
8645,0,0,0,0,0,1,1,20251214,20261212
8646,1,1,1,1,1,0,0,20251216,20261211
8647,1,1,1,1,1,0,0,20251215,20261211
8648,1,1,1,1,1,1,1,20251214,20260311
8649,1,1,1,1,1,1,1,20251215,20260312
8650,1,1,1,1,0,1,1,20251214,20260311
8651,1,1,1,0,1,0,0,20251215,20260311
8652,1,1,1,1,1,1,1,20251214,20261212
8653,1,1,1,1,1,1,1,20251214,20261212
8654,1,1,1,1,1,1,1,20251214,20261212
8655,1,1,1,1,1,1,1,20251214,20261212
8656,1,1,1,1,1,1,1,20251214,20261212
8657,1,1,1,1,1,0,0,20251215,20261211
8658,1,1,1,1,1,1,1,20251214,20261212
8659,0,0,0,0,0,1,1,20251214,20260308
8660,1,1,1,1,1,1,1,20251214,20261212
8661,1,1,0,0,1,0,0,20251215,20261211
8662,1,1,0,1,1,1,1,20251214,20261212
8663,1,1,1,0,1,1,1,20251214,20261212
8664,1,1,1,1,1,1,1,20251214,20261212
8665,1,1,1,1,1,0,0,20251215,20261211
8666,0,0,0,0,0,1,1,20260328,20261101
8667,1,1,1,1,1,0,0,20251215,20261211
8668,0,0,0,0,0,0,0,20260312,20261212
8669,0,0,0,0,0,0,0,20260312,20261212
8670,0,0,0,0,0,0,0,20260312,20261212
8671,0,0,0,0,0,0,0,20260312,20261212
8672,0,0,0,0,0,0,0,20260313,20261212
8673,0,0,0,0,0,0,0,20260316,20261207
8674,1,0,0,0,0,0,0,20260316,20261207
8675,0,0,0,0,0,0,0,20260312,20261211
8676,0,0,0,0,0,0,0,20260312,20261212
8677,0,0,0,0,0,0,0,20260314,20261212
8678,1,1,1,1,1,0,0,20251215,20261211
8679,1,1,1,1,1,0,0,20251215,20261211
8680,1,1,1,1,1,0,0,20251215,20261211
8681,1,1,1,1,1,0,0,20251215,20261211
8682,1,1,1,1,1,1,1,20251214,20261212
8683,1,1,1,1,1,0,0,20251215,20261211
8684,1,1,1,1,1,1,1,20251214,20261212
8685,1,1,1,1,1,1,1,20251214,20261212
8686,1,1,1,1,1,0,0,20251215,20261211
8687,0,0,0,0,0,0,0,20251222,20260831
8688,0,0,0,0,0,1,1,20251214,20261212
8689,1,1,1,1,1,0,0,20251215,20261211
8690,1,1,1,1,1,0,0,20251215,20261211
8691,1,1,1,1,1,0,0,20251215,20261211
8692,0,0,0,0,0,0,0,20251215,20261211
8693,1,1,1,1,1,0,0,20251215,20261211
8694,1,1,1,1,1,0,0,20251215,20261211
8695,1,1,1,1,1,0,0,20251215,20261211
8696,1,1,1,1,1,0,0,20251215,20261211
8697,0,0,0,0,0,0,0,20251214,20261212
8698,1,1,1,1,1,0,0,20251215,20261211
8699,1,1,1,1,1,1,1,20251214,20261212
8700,1,1,1,1,1,1,1,20251214,20261212
8701,1,1,1,1,1,1,1,20251214,20261212
8702,0,0,0,0,0,1,1,20251214,20261212
8703,1,1,1,1,1,1,1,20251214,20261212
8704,1,1,1,1,1,0,0,20251215,20261211
8705,1,1,1,1,1,1,1,20251214,20261212
8706,1,1,1,1,1,1,1,20251214,20261212
8707,0,0,0,0,0,0,0,20251214,20261212
8708,1,1,1,1,1,0,0,20251215,20261211
8709,0,0,0,0,0,0,0,20251214,20261212
8710,1,1,1,1,1,0,0,20251215,20261211
8711,1,1,1,1,1,1,1,20251214,20261212
8712,1,1,1,1,1,1,1,20251214,20261212
8713,0,0,0,0,0,0,0,20251214,20261212
8714,1,1,1,1,1,1,1,20251214,20261212
8715,1,1,1,1,1,0,0,20251215,20261211
8716,1,1,1,1,1,0,0,20251215,20261211
8717,1,1,1,1,1,1,1,20251214,20261212
8718,1,1,1,1,1,1,1,20251214,20261212
8719,1,1,1,1,1,1,1,20260614,20260930
8720,0,0,0,0,0,1,1,20251214,20261212
8721,1,1,1,1,1,1,1,20260614,20260930
8722,1,1,1,1,1,1,1,20251214,20261212
8723,1,1,1,1,1,1,1,20260614,20260930
8724,1,1,1,1,1,0,0,20260615,20260930
8725,1,1,1,1,1,1,1,20251214,20261212
8726,1,1,1,1,1,0,0,20260615,20260930
8727,0,0,0,0,0,1,1,20260614,20260928
8728,1,1,1,1,1,0,0,20251215,20261211
8729,1,1,1,1,1,1,1,20251214,20261212
8730,1,1,1,1,1,1,1,20251214,20261212
8731,0,0,0,0,0,0,0,20260403,20261028
8732,0,0,0,0,0,0,0,20251214,20261212
8733,0,0,0,0,0,0,0,20251214,20261212
8734,0,0,0,0,0,0,0,20260403,20261028
8735,1,1,1,1,1,0,0,20251215,20261211
8736,1,1,1,1,1,0,0,20251215,20261211
8737,1,1,1,1,1,0,0,20251215,20261211
8738,1,1,1,1,1,0,0,20251215,20261211
8739,1,1,1,1,1,0,0,20251215,20261211
8740,1,1,1,1,1,0,0,20251215,20261211
8741,1,1,1,1,1,0,0,20251215,20261211
8742,1,1,1,1,1,0,0,20251215,20261211
8743,1,1,1,1,1,0,0,20251215,20261211
8744,0,0,0,0,0,0,0,20251215,20261211
8745,1,1,1,1,1,0,0,20251215,20261211
8746,1,1,1,1,1,0,0,20251215,20261211
8747,1,1,1,1,1,0,0,20251215,20261211
8748,1,1,1,1,1,0,0,20251215,20261211
8749,1,1,1,1,1,0,0,20251215,20260227
8750,1,1,1,1,1,0,0,20251215,20261211
8751,1,1,1,1,1,0,0,20251215,20261211
8752,1,1,1,1,1,0,0,20251215,20261211
8753,1,1,1,1,1,0,0,20251215,20261211
8754,1,1,1,1,1,0,0,20251215,20261211
8755,1,1,1,1,1,0,0,20251215,20261211
8756,1,1,1,1,1,0,0,20251215,20261211
8757,1,1,1,1,1,0,0,20251215,20261211
8758,1,1,1,1,1,0,0,20251215,20261211
8759,1,1,1,1,1,0,0,20251215,20261211
8760,1,1,1,1,1,0,0,20251215,20261211
8761,1,1,1,1,1,0,0,20251215,20261211
8762,0,0,0,0,0,1,1,20251214,20261212
8763,1,1,1,1,1,0,0,20260701,20260831
8764,0,0,0,0,0,1,1,20251214,20261212
8765,0,0,0,0,0,1,1,20251214,20261212
8766,0,0,0,0,0,1,1,20251214,20261212
8767,1,1,1,1,1,0,1,20251214,20261212
8768,0,0,0,0,0,0,0,20251214,20261212
8769,1,1,1,1,1,0,0,20251215,20261211
8770,1,0,0,0,1,0,0,20251215,20261211
8771,1,1,1,1,1,1,1,20251214,20260301
8772,1,1,1,1,1,0,0,20251215,20261211
8773,0,0,0,0,0,0,0,20251220,20261212
8774,0,0,0,0,0,0,0,20251220,20261212
8775,0,0,0,0,0,0,0,20251215,20261211
8776,0,0,0,0,0,0,0,20251215,20261211
8777,0,0,0,0,0,0,0,20251219,20261211
8778,0,0,0,0,0,0,0,20251214,20261206
8779,0,0,0,0,0,0,0,20251214,20261206
8780,0,0,0,0,0,0,0,20251214,20261211
8781,0,0,0,0,0,0,0,20251214,20261212
8782,0,0,0,0,0,0,0,20251214,20261206
8783,0,0,0,0,0,0,0,20251215,20261210
8784,0,0,0,0,0,0,0,20251220,20261212
8785,0,0,0,0,0,0,0,20251220,20261212
8786,1,1,1,1,1,1,1,20260301,20261212
8787,0,1,1,1,1,1,0,20251216,20261212
8788,1,1,1,1,1,0,0,20251215,20261211
8789,0,0,0,0,0,1,1,20251214,20261212
8790,1,1,1,1,1,1,1,20251214,20261212
8791,1,1,1,1,1,0,0,20251215,20261211
8792,1,1,0,0,0,1,1,20251214,20261212
8793,0,0,0,0,0,1,1,20251214,20261212
8794,0,1,0,0,0,0,0,20251214,20261212
8795,1,1,1,1,1,0,0,20251214,20261212
8796,1,1,1,1,1,0,0,20251215,20261211
8797,1,1,1,1,1,0,0,20251214,20261212
8798,1,1,1,1,1,0,0,20251214,20261212
8799,1,1,1,1,1,0,0,20251215,20261211
8800,1,1,1,1,1,0,0,20251214,20261212
8801,1,1,1,1,1,0,0,20251214,20261212
8802,1,1,1,1,1,0,0,20251214,20261212
8803,1,1,1,1,1,1,1,20251214,20261212
8804,1,1,1,1,1,1,1,20251214,20261212
8805,1,1,1,1,1,0,1,20251214,20261211
8806,1,1,1,1,1,0,0,20251214,20261212
8807,1,1,1,1,1,1,1,20251214,20261212
8808,1,1,1,1,1,0,0,20251215,20261211
8809,0,0,0,0,0,1,1,20251214,20261212
8810,0,0,0,0,0,0,0,20251214,20261212
8811,0,0,0,0,0,0,0,20251214,20261212
8812,1,1,1,1,1,1,1,20251214,20261212
8813,0,0,0,0,0,0,0,20251214,20261212
8814,1,1,1,1,1,0,0,20251215,20261211
8815,1,1,1,1,1,1,1,20251214,20261212
8816,1,1,1,1,1,0,0,20251215,20261211
8817,1,1,1,1,1,1,1,20251214,20260228
8818,1,1,1,1,1,0,0,20251215,20261211
8819,1,1,1,1,1,1,1,20251214,20261212
8820,1,1,1,1,1,1,1,20251214,20261212
8821,1,1,1,1,1,1,1,20251214,20260429
8822,1,1,1,0,0,0,0,20251215,20261211
8823,0,0,0,0,0,0,0,20260615,20261211
8824,0,0,0,0,0,0,0,20251214,20261212
8825,0,0,0,0,0,0,0,20251214,20261212
8826,1,1,1,1,1,0,0,20251214,20261212
8827,1,1,0,0,0,0,0,20251215,20261211
8828,0,0,0,0,0,0,0,20251214,20261212
8829,0,0,0,0,0,0,0,20260615,20261211
8830,1,1,1,1,1,0,0,20251215,20260612
8831,1,1,1,0,0,0,0,20251215,20261211
8832,1,1,1,1,1,1,1,20251214,20261212
8833,1,1,1,1,1,1,1,20251214,20261212
8834,1,0,0,0,0,0,0,20251214,20261212
8835,0,1,0,0,0,0,0,20251214,20261212
8836,0,0,0,0,0,1,1,20251214,20261212
8837,1,1,1,0,0,0,0,20251215,20261211
8838,1,1,0,0,0,0,0,20251215,20261211
8839,1,1,0,0,0,0,0,20251215,20261211
8840,1,1,0,1,0,0,1,20251214,20261212
8841,1,0,0,0,0,0,0,20251214,20261212
8842,0,1,0,0,0,0,0,20251214,20261212
8843,1,1,1,1,1,1,1,20251214,20261212
8844,1,1,1,1,1,0,0,20251215,20261211
8845,1,1,1,1,1,0,0,20251215,20261211
8846,1,1,1,1,1,0,0,20251215,20261211
8847,0,0,0,0,0,0,1,20251214,20261206
8848,1,1,1,1,1,1,1,20251214,20260331
8849,1,1,1,1,1,1,1,20251214,20260228
8850,1,1,1,1,1,0,1,20251214,20261211
8851,1,1,0,1,1,1,1,20251214,20260429
8852,1,1,1,1,1,1,0,20251215,20261212
8853,0,0,0,0,0,0,0,20251214,20261206
8854,0,0,0,0,0,0,1,20251214,20261206
8855,0,0,0,0,0,1,1,20251214,20261212
8856,1,1,1,1,1,0,0,20251215,20261211
8857,1,1,1,1,1,0,0,20251215,20261211
8858,1,1,1,1,1,1,1,20251214,20261212
8859,1,1,1,1,1,0,0,20251215,20261211
8860,1,1,1,1,1,1,1,20251214,20261212
8861,0,0,0,0,0,0,0,20251214,20261212
8862,0,0,0,0,0,0,0,20251214,20261212
8863,1,1,1,1,1,0,0,20260615,20261211
8864,1,0,0,0,1,1,1,20260321,20261211
8865,0,0,0,0,0,1,1,20260321,20261101
8866,0,0,0,0,0,1,1,20260321,20261101
8867,0,0,0,0,0,1,0,20251220,20261212
8868,0,0,0,0,0,1,1,20251214,20261212
8869,1,1,1,0,0,0,0,20251215,20261211
8870,0,0,0,0,0,0,1,20251214,20261212
8871,0,0,0,0,0,1,1,20251214,20261212
8872,0,0,0,0,0,1,1,20251214,20261212
8873,0,0,0,0,0,0,0,20251215,20261211
8874,0,0,0,0,0,0,0,20251214,20261211
8875,0,0,0,0,0,1,1,20251214,20261212
8876,0,0,0,0,0,0,0,20251219,20261211
8877,1,1,1,1,0,1,0,20251215,20261212
8878,0,0,0,0,0,1,1,20251214,20261212
8879,1,1,1,1,1,0,0,20251215,20261211
8880,1,1,1,1,1,0,0,20251215,20261211
8881,1,1,1,1,1,1,1,20251214,20261212
8882,0,0,0,0,0,1,1,20251214,20261212
8883,1,1,1,1,1,1,1,20251214,20261212
8884,1,1,1,1,1,1,1,20251214,20261212
8885,1,1,1,1,1,1,1,20251214,20261212
8886,1,1,1,1,1,1,1,20251220,20261028
8887,1,1,1,1,1,1,1,20251220,20261028
8888,1,1,1,1,1,1,1,20251214,20261212
8889,1,1,1,1,1,1,1,20251214,20261212
8890,1,1,1,1,1,1,1,20251220,20261028
8891,1,1,1,1,1,1,1,20251220,20261212
8892,1,1,1,1,1,1,1,20251220,20261212
8893,1,1,1,1,1,1,1,20251220,20261025
8894,0,0,0,0,0,0,0,20260321,20261211
8895,0,0,0,0,0,0,0,20251214,20261212
8896,0,0,0,0,1,0,0,20251219,20261211
8897,1,1,1,1,1,0,0,20251215,20261211
8898,1,1,1,1,1,1,1,20251220,20261028
8899,1,1,1,1,1,1,1,20251220,20261028
8900,1,1,1,1,0,0,1,20251214,20261210
8901,0,0,0,0,1,0,0,20251219,20261211
8902,0,0,0,0,0,0,0,20251219,20261211
8903,0,0,0,0,0,0,0,20251214,20261212
8904,1,1,1,1,1,0,0,20260511,20260629
8905,1,1,1,1,1,1,1,20260302,20261212
8906,1,1,1,1,1,1,1,20251215,20260301
8907,1,0,0,0,0,0,1,20251214,20261207
8908,1,1,1,1,1,1,1,20260301,20261212
8909,0,0,0,0,0,0,0,20260302,20260331
8910,1,1,1,1,1,0,0,20251215,20261211
8911,0,0,0,0,0,1,1,20251214,20261212
8912,0,0,0,0,1,0,1,20251214,20261211
8913,0,0,0,0,0,0,0,20251215,20261207
8914,0,0,0,0,0,1,1,20251214,20261212
8915,0,0,0,0,0,1,0,20251220,20261212
8916,0,0,0,0,0,1,1,20251214,20261212
8917,0,0,0,0,1,0,0,20251219,20261211
8918,0,0,0,0,0,1,0,20251220,20261212
8919,0,0,0,0,0,1,1,20251214,20261212
8920,1,1,1,1,1,1,1,20251214,20260613
8921,1,1,1,1,1,1,1,20251214,20260612
8922,0,0,0,0,0,1,1,20251214,20261212
8923,0,0,0,0,0,0,0,20251214,20261212
8924,0,0,0,0,0,1,1,20251214,20261212
8925,1,1,1,1,1,0,0,20251215,20261211
8926,1,1,1,1,1,1,0,20251215,20261212
8927,0,0,0,0,0,0,1,20251214,20261206
8928,0,0,0,0,0,1,1,20251214,20261212
8929,0,0,0,0,0,1,1,20251214,20261212
8930,0,0,0,0,0,1,1,20251214,20261212
8931,0,0,0,0,0,1,1,20251214,20261212
8932,0,0,0,0,0,1,1,20251214,20261212
8933,1,0,0,0,0,0,0,20260316,20261207
8934,1,0,0,0,0,0,0,20260316,20261207
8935,1,0,0,0,0,0,0,20260316,20261207
8936,1,0,0,0,0,0,0,20260316,20261207
8937,1,0,0,0,0,0,0,20260316,20261207
8938,1,0,0,0,0,0,0,20260601,20260824
8939,1,1,1,1,1,1,0,20251215,20261212
8940,0,0,0,0,0,1,1,20251214,20261212
8941,1,1,1,1,1,0,0,20251215,20261211
8942,1,1,1,1,1,0,0,20251215,20261211
8943,1,1,1,1,1,0,0,20251215,20261211
8944,1,1,1,1,1,0,0,20251215,20261211
8945,0,0,0,0,1,0,1,20251214,20261211
8946,0,0,0,0,1,1,0,20251219,20261212
8947,0,0,0,0,1,0,0,20251219,20261211
8948,0,0,0,0,0,0,0,20260321,20261108
8949,1,1,1,1,1,1,1,20251214,20261212
8950,0,0,0,0,0,0,1,20260705,20261206
8951,0,0,0,0,0,0,1,20260706,20261206
8952,0,0,0,0,0,0,1,20260705,20261206
8953,0,0,0,0,0,1,1,20251214,20261212
8954,1,0,0,0,0,0,0,20260701,20261211
8955,1,1,1,1,1,0,0,20260701,20261211
8956,1,1,1,1,1,1,1,20260701,20261212
8957,1,1,1,1,1,1,1,20260701,20261212
8958,0,0,0,0,0,0,0,20260701,20261212
8959,0,0,0,0,0,1,1,20260704,20261212
8960,1,1,1,1,1,0,0,20260701,20261211
8961,1,1,1,1,1,0,0,20260701,20261211
8962,0,0,0,0,0,1,1,20260704,20261212
8963,1,1,1,1,1,1,1,20251214,20261212
8964,1,1,1,1,1,1,1,20251214,20261212
8965,1,1,1,1,1,0,0,20251215,20261211
8966,1,1,1,1,1,0,0,20251215,20261211
8967,1,1,1,1,1,1,1,20251214,20261212
8968,1,1,1,1,1,0,0,20251215,20261211
8969,1,1,1,1,1,0,0,20251215,20261211
8970,0,0,0,0,0,1,1,20251214,20261212
8971,0,0,0,0,0,1,1,20251214,20261212
8972,0,0,0,0,0,1,1,20251214,20261212
8973,0,0,0,0,0,1,1,20251214,20261212
8974,1,1,1,1,1,1,1,20260216,20261212
8975,1,1,1,1,1,1,1,20260216,20261212
8976,0,0,0,0,0,0,0,20260704,20261212
8977,0,0,0,0,0,0,0,20251214,20261212
8978,0,0,0,0,0,1,0,20251220,20261212
8979,0,0,0,0,0,1,1,20251214,20261212
8980,0,0,0,0,0,1,1,20251214,20261212
8981,0,0,0,0,0,0,1,20251214,20261206
8982,0,0,0,0,0,0,0,20251215,20261211
8983,0,0,0,0,0,1,1,20251214,20261212
8984,0,0,0,0,0,1,0,20251220,20261212
8985,0,0,0,0,1,0,0,20251219,20261211
8986,1,1,1,1,1,0,0,20260302,20261211
8987,0,0,0,0,0,1,1,20260425,20260830
8988,0,0,0,0,0,0,0,20260425,20260830
8989,1,1,1,1,1,0,0,20251215,20261211
8990,0,0,0,0,0,0,1,20251214,20260628
8991,0,0,0,0,0,0,1,20251214,20261206
8992,0,0,0,0,0,0,0,20251214,20261212
8993,0,0,0,0,0,0,0,20261003,20261122
8994,0,0,0,0,0,0,0,20260425,20261122
8995,0,0,0,0,1,0,0,20260501,20260508
8996,0,0,0,0,0,1,0,20251220,20261212
8997,0,0,0,0,0,0,1,20251214,20261206
8998,0,0,0,0,0,1,0,20251220,20261212
8999,0,0,0,0,0,0,0,20251214,20260928
9000,1,1,1,1,1,0,0,20251215,20261211
9001,1,1,1,1,1,0,0,20251215,20261211
9002,0,0,0,0,0,1,1,20251214,20261212
9003,0,0,0,0,0,0,1,20261129,20261129
9004,0,0,0,0,0,1,0,20251220,20261212
9005,0,0,0,0,0,1,1,20251214,20261212
9006,0,0,0,0,0,1,1,20251214,20261212
9007,0,0,0,0,0,1,0,20251220,20261212
9008,0,0,0,0,0,1,1,20251214,20261212
9009,0,0,0,0,0,1,1,20251214,20261212
9010,0,0,0,0,0,1,1,20260321,20261108
9011,0,0,0,0,0,1,1,20260321,20261108
9012,0,0,0,0,0,1,1,20251214,20261212
9013,0,0,0,0,0,1,0,20260425,20260927
9014,0,0,0,0,0,0,1,20260426,20260928
9015,0,0,0,0,0,0,1,20251214,20261206
9016,0,0,0,0,0,0,0,20251228,20261117
9017,0,0,0,0,0,0,0,20260130,20260402
9018,0,0,0,0,0,0,0,20251214,20261212
9019,0,0,0,1,1,0,0,20251226,20260101
9020,0,0,0,0,0,0,0,20251214,20261212
9021,0,0,0,0,0,0,0,20260102,20261116
9022,0,0,0,0,0,0,0,20260102,20261116
9023,0,0,0,0,0,0,0,20251214,20261212
9024,0,0,0,0,0,0,0,20260927,20261010
9025,0,0,1,1,1,0,0,20251224,20251226
9026,0,0,0,0,0,0,0,20251226,20260927
9027,0,0,0,0,0,0,0,20251226,20260927
9028,0,0,0,0,0,0,0,20251230,20261116
9029,0,0,0,0,0,0,0,20251222,20260102
9030,0,0,0,0,0,1,1,20260403,20261031
9031,0,0,0,0,0,0,0,20251223,20260928
9032,0,0,1,0,0,0,0,20251215,20260301
9033,0,0,0,0,0,0,0,20260430,20261212
9034,0,0,0,0,0,0,1,20251214,20261206
9035,1,1,1,1,1,1,1,20260523,20260831
9036,1,1,1,1,1,0,0,20260430,20261210
9037,1,1,1,1,1,1,1,20260430,20261212
9038,1,1,0,1,1,1,1,20260501,20261212
9039,1,0,1,1,1,1,1,20260430,20261212
9040,0,0,0,0,0,0,0,20260430,20261212
9041,0,0,0,0,0,0,0,20260928,20261117
9042,0,0,0,0,0,0,0,20260425,20261010
9043,1,1,1,1,1,1,1,20260430,20261212
9044,0,0,0,0,0,1,1,20260501,20261212
9045,1,1,1,1,1,1,1,20260302,20261212
9046,0,0,0,0,0,0,0,20260724,20261211
9047,1,1,1,1,1,0,0,20251215,20261211
9048,0,0,0,0,0,0,0,20260312,20261212
9049,1,1,0,0,0,0,0,20251215,20261211
9050,0,0,0,0,0,1,1,20251214,20261212
9051,1,1,0,0,0,1,1,20251214,20261212
9052,0,0,0,0,0,0,0,20251215,20261212
9053,0,0,0,0,0,0,0,20251214,20261206
9054,1,1,1,1,1,0,1,20251214,20261211
9055,0,0,0,0,0,0,0,20260425,20260912
9056,0,0,0,0,0,1,1,20251214,20261212
9057,0,1,1,1,1,1,1,20251214,20261212
9058,0,0,0,0,0,1,1,20260501,20260928
9059,0,0,0,0,0,1,0,20251220,20261212
9060,0,0,0,0,0,0,0,20260501,20260926
9061,0,1,1,1,1,1,0,20251216,20261212
9062,0,0,0,0,1,0,0,20251219,20261211
9063,0,0,0,0,0,0,0,20251222,20261116
9064,0,0,0,0,0,0,0,20251221,20261115
9065,0,0,0,0,0,0,0,20251224,20260101
9066,0,0,0,0,0,0,0,20260530,20260822
9067,0,0,0,0,0,0,0,20251216,20261212
9068,0,0,0,0,0,0,0,20251214,20261210
9069,0,0,0,0,0,0,1,20251214,20261206
9070,0,0,0,0,0,0,0,20251220,20261212
9071,0,0,0,0,0,0,0,20251214,20261206
